{
  "sourceDataInfo": {
    "newsID": "EC_M02_156036",
    "newsCategory": "경제",
    "newsSubcategory": "자동차",
    "newsTitle": "한국타이어 제작 폐타이어 재활용 신발, 매진 행렬",
    "newsSubTitle": "200켤레 완판에 100켤레 추가 판매 진행",
    "newsContent": "한국타이어가 만든 폐타이어 재활용 신발이 인기몰이를 하고 있다.\n한국타이어앤테크놀로지(이하 한국타이어)와 타이어 업사이클링 슈즈 스타트업 브랜드 '트레드 앤 그루브(Tread & Groove)'가 타이어를 재활용해 제작한 스니커즈 추가 제작분 100켤레를 오는 25일부터 판매한다고 13일 밝혔다.\n업사이클이란 버려지는 제품을 단순히 재활용하는 차원을 넘어 디자인을 가미하는 등 부가가치를 창출해 새 제품으로 만드는 일체의 행위를 말한다.\n한국타이어와 트레드앤그루브는 타이어를 재활용해 친환경 제품으로 재탄생시키는 콜라보레이션 '프로젝트 변신'을 진행했다.\n한국타이어는 작은 흠집 등으로 판매가 어려운 타이어를 제공하고, 이를 트레드앤그루브에서 신발 밑창(아웃솔)에 적용해 환경친화적 한정판 스니커즈 '에이치케이 그루비'를 만들어냈다.\n에이치케이 그루비는 타이어 표면 고무 부분인 트레드만 분리해 화학 공정 없이 그대로 아웃솔로 제작한 신발로 일반 밑창보다 약 2.9배 높은 접지력과 약 1.5배 우수한 내마모도를 갖고 있다.\n총 200켤레 한정판으로 준비한 협업 상품은 지난 6월부터 예약 판매를 진행했으며 현재 준비한 물량이 모두 소진돼 100켤레를 추가로 생산하여 판매하기로 했다.\n한국타이어 관계자는 데일리임팩트에 \\\"판매가 어렵거나 버려지는 재활용 타이어로 만들어진 신발은 한 켤레당 약 9kg의 이산화탄소 절감 효과를 갖는다\\\"며 \\\"이번 프로젝트를 통해 제작된 총 300켤레의 스니커즈를 통해 약 2700kg의 탄소 배출 저감 효과가 있을 것\\\"이라고 밝혔다.",
    "partNum": "P1",
    "useType": 0,
    "processType": "D",
    "processPattern": "16",
    "processLevel": "상",
    "sentenceCount": 8,
    "sentenceInfo": [
      {
        "sentenceNo": 1,
        "sentenceContent": "한국타이어가 만든 폐타이어 재활용 신발이 인기몰이를 하고 있다.",
        "sentenceSize": 35
      },
      {
        "sentenceNo": 2,
        "sentenceContent": "한국타이어앤테크놀로지(이하 한국타이어)와 타이어 업사이클링 슈즈 스타트업 브랜드 '트레드 앤 그루브(Tread & Groove)'가 타이어를 재활용해 제작한 스니커즈 추가 제작분 100켤레를 오는 25일부터 판매한다고 13일 밝혔다.",
        "sentenceSize": 130
      },
      {
        "sentenceNo": 3,
        "sentenceContent": "업사이클이란 버려지는 제품을 단순히 재활용하는 차원을 넘어 디자인을 가미하는 등 부가가치를 창출해 새 제품으로 만드는 일체의 행위를 말한다.",
        "sentenceSize": 78
      },
      {
        "sentenceNo": 4,
        "sentenceContent": "한국타이어와 트레드앤그루브는 타이어를 재활용해 친환경 제품으로 재탄생시키는 콜라보레이션 '프로젝트 변신'을 진행했다.",
        "sentenceSize": 65
      },
      {
        "sentenceNo": 5,
        "sentenceContent": "한국타이어는 작은 흠집 등으로 판매가 어려운 타이어를 제공하고, 이를 트레드앤그루브에서 신발 밑창(아웃솔)에 적용해 환경친화적 한정판 스니커즈 '에이치케이 그루비'를 만들어냈다.",
        "sentenceSize": 99
      },
      {
        "sentenceNo": 6,
        "sentenceContent": "에이치케이 그루비는 타이어 표면 고무 부분인 트레드만 분리해 화학 공정 없이 그대로 아웃솔로 제작한 신발로 일반 밑창보다 약 2.9배 높은 접지력과 약 1.5배 우수한 내마모도를 갖고 있다.",
        "sentenceSize": 106
      },
      {
        "sentenceNo": 7,
        "sentenceContent": "총 200켤레 한정판으로 준비한 협업 상품은 지난 6월부터 예약 판매를 진행했으며 현재 준비한 물량이 모두 소진돼 100켤레를 추가로 생산하여 판매하기로 했다.",
        "sentenceSize": 89
      },
      {
        "sentenceNo": 8,
        "sentenceContent": "한국타이어 관계자는 데일리임팩트에 \\\"판매가 어렵거나 버려지는 재활용 타이어로 만들어진 신발은 한 켤레당 약 9kg의 이산화탄소 절감 효과를 갖는다\\\"며 \\\"이번 프로젝트를 통해 제작된 총 300켤레의 스니커즈를 통해 약 2700kg의 탄소 배출 저감 효과가 있을 것\\\"이라고 밝혔다.",
        "sentenceSize": 159
      }
    ]
  },
  "labeledDataInfo": {
    "newTitle": "업사이클 시장의 파격적인 성장, 이젠 매진까지...",
    "clickbaitClass": 0,
    "referSentenceInfo": [
      {
        "sentenceNo": 1,
        "referSentenceyn": "N"
      },
      {
        "sentenceNo": 2,
        "referSentenceyn": "N"
      },
      {
        "sentenceNo": 3,
        "referSentenceyn": "N"
      },
      {
        "sentenceNo": 4,
        "referSentenceyn": "Y"
      },
      {
        "sentenceNo": 5,
        "referSentenceyn": "N"
      },
      {
        "sentenceNo": 6,
        "referSentenceyn": "N"
      },
      {
        "sentenceNo": 7,
        "referSentenceyn": "N"
      },
      {
        "sentenceNo": 8,
        "referSentenceyn": "N"
      }
    ]
  }
}