{
  "sourceDataInfo": {
    "newsID": "EC_M02_158001",
    "newsCategory": "경제",
    "newsSubcategory": "은행",
    "newsTitle": "KB국민은행, 7억 달러 규모 글로벌 지속가능채권 발행 성공",
    "newsSubTitle": "ESG채권 발행…친환경 및 친사회적 사업 지원",
    "newsContent": "KB국민은행은 7억 달러 규모의 선순위 지속가능채권 발행에 성공했다고 10일 밝혔다.\n이번에 발행한 글로벌 채권은 3년 만기 4억 달러, 5년 만기 3억 달러로 구성된 국민은행의 첫 '듀얼 트랜치(Dual-Tranche)'다.\n금리는 각각 동일 만기 미국채 금리에 60bp(1bp=0.01%p)와 70bp를 가산한 2.20%, 2.492%로 확정됐다.\n이번 발행한 채권은 지속가능(Sustainability) 형태다.\n조달 자금은 KB국민은행 지속가능 금융 관리체계에 해당하는 친환경 및 사회 프로젝트 지원에 사용될 예정이다.\n특히, 총 190여개 기관이 참여해 전체 발행 금액 7억 달러의 4배 수준인 27억 달러 규모의 주문을 확보하면서 가산금리를 최초 제시금리 대비 30bp 축소할 수 있었다는 게 국민은행측의 설명이다.\nKB국민은행 관계자는 데일리임팩트에 \\\"지난 2018년 국내 시중은행 최초로 외화 지속가능채권을 발행한 이후 지금까지 총 9차례 외화 ESG채권을 발행에 성공했다\\\"고 귀띔했다.\n한편, 이번 지속가능채권 발행 주관은 HSBC, KB증권 홍콩법인, 스탠다드 챠터드(Standard Chartered) 등 8곳에서 담당했다.\nKB국민은행 관계자는 \\\"특히 이번 채권 발행 성공을 통해 현재 그룹과 당행이 적극 추진 중인 ESG경영이 투자자로부터 긍정적 평가를 받았다는 점에서도 큰 의미가 있다\\\"고 밝혔다.",
    "partNum": "P1",
    "useType": 0,
    "processType": "D",
    "processPattern": "11",
    "processLevel": "하",
    "sentenceCount": 9,
    "sentenceInfo": [
      {
        "sentenceNo": 1,
        "sentenceContent": "KB국민은행은 7억 달러 규모의 선순위 지속가능채권 발행에 성공했다고 10일 밝혔다.",
        "sentenceSize": 47
      },
      {
        "sentenceNo": 2,
        "sentenceContent": "이번에 발행한 글로벌 채권은 3년 만기 4억 달러, 5년 만기 3억 달러로 구성된 국민은행의 첫 '듀얼 트랜치(Dual-Tranche)'다.",
        "sentenceSize": 78
      },
      {
        "sentenceNo": 3,
        "sentenceContent": "금리는 각각 동일 만기 미국채 금리에 60bp(1bp=0.01%p)와 70bp를 가산한 2.20%, 2.492%로 확정됐다.",
        "sentenceSize": 69
      },
      {
        "sentenceNo": 4,
        "sentenceContent": "이번 발행한 채권은 지속가능(Sustainability) 형태다.",
        "sentenceSize": 36
      },
      {
        "sentenceNo": 5,
        "sentenceContent": "조달 자금은 KB국민은행 지속가능 금융 관리체계에 해당하는 친환경 및 사회 프로젝트 지원에 사용될 예정이다.",
        "sentenceSize": 60
      },
      {
        "sentenceNo": 6,
        "sentenceContent": "특히, 총 190여개 기관이 참여해 전체 발행 금액 7억 달러의 4배 수준인 27억 달러 규모의 주문을 확보하면서 가산금리를 최초 제시금리 대비 30bp 축소할 수 있었다는 게 국민은행측의 설명이다.",
        "sentenceSize": 111
      },
      {
        "sentenceNo": 7,
        "sentenceContent": "KB국민은행 관계자는 데일리임팩트에 \\\"지난 2018년 국내 시중은행 최초로 외화 지속가능채권을 발행한 이후 지금까지 총 9차례 외화 ESG채권을 발행에 성공했다\\\"고 귀띔했다.",
        "sentenceSize": 99
      },
      {
        "sentenceNo": 8,
        "sentenceContent": "한편, 이번 지속가능채권 발행 주관은 HSBC, KB증권 홍콩법인, 스탠다드 챠터드(Standard Chartered) 등 8곳에서 담당했다.",
        "sentenceSize": 79
      },
      {
        "sentenceNo": 9,
        "sentenceContent": "KB국민은행 관계자는 \\\"특히 이번 채권 발행 성공을 통해 현재 그룹과 당행이 적극 추진 중인 ESG경영이 투자자로부터 긍정적 평가를 받았다는 점에서도 큰 의미가 있다\\\"고 밝혔다.",
        "sentenceSize": 101
      }
    ]
  },
  "labeledDataInfo": {
    "newTitle": "7억 달러 규모로 KB국민은행이 성공한 것은?",
    "clickbaitClass": 0,
    "referSentenceInfo": [
      {
        "sentenceNo": 1,
        "referSentenceyn": "Y"
      },
      {
        "sentenceNo": 2,
        "referSentenceyn": "N"
      },
      {
        "sentenceNo": 3,
        "referSentenceyn": "N"
      },
      {
        "sentenceNo": 4,
        "referSentenceyn": "N"
      },
      {
        "sentenceNo": 5,
        "referSentenceyn": "N"
      },
      {
        "sentenceNo": 6,
        "referSentenceyn": "N"
      },
      {
        "sentenceNo": 7,
        "referSentenceyn": "N"
      },
      {
        "sentenceNo": 8,
        "referSentenceyn": "N"
      },
      {
        "sentenceNo": 9,
        "referSentenceyn": "N"
      }
    ]
  }
}