{
  "sourceDataInfo": {
    "newsID": "EC_M02_157767",
    "newsCategory": "경제",
    "newsSubcategory": "은행",
    "newsTitle": "IBK기업銀, 고객과 함께하는 ESG 이벤트 실시",
    "newsSubTitle": "'IBK D-day적금' 가입하고 ESG 다짐 등록하면 연 0.2%p 특별우대금리 제공",
    "newsContent": "IBK기업은행은 오는 6월11일까지 환경보호, 나눔 등 ESG(환경·사회·지배구조) 실천 다짐을 등록한 고객에게 우대금리를 제공하는 '차카게 살자' 이벤트를 실시한다고 10일 밝혔다.\n이벤트 참여는 모바일 뱅킹 'i-ONE뱅크'에서 'IBK D-day적금'을 가입하고 계좌 별칭에 '전기차 구입할게요', '텀블러 이용할게요' 등 ESG 실천 다짐을 등록하면 된다.\n기업은행은 별칭을 등록한 선착순 1만명에게 특별우대금리 0.2%p(포인트)를 제공한다.\n금리는 이벤트 종료 후 자동 반영된다.\n또한 추첨을 통해 전기자전거, 고체 샴푸바, 식물키우기 키트 등 친환경 경품을 제공키로 했다.\n아울러 기업은행은 '차카게 살자' 이벤트를 기념해 저소득층 여성청소년에게 유기농 보건 위생용품을 전달할 계획이다.\n기업은행 관계자는 미디어SR에 \\\"이번 이벤트로 고객들이 ESG에 대해 관심을 갖고 일상생활에서 실천하는 문화가 정착되길 기대한다\\\"고 말했다.",
    "partNum": "P1",
    "useType": 0,
    "processType": "D",
    "processPattern": "11",
    "processLevel": "하",
    "sentenceCount": 7,
    "sentenceInfo": [
      {
        "sentenceNo": 1,
        "sentenceContent": "IBK기업은행은 오는 6월11일까지 환경보호, 나눔 등 ESG(환경·사회·지배구조) 실천 다짐을 등록한 고객에게 우대금리를 제공하는 '차카게 살자' 이벤트를 실시한다고 10일 밝혔다.",
        "sentenceSize": 102
      },
      {
        "sentenceNo": 2,
        "sentenceContent": "이벤트 참여는 모바일 뱅킹 'i-ONE뱅크'에서 'IBK D-day적금'을 가입하고 계좌 별칭에 '전기차 구입할게요', '텀블러 이용할게요' 등 ESG 실천 다짐을 등록하면 된다.",
        "sentenceSize": 100
      },
      {
        "sentenceNo": 3,
        "sentenceContent": "기업은행은 별칭을 등록한 선착순 1만명에게 특별우대금리 0.2%p(포인트)를 제공한다.",
        "sentenceSize": 48
      },
      {
        "sentenceNo": 4,
        "sentenceContent": "금리는 이벤트 종료 후 자동 반영된다.",
        "sentenceSize": 21
      },
      {
        "sentenceNo": 5,
        "sentenceContent": "또한 추첨을 통해 전기자전거, 고체 샴푸바, 식물키우기 키트 등 친환경 경품을 제공키로 했다.",
        "sentenceSize": 52
      },
      {
        "sentenceNo": 6,
        "sentenceContent": "아울러 기업은행은 '차카게 살자' 이벤트를 기념해 저소득층 여성청소년에게 유기농 보건 위생용품을 전달할 계획이다.",
        "sentenceSize": 63
      },
      {
        "sentenceNo": 7,
        "sentenceContent": "기업은행 관계자는 미디어SR에 \\\"이번 이벤트로 고객들이 ESG에 대해 관심을 갖고 일상생활에서 실천하는 문화가 정착되길 기대한다\\\"고 말했다.",
        "sentenceSize": 80
      }
    ]
  },
  "labeledDataInfo": {
    "newTitle": "IBK기업銀, 고객과 함께하는 ESG 이벤트 실시, 우대금리 제공 조건은?",
    "clickbaitClass": 0,
    "referSentenceInfo": [
      {
        "sentenceNo": 1,
        "referSentenceyn": "Y"
      },
      {
        "sentenceNo": 2,
        "referSentenceyn": "N"
      },
      {
        "sentenceNo": 3,
        "referSentenceyn": "N"
      },
      {
        "sentenceNo": 4,
        "referSentenceyn": "N"
      },
      {
        "sentenceNo": 5,
        "referSentenceyn": "N"
      },
      {
        "sentenceNo": 6,
        "referSentenceyn": "N"
      },
      {
        "sentenceNo": 7,
        "referSentenceyn": "N"
      }
    ]
  }
}