{
  "sourceDataInfo": {
    "newsID": "EC_M02_160678",
    "newsCategory": "경제",
    "newsSubcategory": "은행",
    "newsTitle": "하나은행, 유언대용신탁 '봉안플랜신탁' 상품 선봬",
    "newsSubTitle": "'최대 1억원' 금융자산관리…사후셀프 장지 플랜 제공",
    "newsContent": "하나은행은 초고령사회 진입에 따라 신탁을 통한 고품격 장묘서비스를 이용할 수 있는 '봉안플랜신탁' 상품을 출시한다고 6일 밝혔다.\n이번 '봉안플랜신탁'은 자녀에게 부담을 덜어주고 싶은 부모세대와 부모님의 봉안시설을 걱정하는 자녀세대를 위한 상품으로 기획‧출시됐다.\n봉안플랜신탁은 입출금이 자유롭고 최소 1만원에서 최대 1억원까지 상품 가입이 가능하다.\n본인 또는 가족의 유고 시 용인공원에 장지비용 만큼 지급되고 남은 금액에 대해서는 법정 상속된다.\n하나은행 관계자는 데일리임팩트에 \\\"이밖에 용인공원 봉안당 시설 및 용인공원 상조상품 이용 시 20% 할인, 상속·증여·후견 컨설팅의 서비스도 제공된다\\\"고 설명했다.\n특히 하나은행은 이번 상품 출시를 통해 △자녀가 태어난 시점(사전증여신탁) △투자가 필요한 시점(100년 운용신탁) △나이가 들어 요양비 및 생활비 등 관리가 필요한 시점(100년 운용신탁 케어형)까지 생애여정 플랜 서비스의 상품라인업을 완벽하게 갖추게 됐다.\n한편, 지난 2010년 4월 금융권 최초 유언대용신탁인 '하나 Living Trust'을 출시한 하나은행은 이후 치매안심신탁, 장애인신탁, 후견신탁 등 다양한 자산관리 플랜을 통해 상속‧증여 및 후견 지원 등 상황에 맞춘 생활지원 금융 서비스를 제공하고 있다.",
    "partNum": "P1",
    "useType": 0,
    "processType": "D",
    "processPattern": "15",
    "processLevel": "중",
    "sentenceCount": 7,
    "sentenceInfo": [
      {
        "sentenceNo": 1,
        "sentenceContent": "하나은행은 초고령사회 진입에 따라 신탁을 통한 고품격 장묘서비스를 이용할 수 있는 '봉안플랜신탁' 상품을 출시한다고 6일 밝혔다.",
        "sentenceSize": 72
      },
      {
        "sentenceNo": 2,
        "sentenceContent": "이번 '봉안플랜신탁'은 자녀에게 부담을 덜어주고 싶은 부모세대와 부모님의 봉안시설을 걱정하는 자녀세대를 위한 상품으로 기획‧출시됐다.",
        "sentenceSize": 74
      },
      {
        "sentenceNo": 3,
        "sentenceContent": "봉안플랜신탁은 입출금이 자유롭고 최소 1만원에서 최대 1억원까지 상품 가입이 가능하다.",
        "sentenceSize": 48
      },
      {
        "sentenceNo": 4,
        "sentenceContent": "본인 또는 가족의 유고 시 용인공원에 장지비용 만큼 지급되고 남은 금액에 대해서는 법정 상속된다.",
        "sentenceSize": 54
      },
      {
        "sentenceNo": 5,
        "sentenceContent": "하나은행 관계자는 데일리임팩트에 \\\"이밖에 용인공원 봉안당 시설 및 용인공원 상조상품 이용 시 20% 할인, 상속·증여·후견 컨설팅의 서비스도 제공된다\\\"고 설명했다.",
        "sentenceSize": 93
      },
      {
        "sentenceNo": 6,
        "sentenceContent": "특히 하나은행은 이번 상품 출시를 통해 △자녀가 태어난 시점(사전증여신탁) △투자가 필요한 시점(100년 운용신탁) △나이가 들어 요양비 및 생활비 등 관리가 필요한 시점(100년 운용신탁 케어형)까지 생애여정 플랜 서비스의 상품라인업을 완벽하게 갖추게 됐다.",
        "sentenceSize": 145
      },
      {
        "sentenceNo": 7,
        "sentenceContent": "한편, 지난 2010년 4월 금융권 최초 유언대용신탁인 '하나 Living Trust'을 출시한 하나은행은 이후 치매안심신탁, 장애인신탁, 후견신탁 등 다양한 자산관리 플랜을 통해 상속‧증여 및 후견 지원 등 상황에 맞춘 생활지원 금융 서비스를 제공하고 있다.",
        "sentenceSize": 145
      }
    ]
  },
  "labeledDataInfo": {
    "newTitle": "하나은행, 초고령사회에 맞춰 업계 최초 장지비용 지원 '봉안플랜신탁' 출시",
    "clickbaitClass": 0,
    "referSentenceInfo": [
      {
        "sentenceNo": 1,
        "referSentenceyn": "Y"
      },
      {
        "sentenceNo": 2,
        "referSentenceyn": "N"
      },
      {
        "sentenceNo": 3,
        "referSentenceyn": "N"
      },
      {
        "sentenceNo": 4,
        "referSentenceyn": "N"
      },
      {
        "sentenceNo": 5,
        "referSentenceyn": "N"
      },
      {
        "sentenceNo": 6,
        "referSentenceyn": "N"
      },
      {
        "sentenceNo": 7,
        "referSentenceyn": "N"
      }
    ]
  }
}