{
  "sourceDataInfo": {
    "newsID": "EC_M02_160550",
    "newsCategory": "경제",
    "newsSubcategory": "은행",
    "newsTitle": "공인인증서 폐지 D-7…시중은행 '혼란 No, 준비는 끝났다'",
    "newsSubTitle": "20여개 시중 은행은 '금융인증서' 도입 확정 자체 인증서비스 개발하며 차별화도 모색",
    "newsContent": "공인인증서 제도 폐지가 일주일 앞으로 다가오면서 새로운 인증체계 도입을 위한 은행권의 움직임이 분주하기만 하다.\n금융결제원이 발급하는 금융인증서 도입을 검토함과 동시에, 별도의 독자적인 자체 인증서도 준비 중이다.\n다만 은행별로 각기 다른 인증체계를 도입할 경우, 소비자들의 혼란이 가중될 수 있다는 우려도 제기된다.\n3일 금융업계에 따르면 1주일 앞으로 다가온 공인인증서 폐지 시점(10일)을 앞두고 국내 주요 시중은행들은 새로운 인증체계 도입을 위한 막바지 작업에 한창이다.\n금융결제원은 기존 공인인증서보다 편의성을 높인 새로운 인증체계 '금융인증서' 서비스를 공개했다.\n금융인증서는 발급 즉시 자동으로 클라우드 서버에 저장돼 USB, 하드디스크 등 물리적 저장 장치가 필요없다는 장점을 갖췄다.\n또한 추가 프로그램 설치 없이 숫자로 구성된 6자리의 간편 비밀번호, 생체인증, 패턴 등으로 인증이 가능하다.\n유효기간은 3년인데, 별도의 작업없이 자동 연장 된다.\n금융인증서의 가장 큰 장점은 '범용성'이다.\n이미 우리은행, KB국민은행, 신한은행, 하나은행 등 22곳의 국내 시중은행이 도입을 결정했다.\n한번만 발급받으면 도입한 대다수 은행에서 사용할 수 있다는 점이 강점이다.\n예를 들어 우리은행을 통해 금융인증서를 발급 받았다고 해도 신한은행이나 하나은행 등 여타 은행의 업무에서도 해당 인증서 사용이 가능하다는 의미다.\n금융결제원 관계자는 미디어SR에 \\\"현행 전자서명법 신원확인 절차에 준해 기존 공인인증서와 동일한 신뢰성을 확보했다\\\"며 \\\"또 복사 및 이동을 금지해 금융인증서 분실 및 유출 가능성도 원천 차단했다\\\"라고 말했다.\n이미 우리은행은 금융결제원의 금융인증서를 자사 서비스에 최적화한 'WON금융인증서'를 지난달 출시해 운영하고 있다.\n우리은행 관계자는 \\\"오는 10일 공인인증서 폐지를 앞두고 선제적 대응을 위해 지난달 17일 시중 은행 중 가장 먼저 'WON금융인증서'를 적용했다\\\"며 \\\"간편한 인증방식이 호응을 얻으며 가입자도 꾸준히 증가하고 있다\\\"고 말했다.\n한편, 일부 은행에서는 범용 금융인증서에 더해 자체적으로 준비한 독자 인증체계를 선보이고 있다.\nKB국민은행은 지난해 모바일 인증 서비스인 'KB모바일인증서'를 출시했다.\n하나은행도 지난 8월 안면인증이 가능한 '하나원큐 모바일 인증' 서비스를 도입했다.\n신한은행은 12월 중 출시를 목표로 자체 인증서비스의 막바지 준비에 한창이다.\n자체 인증서는 한계가 뚜렷하다.\n발급받은 금융사에서만 사용이 가능하기 때문에 범용성이 떨어진다.\n그럼에도 일부 은행들이 자체 인증서에 관심을 갖는 이유는 바로 '플랫폼으로서의 가치' 때문이다.\n은행업계 관계자는 미디어SR에 \\\"타 은행에서의 사용은 불가능 하지만 같은 금융그룹 내의 은행, 증권, 보험사에서는 호환이 가능하다\\\"며 \\\"궁극적으로는 자체 인증서를 사업 확장 및 신규 고객 유치를 위한 플랫폼으로 활용코자 할 것\\\"이라고 설명했다.\n한편 지난 5월 국회를 통과한 전자서명법 개정안에 따라 오는 10일부터 공인인증서 제도가 폐지된다.\n정확히는 공인인증서의 '독점적 지위'가 사라지는 것이다.\n물론 기존 공인인증서의 사용은 10일 이후에도 가능하다.\n하지만 번거로운 보안프로그램 설치, 짧은 유효기간 등 단점이 많아 사실상 '용도 폐기'의 수순을 밟을 가능성이 높다.",
    "partNum": "P1",
    "useType": 0,
    "processType": "D",
    "processPattern": "15",
    "processLevel": "중",
    "sentenceCount": 27,
    "sentenceInfo": [
      {
        "sentenceNo": 1,
        "sentenceContent": "공인인증서 제도 폐지가 일주일 앞으로 다가오면서 새로운 인증체계 도입을 위한 은행권의 움직임이 분주하기만 하다.",
        "sentenceSize": 62
      },
      {
        "sentenceNo": 2,
        "sentenceContent": "금융결제원이 발급하는 금융인증서 도입을 검토함과 동시에, 별도의 독자적인 자체 인증서도 준비 중이다.",
        "sentenceSize": 56
      },
      {
        "sentenceNo": 3,
        "sentenceContent": "다만 은행별로 각기 다른 인증체계를 도입할 경우, 소비자들의 혼란이 가중될 수 있다는 우려도 제기된다.",
        "sentenceSize": 57
      },
      {
        "sentenceNo": 4,
        "sentenceContent": "3일 금융업계에 따르면 1주일 앞으로 다가온 공인인증서 폐지 시점(10일)을 앞두고 국내 주요 시중은행들은 새로운 인증체계 도입을 위한 막바지 작업에 한창이다.",
        "sentenceSize": 89
      },
      {
        "sentenceNo": 5,
        "sentenceContent": "금융결제원은 기존 공인인증서보다 편의성을 높인 새로운 인증체계 '금융인증서' 서비스를 공개했다.",
        "sentenceSize": 53
      },
      {
        "sentenceNo": 6,
        "sentenceContent": "금융인증서는 발급 즉시 자동으로 클라우드 서버에 저장돼 USB, 하드디스크 등 물리적 저장 장치가 필요없다는 장점을 갖췄다.",
        "sentenceSize": 69
      },
      {
        "sentenceNo": 7,
        "sentenceContent": "또한 추가 프로그램 설치 없이 숫자로 구성된 6자리의 간편 비밀번호, 생체인증, 패턴 등으로 인증이 가능하다.",
        "sentenceSize": 61
      },
      {
        "sentenceNo": 8,
        "sentenceContent": "유효기간은 3년인데, 별도의 작업없이 자동 연장 된다.",
        "sentenceSize": 30
      },
      {
        "sentenceNo": 9,
        "sentenceContent": "금융인증서의 가장 큰 장점은 '범용성'이다.",
        "sentenceSize": 24
      },
      {
        "sentenceNo": 10,
        "sentenceContent": "이미 우리은행, KB국민은행, 신한은행, 하나은행 등 22곳의 국내 시중은행이 도입을 결정했다.",
        "sentenceSize": 53
      },
      {
        "sentenceNo": 11,
        "sentenceContent": "한번만 발급받으면 도입한 대다수 은행에서 사용할 수 있다는 점이 강점이다.",
        "sentenceSize": 41
      },
      {
        "sentenceNo": 12,
        "sentenceContent": "예를 들어 우리은행을 통해 금융인증서를 발급 받았다고 해도 신한은행이나 하나은행 등 여타 은행의 업무에서도 해당 인증서 사용이 가능하다는 의미다.",
        "sentenceSize": 81
      },
      {
        "sentenceNo": 13,
        "sentenceContent": "금융결제원 관계자는 미디어SR에 \\\"현행 전자서명법 신원확인 절차에 준해 기존 공인인증서와 동일한 신뢰성을 확보했다\\\"며 \\\"또 복사 및 이동을 금지해 금융인증서 분실 및 유출 가능성도 원천 차단했다\\\"라고 말했다.",
        "sentenceSize": 120
      },
      {
        "sentenceNo": 14,
        "sentenceContent": "이미 우리은행은 금융결제원의 금융인증서를 자사 서비스에 최적화한 'WON금융인증서'를 지난달 출시해 운영하고 있다.",
        "sentenceSize": 64
      },
      {
        "sentenceNo": 15,
        "sentenceContent": "우리은행 관계자는 \\\"오는 10일 공인인증서 폐지를 앞두고 선제적 대응을 위해 지난달 17일 시중 은행 중 가장 먼저 'WON금융인증서'를 적용했다\\\"며 \\\"간편한 인증방식이 호응을 얻으며 가입자도 꾸준히 증가하고 있다\\\"고 말했다.",
        "sentenceSize": 130
      },
      {
        "sentenceNo": 16,
        "sentenceContent": "한편, 일부 은행에서는 범용 금융인증서에 더해 자체적으로 준비한 독자 인증체계를 선보이고 있다.",
        "sentenceSize": 53
      },
      {
        "sentenceNo": 17,
        "sentenceContent": "KB국민은행은 지난해 모바일 인증 서비스인 'KB모바일인증서'를 출시했다.",
        "sentenceSize": 41
      },
      {
        "sentenceNo": 18,
        "sentenceContent": "하나은행도 지난 8월 안면인증이 가능한 '하나원큐 모바일 인증' 서비스를 도입했다.",
        "sentenceSize": 46
      },
      {
        "sentenceNo": 19,
        "sentenceContent": "신한은행은 12월 중 출시를 목표로 자체 인증서비스의 막바지 준비에 한창이다.",
        "sentenceSize": 43
      },
      {
        "sentenceNo": 20,
        "sentenceContent": "자체 인증서는 한계가 뚜렷하다.",
        "sentenceSize": 17
      },
      {
        "sentenceNo": 21,
        "sentenceContent": "발급받은 금융사에서만 사용이 가능하기 때문에 범용성이 떨어진다.",
        "sentenceSize": 35
      },
      {
        "sentenceNo": 22,
        "sentenceContent": "그럼에도 일부 은행들이 자체 인증서에 관심을 갖는 이유는 바로 '플랫폼으로서의 가치' 때문이다.",
        "sentenceSize": 53
      },
      {
        "sentenceNo": 23,
        "sentenceContent": "은행업계 관계자는 미디어SR에 \\\"타 은행에서의 사용은 불가능 하지만 같은 금융그룹 내의 은행, 증권, 보험사에서는 호환이 가능하다\\\"며 \\\"궁극적으로는 자체 인증서를 사업 확장 및 신규 고객 유치를 위한 플랫폼으로 활용코자 할 것\\\"이라고 설명했다.",
        "sentenceSize": 140
      },
      {
        "sentenceNo": 24,
        "sentenceContent": "한편 지난 5월 국회를 통과한 전자서명법 개정안에 따라 오는 10일부터 공인인증서 제도가 폐지된다.",
        "sentenceSize": 55
      },
      {
        "sentenceNo": 25,
        "sentenceContent": "정확히는 공인인증서의 '독점적 지위'가 사라지는 것이다.",
        "sentenceSize": 31
      },
      {
        "sentenceNo": 26,
        "sentenceContent": "물론 기존 공인인증서의 사용은 10일 이후에도 가능하다.",
        "sentenceSize": 31
      },
      {
        "sentenceNo": 27,
        "sentenceContent": "하지만 번거로운 보안프로그램 설치, 짧은 유효기간 등 단점이 많아 사실상 '용도 폐기'의 수순을 밟을 가능성이 높다.",
        "sentenceSize": 65
      }
    ]
  },
  "labeledDataInfo": {
    "newTitle": "금융결재원, '금융인증서' 서비스 공개... 편의성 높인 최고의 인증체계",
    "clickbaitClass": 0,
    "referSentenceInfo": [
      {
        "sentenceNo": 1,
        "referSentenceyn": "N"
      },
      {
        "sentenceNo": 2,
        "referSentenceyn": "N"
      },
      {
        "sentenceNo": 3,
        "referSentenceyn": "N"
      },
      {
        "sentenceNo": 4,
        "referSentenceyn": "Y"
      },
      {
        "sentenceNo": 5,
        "referSentenceyn": "N"
      },
      {
        "sentenceNo": 6,
        "referSentenceyn": "N"
      },
      {
        "sentenceNo": 7,
        "referSentenceyn": "N"
      },
      {
        "sentenceNo": 8,
        "referSentenceyn": "N"
      },
      {
        "sentenceNo": 9,
        "referSentenceyn": "N"
      },
      {
        "sentenceNo": 10,
        "referSentenceyn": "N"
      },
      {
        "sentenceNo": 11,
        "referSentenceyn": "N"
      },
      {
        "sentenceNo": 12,
        "referSentenceyn": "N"
      },
      {
        "sentenceNo": 13,
        "referSentenceyn": "N"
      },
      {
        "sentenceNo": 14,
        "referSentenceyn": "N"
      },
      {
        "sentenceNo": 15,
        "referSentenceyn": "N"
      },
      {
        "sentenceNo": 16,
        "referSentenceyn": "N"
      },
      {
        "sentenceNo": 17,
        "referSentenceyn": "N"
      },
      {
        "sentenceNo": 18,
        "referSentenceyn": "N"
      },
      {
        "sentenceNo": 19,
        "referSentenceyn": "N"
      },
      {
        "sentenceNo": 20,
        "referSentenceyn": "N"
      },
      {
        "sentenceNo": 21,
        "referSentenceyn": "N"
      },
      {
        "sentenceNo": 22,
        "referSentenceyn": "N"
      },
      {
        "sentenceNo": 23,
        "referSentenceyn": "N"
      },
      {
        "sentenceNo": 24,
        "referSentenceyn": "N"
      },
      {
        "sentenceNo": 25,
        "referSentenceyn": "N"
      },
      {
        "sentenceNo": 26,
        "referSentenceyn": "N"
      },
      {
        "sentenceNo": 27,
        "referSentenceyn": "N"
      }
    ]
  }
}