{
  "sourceDataInfo": {
    "newsID": "EC_M02_156352",
    "newsCategory": "경제",
    "newsSubcategory": "산업",
    "newsTitle": "방통위, 가상화폐거래소·O2O 보안 실태조사",
    "newsSubTitle": "",
    "newsContent": "방송통신위원회(위원장 이효성)가 최근 개인정보 유출 사고가 발생한 가상화폐거래소와 O2O 업체를 대상으로 개인정보 취급 실태 점검에 나섰다.\n방통위는 한국인터넷진흥원(원장 김석환)과 함께 2일부터 가상화폐 취급업소, O2O 사업자를 대상으로 개인정보 취급 운영 실태조사를 실시한다고 밝혔다.\n이번 조사는 최근 가상통화를 노린 잇따른 해킹사고의 발생으로 이용자 개인정보의 침해 우려가 있어 실시하는 것으로, 접속자 수가 많은 가상통화 취급업소, 금융기관에서 운영하는 쇼핑·여행·부동산 관련 앱과 차량공유·카풀·인테리어 등 O2O서비스 앱 중 다운로드 수가 많은 앱을 제공하는 사업자를 대상으로 한다.\n방통위는 정보통신망법에 적시된 개인정보의 수집, 이용, 제공, 파기 과정과 스마트폰 앱 접근 권한, 이용자 권리 등에 대해서도 살펴본 후 위반사항이 있는지 잡아낼 계획이다.\n양기철 방통위 개인정보침해조사과장은 3일 미디어SR에 \\\"법에 명시된 보호조치를 제대로 취하지 않은 경우, 과징금과 과태료를 부과하는 등의 행정처분을 할 예정\\\"이라고 밝혔다.\n이어, \\\"최근 가상화폐 취급업소에 대한 빈번한 해킹사고로 이용자의 금전적 피해 우려가 높다\\\"며 \\\"방통위 차원에서 해킹을 방지하기는 힘들지만, 개인정보에 관한 위반사항을 적발하는 역할을 할 수 있다\\\"고 말했다.\n방통위는 지난해 10월부터 12월까지 국내 가상 화폐 거래소들을 대상으로 시행한 조사에서 가상 화폐 거래소 8곳이 개인정보 보호 규정 위반으로 과태료 1억4100만원을 물린 바 있다.\n방통위는 이번 조사에서 시정조치 처분을 받은 가상화폐 거래소 8개사에 대한 후속조치 이행 여부도 함께 점검한다.\n빗썸 이상엽 홍보실장은 미디어SR에 \\\"작년 과태료와 과징금을 각각 1500만 원, 4350만 원을 물었고, 방통위에서 제시한 시정 조치 또한 잘 수행했다\\\"며 \\\"최근 해킹 사건이 있었던 만큼, 서버 보안에 힘쓰고 있고 연 내에 ISMS(정보보호관리체계) 인증을 마무리 할 계획\\\"이라고 밝혔다.\n이번 조사에 관해서는 \\\"(방통위가) 연례적으로 실시하는 실태조사로, 가상화폐 거래소들을 겨냥한 조사는 아닌 것 같다\\\"고 덧붙였다.",
    "partNum": "P1",
    "useType": 0,
    "processType": "D",
    "processPattern": "14",
    "processLevel": "중",
    "sentenceCount": 10,
    "sentenceInfo": [
      {
        "sentenceNo": 1,
        "sentenceContent": "방송통신위원회(위원장 이효성)가 최근 개인정보 유출 사고가 발생한 가상화폐거래소와 O2O 업체를 대상으로 개인정보 취급 실태 점검에 나섰다.",
        "sentenceSize": 78
      },
      {
        "sentenceNo": 2,
        "sentenceContent": "방통위는 한국인터넷진흥원(원장 김석환)과 함께 2일부터 가상화폐 취급업소, O2O 사업자를 대상으로 개인정보 취급 운영 실태조사를 실시한다고 밝혔다.",
        "sentenceSize": 83
      },
      {
        "sentenceNo": 3,
        "sentenceContent": "이번 조사는 최근 가상통화를 노린 잇따른 해킹사고의 발생으로 이용자 개인정보의 침해 우려가 있어 실시하는 것으로, 접속자 수가 많은 가상통화 취급업소, 금융기관에서 운영하는 쇼핑·여행·부동산 관련 앱과 차량공유·카풀·인테리어 등 O2O서비스 앱 중 다운로드 수가 많은 앱을 제공하는 사업자를 대상으로 한다.",
        "sentenceSize": 171
      },
      {
        "sentenceNo": 4,
        "sentenceContent": "방통위는 정보통신망법에 적시된 개인정보의 수집, 이용, 제공, 파기 과정과 스마트폰 앱 접근 권한, 이용자 권리 등에 대해서도 살펴본 후 위반사항이 있는지 잡아낼 계획이다.",
        "sentenceSize": 96
      },
      {
        "sentenceNo": 5,
        "sentenceContent": "양기철 방통위 개인정보침해조사과장은 3일 미디어SR에 \\\"법에 명시된 보호조치를 제대로 취하지 않은 경우, 과징금과 과태료를 부과하는 등의 행정처분을 할 예정\\\"이라고 밝혔다.",
        "sentenceSize": 98
      },
      {
        "sentenceNo": 6,
        "sentenceContent": "이어, \\\"최근 가상화폐 취급업소에 대한 빈번한 해킹사고로 이용자의 금전적 피해 우려가 높다\\\"며 \\\"방통위 차원에서 해킹을 방지하기는 힘들지만, 개인정보에 관한 위반사항을 적발하는 역할을 할 수 있다\\\"고 말했다.",
        "sentenceSize": 120
      },
      {
        "sentenceNo": 7,
        "sentenceContent": "방통위는 지난해 10월부터 12월까지 국내 가상 화폐 거래소들을 대상으로 시행한 조사에서 가상 화폐 거래소 8곳이 개인정보 보호 규정 위반으로 과태료 1억4100만원을 물린 바 있다.",
        "sentenceSize": 102
      },
      {
        "sentenceNo": 8,
        "sentenceContent": "방통위는 이번 조사에서 시정조치 처분을 받은 가상화폐 거래소 8개사에 대한 후속조치 이행 여부도 함께 점검한다.",
        "sentenceSize": 62
      },
      {
        "sentenceNo": 9,
        "sentenceContent": "빗썸 이상엽 홍보실장은 미디어SR에 \\\"작년 과태료와 과징금을 각각 1500만 원, 4350만 원을 물었고, 방통위에서 제시한 시정 조치 또한 잘 수행했다\\\"며 \\\"최근 해킹 사건이 있었던 만큼, 서버 보안에 힘쓰고 있고 연 내에 ISMS(정보보호관리체계) 인증을 마무리 할 계획\\\"이라고 밝혔다.",
        "sentenceSize": 166
      },
      {
        "sentenceNo": 10,
        "sentenceContent": "이번 조사에 관해서는 \\\"(방통위가) 연례적으로 실시하는 실태조사로, 가상화폐 거래소들을 겨냥한 조사는 아닌 것 같다\\\"고 덧붙였다.",
        "sentenceSize": 74
      }
    ]
  },
  "labeledDataInfo": {
    "newTitle": "방통위, 이용자 '극대노' 유발하는 가상화폐거래소·O2O 보안 실태조사 나선다",
    "clickbaitClass": 0,
    "referSentenceInfo": [
      {
        "sentenceNo": 1,
        "referSentenceyn": "Y"
      },
      {
        "sentenceNo": 2,
        "referSentenceyn": "N"
      },
      {
        "sentenceNo": 3,
        "referSentenceyn": "N"
      },
      {
        "sentenceNo": 4,
        "referSentenceyn": "N"
      },
      {
        "sentenceNo": 5,
        "referSentenceyn": "N"
      },
      {
        "sentenceNo": 6,
        "referSentenceyn": "N"
      },
      {
        "sentenceNo": 7,
        "referSentenceyn": "N"
      },
      {
        "sentenceNo": 8,
        "referSentenceyn": "N"
      },
      {
        "sentenceNo": 9,
        "referSentenceyn": "N"
      },
      {
        "sentenceNo": 10,
        "referSentenceyn": "N"
      }
    ]
  }
}