{
  "sourceDataInfo": {
    "newsID": "EC_M02_156039",
    "newsCategory": "경제",
    "newsSubcategory": "건설부동산",
    "newsTitle": "제일건설, '제일풍경채 원주 무실' 13일까지 정당계약",
    "newsSubTitle": "지하 2층~지상 32층, 7개동 대단지 구성 정당계약 9일부터 13일까지 진행",
    "newsContent": "전타입 51대 1로 전타입 1순위 청약 마감을 한 '제일풍경채 원주 무실'이 오는 9일부터 13일까지 정당계약을 진행한다고 1일 밝혔다.\n제일풍경채 원주 무실은 지하 2층에서 지상 32층까지 7개동, 총 997가구 규모의 대단지다.\n전용면적별로는 △93㎡ 696가구 △116㎡ 243가구 △135㎡ 58가구로 높은 중대형 타입으로 구성된다.\n단지는 강원도 원주시 무실동 일원에 조성되며 제일건설이 시공사다.\n제일풍경채 원주 무실은 민간공원 특례사업으로 진행돼며 26만㎡에 달하는 원주중앙근린공원2구역을 품었다.\n단지가 들어서는 무실동은 남원주IC가 가까워 중앙고속도로, 영동고속도로 등을 통해 경기 및 영동지역으로 이동이 편리하다.\n제일건설 분양관계자는 데일리임팩트에 \\\"견본주택은 강원도 원주시 무실동에 위치한다\\\"라며 \\\"단지는 도시의 스카이라인을 바꾸는 최고 32층의 고층 아파트로 지어져 도심과 공원을 내려다보는 조망권을 누릴 수 있다\\\"고 덧붙였다.",
    "partNum": "P1",
    "useType": 0,
    "processType": "D",
    "processPattern": "16",
    "processLevel": "상",
    "sentenceCount": 7,
    "sentenceInfo": [
      {
        "sentenceNo": 1,
        "sentenceContent": "전타입 51대 1로 전타입 1순위 청약 마감을 한 '제일풍경채 원주 무실'이 오는 9일부터 13일까지 정당계약을 진행한다고 1일 밝혔다.",
        "sentenceSize": 76
      },
      {
        "sentenceNo": 2,
        "sentenceContent": "제일풍경채 원주 무실은 지하 2층에서 지상 32층까지 7개동, 총 997가구 규모의 대단지다.",
        "sentenceSize": 52
      },
      {
        "sentenceNo": 3,
        "sentenceContent": "전용면적별로는 △93㎡ 696가구 △116㎡ 243가구 △135㎡ 58가구로 높은 중대형 타입으로 구성된다.",
        "sentenceSize": 60
      },
      {
        "sentenceNo": 4,
        "sentenceContent": "단지는 강원도 원주시 무실동 일원에 조성되며 제일건설이 시공사다.",
        "sentenceSize": 36
      },
      {
        "sentenceNo": 5,
        "sentenceContent": "제일풍경채 원주 무실은 민간공원 특례사업으로 진행돼며 26만㎡에 달하는 원주중앙근린공원2구역을 품었다.",
        "sentenceSize": 57
      },
      {
        "sentenceNo": 6,
        "sentenceContent": "단지가 들어서는 무실동은 남원주IC가 가까워 중앙고속도로, 영동고속도로 등을 통해 경기 및 영동지역으로 이동이 편리하다.",
        "sentenceSize": 67
      },
      {
        "sentenceNo": 7,
        "sentenceContent": "제일건설 분양관계자는 데일리임팩트에 \\\"견본주택은 강원도 원주시 무실동에 위치한다\\\"라며 \\\"단지는 도시의 스카이라인을 바꾸는 최고 32층의 고층 아파트로 지어져 도심과 공원을 내려다보는 조망권을 누릴 수 있다\\\"고 덧붙였다.",
        "sentenceSize": 126
      }
    ]
  },
  "labeledDataInfo": {
    "newTitle": "제일건설, \"스카이라인 바꿔 조망권 누리게 해드립니다\" ",
    "clickbaitClass": 0,
    "referSentenceInfo": [
      {
        "sentenceNo": 1,
        "referSentenceyn": "N"
      },
      {
        "sentenceNo": 2,
        "referSentenceyn": "N"
      },
      {
        "sentenceNo": 3,
        "referSentenceyn": "N"
      },
      {
        "sentenceNo": 4,
        "referSentenceyn": "N"
      },
      {
        "sentenceNo": 5,
        "referSentenceyn": "N"
      },
      {
        "sentenceNo": 6,
        "referSentenceyn": "N"
      },
      {
        "sentenceNo": 7,
        "referSentenceyn": "Y"
      }
    ]
  }
}