{
  "sourceDataInfo": {
    "newsID": "EC_M02_158149",
    "newsCategory": "경제",
    "newsSubcategory": "은행",
    "newsTitle": "농협은행, 금융권 최초 마이데이터에서 '가상자산 정보' 제공",
    "newsSubTitle": "빗썸과 업무제휴…NH마이데이터 자산관리 기능 고도화",
    "newsContent": "NH농협은행은 가상화폐 거래소 빗썸코리아와 가상자산정보 조회를 위한 업무제휴계약을 체결했다고 31일 밝혔다.\n이번 업무제휴를 통해 빗썸코리아는 농협은행에게 고객의 가상자산 보유현황을 안전하게 조회할 수 있도록 기업형 API(데이터 전송 프로그램)를 제공한다.\n농협은행은 이를 이용해 'NH마이데이터'의 자산관리 기능을 고도화할 예정이다.\n농협은행 관계자는 데일리임팩트에 \\\"특히 이번 협약으로 금융권 최초로 마이데이터 서비스에서 고객의 가상자산 보유현황을 보여줄 수 있게 됐다\\\"라고 설명했다.\n한편, 이번 제휴를 통해 'NH마이데이터' 고객은 오는 7월부터 금융자산과 실물자산은 물론이고 가상자산까지 관리할 수 있게 된다.\n심현섭 데이터사업부장은 \\\"현재 주요 가상자산거래소와의 제휴 서비스 발굴을 위해 추가 협상중으로, 앞으로도 여러 회사들과의 전략적 제휴를 이어 나가겠다\\\"고 말했다.",
    "partNum": "P1",
    "useType": 0,
    "processType": "D",
    "processPattern": "11",
    "processLevel": "하",
    "sentenceCount": 6,
    "sentenceInfo": [
      {
        "sentenceNo": 1,
        "sentenceContent": "NH농협은행은 가상화폐 거래소 빗썸코리아와 가상자산정보 조회를 위한 업무제휴계약을 체결했다고 31일 밝혔다.",
        "sentenceSize": 60
      },
      {
        "sentenceNo": 2,
        "sentenceContent": "이번 업무제휴를 통해 빗썸코리아는 농협은행에게 고객의 가상자산 보유현황을 안전하게 조회할 수 있도록 기업형 API(데이터 전송 프로그램)를 제공한다.",
        "sentenceSize": 83
      },
      {
        "sentenceNo": 3,
        "sentenceContent": "농협은행은 이를 이용해 'NH마이데이터'의 자산관리 기능을 고도화할 예정이다.",
        "sentenceSize": 43
      },
      {
        "sentenceNo": 4,
        "sentenceContent": "농협은행 관계자는 데일리임팩트에 \\\"특히 이번 협약으로 금융권 최초로 마이데이터 서비스에서 고객의 가상자산 보유현황을 보여줄 수 있게 됐다\\\"라고 설명했다.",
        "sentenceSize": 87
      },
      {
        "sentenceNo": 5,
        "sentenceContent": "한편, 이번 제휴를 통해 'NH마이데이터' 고객은 오는 7월부터 금융자산과 실물자산은 물론이고 가상자산까지 관리할 수 있게 된다.",
        "sentenceSize": 72
      },
      {
        "sentenceNo": 6,
        "sentenceContent": "심현섭 데이터사업부장은 \\\"현재 주요 가상자산거래소와의 제휴 서비스 발굴을 위해 추가 협상중으로, 앞으로도 여러 회사들과의 전략적 제휴를 이어 나가겠다\\\"고 말했다.",
        "sentenceSize": 92
      }
    ]
  },
  "labeledDataInfo": {
    "newTitle": "NH농협은행, 코인거래소 빗썸 제휴 체결... '가상자산 정보' 제공하나?",
    "clickbaitClass": 0,
    "referSentenceInfo": [
      {
        "sentenceNo": 1,
        "referSentenceyn": "N"
      },
      {
        "sentenceNo": 2,
        "referSentenceyn": "Y"
      },
      {
        "sentenceNo": 3,
        "referSentenceyn": "N"
      },
      {
        "sentenceNo": 4,
        "referSentenceyn": "N"
      },
      {
        "sentenceNo": 5,
        "referSentenceyn": "N"
      },
      {
        "sentenceNo": 6,
        "referSentenceyn": "N"
      }
    ]
  }
}