{
  "sourceDataInfo": {
    "newsID": "EC_M02_158156",
    "newsCategory": "경제",
    "newsSubcategory": "IT·통신",
    "newsTitle": "네이버, 신입 개발자 인턴십 공채 '투트랙' 채용",
    "newsSubTitle": "관심분야에 따라 ‘인턴십’과 ‘공채’ 전형 운영",
    "newsContent": "네이버가 신입 및 인턴 개발자 채용에 나선다. 7일 네이버는 '트랙 인턴십'과 '트랙 공채' 두 가지 전형으로 올해 개발자 채용에 나선다고 밝혔다.\n이날부터 진행되는 트랙 인턴십은 예비 개발자 대상으로 하며, 조직과 직무를 선택해 지원할 수 있는 전형이다.\n1‧2차 면접을 거쳐 합격 후 4주간 인턴십을 실시한다.\n이후 소정의 평가를 거쳐 9월 중 최종 입사하게 된다.\n이어 오는 17일부터 열리는 트랙 공채는 여러 기술 분야에 관심 있는 예비 개발자 대상으로, 입사 후 설명회를 듣고 조직과 직무를 선택할 수 있다.\n트랙 공채는 1‧2차 면접 후 10월 중 최종 입사가 결정되며, 네이버 내 각 부서·직무에 대한 설명회를 들은 후 자신에게 적합한 부서·직무를 선택할 수 있다.\n합격자는 입사 직후 약 3개월간 온라인 온보딩 과정을 통해 업무에 적응하는 과정을 거친 뒤, 내년 1월 소속 부서에서 각 직무를 맡게 된다.\n두 전형 모두 2023년 2월 이내 졸업 예정이거나 경력 1년 미만 기졸업자라면 누구나 지원 가능하다.\n네이버 관계자는 데일리임팩트에 \\\"이번 공채채용은 한 가지 분야를 깊게 파고들거나 특정분야에 관심 있는 인재와 다양한 분야에 관심을 두고 있는 인재로 분야로 나눠서 진행한다는 것이 특징\\\"이라며 \\\"갈수록 다양해지고 변화가 빨라지고 있는 기술 분야 트렌드를 반영해 자신에게 맞는 성장 트랙을 지원자들이 직접 선택할 수 있도록 채용 프로그램을 이원화했다\\\"라고 밝혔다.\n이어 \\\"최종 채용 규모는 세 자릿수를 예상하고 있다\\\"라고 설명했다.",
    "partNum": "P1",
    "useType": 0,
    "processType": "D",
    "processPattern": "11",
    "processLevel": "하",
    "sentenceCount": 10,
    "sentenceInfo": [
      {
        "sentenceNo": 1,
        "sentenceContent": "네이버가 신입 및 인턴 개발자 채용에 나선다. 7일 네이버는 '트랙 인턴십'과 '트랙 공채' 두 가지 전형으로 올해 개발자 채용에 나선다고 밝혔다.",
        "sentenceSize": 82
      },
      {
        "sentenceNo": 2,
        "sentenceContent": "이날부터 진행되는 트랙 인턴십은 예비 개발자 대상으로 하며, 조직과 직무를 선택해 지원할 수 있는 전형이다.",
        "sentenceSize": 60
      },
      {
        "sentenceNo": 3,
        "sentenceContent": "1‧2차 면접을 거쳐 합격 후 4주간 인턴십을 실시한다.",
        "sentenceSize": 31
      },
      {
        "sentenceNo": 4,
        "sentenceContent": "이후 소정의 평가를 거쳐 9월 중 최종 입사하게 된다.",
        "sentenceSize": 30
      },
      {
        "sentenceNo": 5,
        "sentenceContent": "이어 오는 17일부터 열리는 트랙 공채는 여러 기술 분야에 관심 있는 예비 개발자 대상으로, 입사 후 설명회를 듣고 조직과 직무를 선택할 수 있다.",
        "sentenceSize": 82
      },
      {
        "sentenceNo": 6,
        "sentenceContent": "트랙 공채는 1‧2차 면접 후 10월 중 최종 입사가 결정되며, 네이버 내 각 부서·직무에 대한 설명회를 들은 후 자신에게 적합한 부서·직무를 선택할 수 있다.",
        "sentenceSize": 89
      },
      {
        "sentenceNo": 7,
        "sentenceContent": "합격자는 입사 직후 약 3개월간 온라인 온보딩 과정을 통해 업무에 적응하는 과정을 거친 뒤, 내년 1월 소속 부서에서 각 직무를 맡게 된다.",
        "sentenceSize": 78
      },
      {
        "sentenceNo": 8,
        "sentenceContent": "두 전형 모두 2023년 2월 이내 졸업 예정이거나 경력 1년 미만 기졸업자라면 누구나 지원 가능하다.",
        "sentenceSize": 57
      },
      {
        "sentenceNo": 9,
        "sentenceContent": "네이버 관계자는 데일리임팩트에 \\\"이번 공채채용은 한 가지 분야를 깊게 파고들거나 특정분야에 관심 있는 인재와 다양한 분야에 관심을 두고 있는 인재로 분야로 나눠서 진행한다는 것이 특징\\\"이라며 \\\"갈수록 다양해지고 변화가 빨라지고 있는 기술 분야 트렌드를 반영해 자신에게 맞는 성장 트랙을 지원자들이 직접 선택할 수 있도록 채용 프로그램을 이원화했다\\\"라고 밝혔다.",
        "sentenceSize": 205
      },
      {
        "sentenceNo": 10,
        "sentenceContent": "이어 \\\"최종 채용 규모는 세 자릿수를 예상하고 있다\\\"라고 설명했다.",
        "sentenceSize": 39
      }
    ]
  },
  "labeledDataInfo": {
    "newTitle": "17일부터 네이버, 개발자 공개 채용한다... 규모는?",
    "clickbaitClass": 0,
    "referSentenceInfo": [
      {
        "sentenceNo": 1,
        "referSentenceyn": "Y"
      },
      {
        "sentenceNo": 2,
        "referSentenceyn": "N"
      },
      {
        "sentenceNo": 3,
        "referSentenceyn": "N"
      },
      {
        "sentenceNo": 4,
        "referSentenceyn": "N"
      },
      {
        "sentenceNo": 5,
        "referSentenceyn": "N"
      },
      {
        "sentenceNo": 6,
        "referSentenceyn": "N"
      },
      {
        "sentenceNo": 7,
        "referSentenceyn": "N"
      },
      {
        "sentenceNo": 8,
        "referSentenceyn": "N"
      },
      {
        "sentenceNo": 9,
        "referSentenceyn": "N"
      },
      {
        "sentenceNo": 10,
        "referSentenceyn": "N"
      }
    ]
  }
}