{
  "sourceDataInfo": {
    "newsID": "EC_M02_158030",
    "newsCategory": "경제",
    "newsSubcategory": "IT·통신",
    "newsTitle": "울진 산불부터 우크라 지원까지...'카카오같이가치' 모금액 500억원 돌파",
    "newsSubTitle": "울진지역 산불 피해복구 캠페인 모금액 23억원 돌파 ‘손쉬운 기부’로 국내 대표 기부플랫폼으로 자리매김",
    "newsContent": "카카오의 사회공헌 플랫폼 '카카오같이가치'(이하 같이가치)에 경북 울진지역 산불 피해 지원이나 우크라이나 전쟁 지원 등 굵직한 이슈에 공감한 시민들의 기부 행렬이 이어지고 있다.\n15일 카카오는 최근 경북 울진군과 강원 삼척시 일대의 산불 피해 이재민을 지원하기 위한 기부 캠페인에 이용자 100만명이 참여했다고 밝혔다.\n산불피해 지원 모금함에는 현재 23억원이 넘는 기부금이 모였다.\n같이가치는 대규모 산불이 발생한 지난 4일 희망브리지 전국재해구호협회, 굿네이버스, 월드비전, 사회복지공동모금회 등 8개 구호 단체와 함께 모금함을 개설했다.\n이 중 전국재해구호협회를 통해 모금된 금액은 약 11억원으로, 단일 모금함 중 최대 금액을 돌파했다.\n긴급 모금액은 산불 피해 이재민을 위해 생수와 먹거리 등의 생필품, 구호키트 등을 비롯해 주거 및 생계를 지원하는 데 쓰인다.\n나아가 피해 현장의 신속한 방역 대응에 사용될 예정이다.\n긴급구호 모금 외에도 사단법인 생명의 숲과 함께 산림 복원을 위해 운영 중인 '다시, 숲에 싹을 틔워요'에도 약 21만명이 참여해 5억4000만원의 기부금이 모였다.\n같이가치는 지난 2일 유니세프한국위원회, 굿네이버스 인터내셔날, 대한적십자사, 국경없는의사회한국 등의 단체와 함께 우크라이나 전쟁 피해자를 돕기 위한 모금도 시작했다.\n우크라이나 지원 모금은 지난 4일 기준 15만명 이상이 참여했으며, 누적 4억3000만원의 지원금이 모였다.\n카카오 관계자는 데일리임팩트에 \\\"많은 시민들이 최근 우크라이나 전쟁이나 울진지역 산불과 같은 거대한 이슈에 공감하고, 마음을 보태고 싶지만 마땅한 방법이 없어서 고민을 하고 있었던 것으로 보인다\\\"라며 \\\"같이가치는 별도의 절차가 필요하지 않은 손쉬운 기부를 지향하고 있어 단기간에 많은 금액이 모금된 것으로 보인다\\\"라고 분석했다.\n이어 \\\"특히 인터넷 게시판이나 커뮤니티 등에 기부 내용과 방법이 공유되며 많은 참여를 이끌어낼 수 있었던 것 같다\\\"라고 말했다.\n한편, 카카오는 지난 2007년부터 같이가치를 운영하고 있다.\n현재 누적 기부금은 509억원, 누적 모금함은 1만4590개, 누적 기부 참여자는 4416만명에 달하는 국내 대표 사회공헌 플랫폼으로 성장했다.",
    "partNum": "P1",
    "useType": 0,
    "processType": "D",
    "processPattern": "11",
    "processLevel": "하",
    "sentenceCount": 14,
    "sentenceInfo": [
      {
        "sentenceNo": 1,
        "sentenceContent": "카카오의 사회공헌 플랫폼 '카카오같이가치'(이하 같이가치)에 경북 울진지역 산불 피해 지원이나 우크라이나 전쟁 지원 등 굵직한 이슈에 공감한 시민들의 기부 행렬이 이어지고 있다.",
        "sentenceSize": 99
      },
      {
        "sentenceNo": 2,
        "sentenceContent": "15일 카카오는 최근 경북 울진군과 강원 삼척시 일대의 산불 피해 이재민을 지원하기 위한 기부 캠페인에 이용자 100만명이 참여했다고 밝혔다.",
        "sentenceSize": 79
      },
      {
        "sentenceNo": 3,
        "sentenceContent": "산불피해 지원 모금함에는 현재 23억원이 넘는 기부금이 모였다.",
        "sentenceSize": 35
      },
      {
        "sentenceNo": 4,
        "sentenceContent": "같이가치는 대규모 산불이 발생한 지난 4일 희망브리지 전국재해구호협회, 굿네이버스, 월드비전, 사회복지공동모금회 등 8개 구호 단체와 함께 모금함을 개설했다.",
        "sentenceSize": 88
      },
      {
        "sentenceNo": 5,
        "sentenceContent": "이 중 전국재해구호협회를 통해 모금된 금액은 약 11억원으로, 단일 모금함 중 최대 금액을 돌파했다.",
        "sentenceSize": 56
      },
      {
        "sentenceNo": 6,
        "sentenceContent": "긴급 모금액은 산불 피해 이재민을 위해 생수와 먹거리 등의 생필품, 구호키트 등을 비롯해 주거 및 생계를 지원하는 데 쓰인다.",
        "sentenceSize": 70
      },
      {
        "sentenceNo": 7,
        "sentenceContent": "나아가 피해 현장의 신속한 방역 대응에 사용될 예정이다.",
        "sentenceSize": 31
      },
      {
        "sentenceNo": 8,
        "sentenceContent": "긴급구호 모금 외에도 사단법인 생명의 숲과 함께 산림 복원을 위해 운영 중인 '다시, 숲에 싹을 틔워요'에도 약 21만명이 참여해 5억4000만원의 기부금이 모였다.",
        "sentenceSize": 92
      },
      {
        "sentenceNo": 9,
        "sentenceContent": "같이가치는 지난 2일 유니세프한국위원회, 굿네이버스 인터내셔날, 대한적십자사, 국경없는의사회한국 등의 단체와 함께 우크라이나 전쟁 피해자를 돕기 위한 모금도 시작했다.",
        "sentenceSize": 93
      },
      {
        "sentenceNo": 10,
        "sentenceContent": "우크라이나 지원 모금은 지난 4일 기준 15만명 이상이 참여했으며, 누적 4억3000만원의 지원금이 모였다.",
        "sentenceSize": 60
      },
      {
        "sentenceNo": 11,
        "sentenceContent": "카카오 관계자는 데일리임팩트에 \\\"많은 시민들이 최근 우크라이나 전쟁이나 울진지역 산불과 같은 거대한 이슈에 공감하고, 마음을 보태고 싶지만 마땅한 방법이 없어서 고민을 하고 있었던 것으로 보인다\\\"라며 \\\"같이가치는 별도의 절차가 필요하지 않은 손쉬운 기부를 지향하고 있어 단기간에 많은 금액이 모금된 것으로 보인다\\\"라고 분석했다.",
        "sentenceSize": 187
      },
      {
        "sentenceNo": 12,
        "sentenceContent": "이어 \\\"특히 인터넷 게시판이나 커뮤니티 등에 기부 내용과 방법이 공유되며 많은 참여를 이끌어낼 수 있었던 것 같다\\\"라고 말했다.",
        "sentenceSize": 73
      },
      {
        "sentenceNo": 13,
        "sentenceContent": "한편, 카카오는 지난 2007년부터 같이가치를 운영하고 있다.",
        "sentenceSize": 34
      },
      {
        "sentenceNo": 14,
        "sentenceContent": "현재 누적 기부금은 509억원, 누적 모금함은 1만4590개, 누적 기부 참여자는 4416만명에 달하는 국내 대표 사회공헌 플랫폼으로 성장했다.",
        "sentenceSize": 80
      }
    ]
  },
  "labeledDataInfo": {
    "newTitle": "'카카오같이가치' 산불 피해 지원 기부 캠페인... 지금까지 모인 모금액은 얼마?",
    "clickbaitClass": 0,
    "referSentenceInfo": [
      {
        "sentenceNo": 1,
        "referSentenceyn": "N"
      },
      {
        "sentenceNo": 2,
        "referSentenceyn": "N"
      },
      {
        "sentenceNo": 3,
        "referSentenceyn": "Y"
      },
      {
        "sentenceNo": 4,
        "referSentenceyn": "N"
      },
      {
        "sentenceNo": 5,
        "referSentenceyn": "N"
      },
      {
        "sentenceNo": 6,
        "referSentenceyn": "N"
      },
      {
        "sentenceNo": 7,
        "referSentenceyn": "N"
      },
      {
        "sentenceNo": 8,
        "referSentenceyn": "N"
      },
      {
        "sentenceNo": 9,
        "referSentenceyn": "N"
      },
      {
        "sentenceNo": 10,
        "referSentenceyn": "N"
      },
      {
        "sentenceNo": 11,
        "referSentenceyn": "N"
      },
      {
        "sentenceNo": 12,
        "referSentenceyn": "N"
      },
      {
        "sentenceNo": 13,
        "referSentenceyn": "N"
      },
      {
        "sentenceNo": 14,
        "referSentenceyn": "N"
      }
    ]
  }
}