{
  "sourceDataInfo": {
    "newsID": "EC_M02_157932",
    "newsCategory": "경제",
    "newsSubcategory": "유통",
    "newsTitle": "GS리테일, 퀵커머스 본격화 하나...AI 솔루션 기업 씨메스 40억 투자",
    "newsSubTitle": "씨매스, 제조·물류용 로봇 정밀제어 솔루션 갖춰 물류센터 자동화 수준 제고…퀵커머스 역량 강화",
    "newsContent": "GS리테일이 퀵커머스 역량을 본격적으로 강화하기 시작했다.\nGS리테일은 AI 로보틱스 소프트웨어 개발 전문기업 씨메스(CMES)에 40억원을 신규 투자했다고 7일 밝혔다.\n씨메스는 자체 3D 비전 기술과 AI 기술을 통해 제조·물류용 로봇의 정밀제어 솔루션을 확보했다.\n씨메스의 기술력을 통해 GS리테일은 물류센터 자동화 수준 제고를 꾀한다.\n특히 물류 단계 중 입·출고 과정에서 높은 인지 및 비전 기술을 활용한다는 계획이다.\n씨메스는 3D 비전을 통해 확보한 데이터를 고속으로 센싱해 로봇이 빠르게 업무를 수행하도록 제어하고 자체 개발 알고리즘으로 높은 난이도의 업무 영역도 대응 가능하다.\n이번 투자는 중장기적으로 GS리테일의 퀵커머스를 본격화하기 위한 작업으로 풀이된다.\nGS리테일 관계자는 데일리임팩트에 \\\"이번 협력을 통해 도심 내 마이크로 풀필먼트 센터(MFC)를 고도화하는 협력을 진행할 계획\\\"이라며 \\\"퀵커머스 사업 투자를 이제 막 시작한 단계이기 때문에 추후 더 구체적인 사업 계획을 확립할 예정\\\"이라고 귀띔했다.",
    "partNum": "P1",
    "useType": 0,
    "processType": "D",
    "processPattern": "11",
    "processLevel": "하",
    "sentenceCount": 8,
    "sentenceInfo": [
      {
        "sentenceNo": 1,
        "sentenceContent": "GS리테일이 퀵커머스 역량을 본격적으로 강화하기 시작했다.",
        "sentenceSize": 32
      },
      {
        "sentenceNo": 2,
        "sentenceContent": "GS리테일은 AI 로보틱스 소프트웨어 개발 전문기업 씨메스(CMES)에 40억원을 신규 투자했다고 7일 밝혔다.",
        "sentenceSize": 62
      },
      {
        "sentenceNo": 3,
        "sentenceContent": "씨메스는 자체 3D 비전 기술과 AI 기술을 통해 제조·물류용 로봇의 정밀제어 솔루션을 확보했다.",
        "sentenceSize": 54
      },
      {
        "sentenceNo": 4,
        "sentenceContent": "씨메스의 기술력을 통해 GS리테일은 물류센터 자동화 수준 제고를 꾀한다.",
        "sentenceSize": 40
      },
      {
        "sentenceNo": 5,
        "sentenceContent": "특히 물류 단계 중 입·출고 과정에서 높은 인지 및 비전 기술을 활용한다는 계획이다.",
        "sentenceSize": 47
      },
      {
        "sentenceNo": 6,
        "sentenceContent": "씨메스는 3D 비전을 통해 확보한 데이터를 고속으로 센싱해 로봇이 빠르게 업무를 수행하도록 제어하고 자체 개발 알고리즘으로 높은 난이도의 업무 영역도 대응 가능하다.",
        "sentenceSize": 92
      },
      {
        "sentenceNo": 7,
        "sentenceContent": "이번 투자는 중장기적으로 GS리테일의 퀵커머스를 본격화하기 위한 작업으로 풀이된다.",
        "sentenceSize": 46
      },
      {
        "sentenceNo": 8,
        "sentenceContent": "GS리테일 관계자는 데일리임팩트에 \\\"이번 협력을 통해 도심 내 마이크로 풀필먼트 센터(MFC)를 고도화하는 협력을 진행할 계획\\\"이라며 \\\"퀵커머스 사업 투자를 이제 막 시작한 단계이기 때문에 추후 더 구체적인 사업 계획을 확립할 예정\\\"이라고 귀띔했다.",
        "sentenceSize": 143
      }
    ]
  },
  "labeledDataInfo": {
    "newTitle": "40억원을 투자 받은 씨메스, GS칼텍스의 생각은?",
    "clickbaitClass": 0,
    "referSentenceInfo": [
      {
        "sentenceNo": 1,
        "referSentenceyn": "N"
      },
      {
        "sentenceNo": 2,
        "referSentenceyn": "N"
      },
      {
        "sentenceNo": 3,
        "referSentenceyn": "N"
      },
      {
        "sentenceNo": 4,
        "referSentenceyn": "N"
      },
      {
        "sentenceNo": 5,
        "referSentenceyn": "Y"
      },
      {
        "sentenceNo": 6,
        "referSentenceyn": "N"
      },
      {
        "sentenceNo": 7,
        "referSentenceyn": "N"
      },
      {
        "sentenceNo": 8,
        "referSentenceyn": "N"
      }
    ]
  }
}