{
  "sourceDataInfo": {
    "newsID": "EC_M02_157745",
    "newsCategory": "경제",
    "newsSubcategory": "은행",
    "newsTitle": "우리은행, 'AI활용' 디지털금융 경쟁력 강화 나선다",
    "newsSubTitle": "은행권 최초로 AI 산학연 협의체 ‘AI원팀’ 합류 KT와 손잡고 AI 활용 금융서비스 고도화 박차",
    "newsContent": "우리은행은 인공지능(AI)기술을 접목한 디지털금융 경쟁력 강화를 위해 KT와 'AI 1등 대한민국을 위한 업무협약'을 체결했다고 20일 밝혔다.\n이를 통해 우리은행은 국내 대표 산학연이 참여 중인 'AI원팀(AI One Team)'에도 합류하게 됐다.\n지난해 2월 출범한 'AI원팀'은 KT, 현대중공업그룹, LG전자, LG유플러스, 한국투자증권, 동원그룹, 한양대학교, 한국과학기술원(KAIST), 한국전자통신연구원(ETRI)이 참여하고 있다.\n이번에 은행권 최초로 우리은행이 합류해 금융 AI분야의 공동 R&D와 사업협력을 가속화하기로 했다.\n우리은행은 'AI원팀'에 참여한 기업‧기관들과 협력해 AI기술을 활용한 금융서비스 혁신 금융에 특화된 AI 신기술 공동연구 금융 AI 인재양성 등을 추진할 계획이다.\n이날 협약식에는 권광석 우리은행장과 구현모 KT 대표 등 양사의 주요 관계자가 참석한 가운데, AI를 활용한 금융서비스 개발 및 AI 인재육성 등 다양한 분야에서 협력을 이어나가기로 했다.\n권광석 우리은행장은 \\\"AI 기술 발달로 과거에는 상상도 못했던 일들이 현실이 되고 있다\\\"며\\\"우리은행은 'AI원팀'에 참여하고 있는 국내 최고의 기업 및 기관들과 협업해 고객에게는 그동안 없었던 차별화된 금융서비스를 제공하고, 국내 금융산업의 AI 경쟁력 강화를 위해 최선을 다할 것\\\"이라고역설했다.\n한편 우리은행은 '전사적 디지털 혁신'과 '디지털 금융시장 선도'를 목표로 디지털 ABCD(AI, Blockchain, Cloud, Data) 사업에 박차를 가하고 있다.\n우리은행 관계자는 미디어SR에 \\\"KT와 공동으로 KAIST 산학연계 AI 교육과정 신설 및 전문인력 양성에 나서고 있다\\\"며 \\\"AI 기반 시장예측 시스템 및 상담 통합 플랫폼 구축 등 은행 주요업무 전 부문에 거쳐 AI기술을 도입해 'AI가 강한 은행'으로 발돋움할 것\\\"이라고 강조했다.",
    "partNum": "P1",
    "useType": 0,
    "processType": "D",
    "processPattern": "11",
    "processLevel": "하",
    "sentenceCount": 9,
    "sentenceInfo": [
      {
        "sentenceNo": 1,
        "sentenceContent": "우리은행은 인공지능(AI)기술을 접목한 디지털금융 경쟁력 강화를 위해 KT와 'AI 1등 대한민국을 위한 업무협약'을 체결했다고 20일 밝혔다.",
        "sentenceSize": 80
      },
      {
        "sentenceNo": 2,
        "sentenceContent": "이를 통해 우리은행은 국내 대표 산학연이 참여 중인 'AI원팀(AI One Team)'에도 합류하게 됐다.",
        "sentenceSize": 59
      },
      {
        "sentenceNo": 3,
        "sentenceContent": "지난해 2월 출범한 'AI원팀'은 KT, 현대중공업그룹, LG전자, LG유플러스, 한국투자증권, 동원그룹, 한양대학교, 한국과학기술원(KAIST), 한국전자통신연구원(ETRI)이 참여하고 있다.",
        "sentenceSize": 108
      },
      {
        "sentenceNo": 4,
        "sentenceContent": "이번에 은행권 최초로 우리은행이 합류해 금융 AI분야의 공동 R&D와 사업협력을 가속화하기로 했다.",
        "sentenceSize": 55
      },
      {
        "sentenceNo": 5,
        "sentenceContent": "우리은행은 'AI원팀'에 참여한 기업‧기관들과 협력해 AI기술을 활용한 금융서비스 혁신 금융에 특화된 AI 신기술 공동연구 금융 AI 인재양성 등을 추진할 계획이다.",
        "sentenceSize": 92
      },
      {
        "sentenceNo": 6,
        "sentenceContent": "이날 협약식에는 권광석 우리은행장과 구현모 KT 대표 등 양사의 주요 관계자가 참석한 가운데, AI를 활용한 금융서비스 개발 및 AI 인재육성 등 다양한 분야에서 협력을 이어나가기로 했다.",
        "sentenceSize": 105
      },
      {
        "sentenceNo": 7,
        "sentenceContent": "권광석 우리은행장은 \\\"AI 기술 발달로 과거에는 상상도 못했던 일들이 현실이 되고 있다\\\"며\\\"우리은행은 'AI원팀'에 참여하고 있는 국내 최고의 기업 및 기관들과 협업해 고객에게는 그동안 없었던 차별화된 금융서비스를 제공하고, 국내 금융산업의 AI 경쟁력 강화를 위해 최선을 다할 것\\\"이라고역설했다.",
        "sentenceSize": 170
      },
      {
        "sentenceNo": 8,
        "sentenceContent": "한편 우리은행은 '전사적 디지털 혁신'과 '디지털 금융시장 선도'를 목표로 디지털 ABCD(AI, Blockchain, Cloud, Data) 사업에 박차를 가하고 있다.",
        "sentenceSize": 95
      },
      {
        "sentenceNo": 9,
        "sentenceContent": "우리은행 관계자는 미디어SR에 \\\"KT와 공동으로 KAIST 산학연계 AI 교육과정 신설 및 전문인력 양성에 나서고 있다\\\"며 \\\"AI 기반 시장예측 시스템 및 상담 통합 플랫폼 구축 등 은행 주요업무 전 부문에 거쳐 AI기술을 도입해 'AI가 강한 은행'으로 발돋움할 것\\\"이라고 강조했다.",
        "sentenceSize": 163
      }
    ]
  },
  "labeledDataInfo": {
    "newTitle": "우리은행 인공지능 활용해 디지털금융 경쟁력 강화위해 업무협약... 누구와?",
    "clickbaitClass": 0,
    "referSentenceInfo": [
      {
        "sentenceNo": 1,
        "referSentenceyn": "Y"
      },
      {
        "sentenceNo": 2,
        "referSentenceyn": "N"
      },
      {
        "sentenceNo": 3,
        "referSentenceyn": "N"
      },
      {
        "sentenceNo": 4,
        "referSentenceyn": "N"
      },
      {
        "sentenceNo": 5,
        "referSentenceyn": "N"
      },
      {
        "sentenceNo": 6,
        "referSentenceyn": "N"
      },
      {
        "sentenceNo": 7,
        "referSentenceyn": "N"
      },
      {
        "sentenceNo": 8,
        "referSentenceyn": "N"
      },
      {
        "sentenceNo": 9,
        "referSentenceyn": "N"
      }
    ]
  }
}