{
  "sourceDataInfo": {
    "newsID": "EC_M02_156004",
    "newsCategory": "경제",
    "newsSubcategory": "IT·통신",
    "newsTitle": "네이버웹툰, 글로벌 베스트 웹툰 앱 등극",
    "newsSubTitle": "센서타워의 ‘2021 아시아 태평양 어워드’ 조사서 1위 차지",
    "newsContent": "네이버웹툰이 전 세계에서 애용하는 웹툰 애플리케이션으로 선정됐다.\n현지 웹툰 생태계를 탄탄하게 구축하며 플랫폼과 콘텐츠 양면에서 성장한 결과다.\n18일 글로벌 모바일 데이터 분석 업체 센서타워에 따르면, 발표한 네이버웹툰은 2021 아시아 태평양 어워드에서 전 세계 베스트 웹툰 애플리케이션을 차지했다.\n센서타워는 지난해 전 세계 웹툰 애플리케이션 다운로드와 매출 지표를 분석했다.\n그 결과, 네이버웹툰에 포함된 글로벌 웹툰 플랫폼들의 합산 수치가 가장 높았다.\n한국을 포함한 아시아 지역 외에도, 웹툰 애플리케이션 중 미국 등 북미 지역에서 가장 많은 다운로드 수와 최고 매출을 기록한 것으로 나타났다.\n네이버웹툰은 지난해 조직을 정비하고 사업의 속도를 올리고 있다.\n한국뿐만 아니라 미국, 일본, 동남아시아 등 100여개국에서 웹툰, 라인 웹툰 등의 이름으로 콘텐츠를 제공하고 있다.\n지원 언어도 10여개에 달한다.\n이에 따라 성과도 눈부시다.\n지난달 기준 네이버 웹툰의 글로벌 월간 활성 이용자(MAU)는 8200만명을 돌파한 데 이어, 월간거래액 1000억원을 달성했다.\n특히 콘텐츠 소비시장의 큰 손인 20대 이용자를 확보하는 데 성공했다.\n네이버웹툰 관계자는 데일리임팩트에 \\\"이러한 기록은 그동안 네이버웹툰의 글로벌 콘텐츠 시장 노력의 결과\\\"라면서 \\\"특히 미국에서는 웹툰 이용자 중 24세 이하 연령층이 70%를 넘기는 등 젊은 독자들을 중심으로 빠른 성장을 하고 있다\\\"고 밝혔다.",
    "partNum": "P1",
    "useType": 0,
    "processType": "D",
    "processPattern": "16",
    "processLevel": "상",
    "sentenceCount": 13,
    "sentenceInfo": [
      {
        "sentenceNo": 1,
        "sentenceContent": "네이버웹툰이 전 세계에서 애용하는 웹툰 애플리케이션으로 선정됐다.",
        "sentenceSize": 36
      },
      {
        "sentenceNo": 2,
        "sentenceContent": "현지 웹툰 생태계를 탄탄하게 구축하며 플랫폼과 콘텐츠 양면에서 성장한 결과다.",
        "sentenceSize": 43
      },
      {
        "sentenceNo": 3,
        "sentenceContent": "18일 글로벌 모바일 데이터 분석 업체 센서타워에 따르면, 발표한 네이버웹툰은 2021 아시아 태평양 어워드에서 전 세계 베스트 웹툰 애플리케이션을 차지했다.",
        "sentenceSize": 88
      },
      {
        "sentenceNo": 4,
        "sentenceContent": "센서타워는 지난해 전 세계 웹툰 애플리케이션 다운로드와 매출 지표를 분석했다.",
        "sentenceSize": 43
      },
      {
        "sentenceNo": 5,
        "sentenceContent": "그 결과, 네이버웹툰에 포함된 글로벌 웹툰 플랫폼들의 합산 수치가 가장 높았다.",
        "sentenceSize": 44
      },
      {
        "sentenceNo": 6,
        "sentenceContent": "한국을 포함한 아시아 지역 외에도, 웹툰 애플리케이션 중 미국 등 북미 지역에서 가장 많은 다운로드 수와 최고 매출을 기록한 것으로 나타났다.",
        "sentenceSize": 79
      },
      {
        "sentenceNo": 7,
        "sentenceContent": "네이버웹툰은 지난해 조직을 정비하고 사업의 속도를 올리고 있다.",
        "sentenceSize": 35
      },
      {
        "sentenceNo": 8,
        "sentenceContent": "한국뿐만 아니라 미국, 일본, 동남아시아 등 100여개국에서 웹툰, 라인 웹툰 등의 이름으로 콘텐츠를 제공하고 있다.",
        "sentenceSize": 65
      },
      {
        "sentenceNo": 9,
        "sentenceContent": "지원 언어도 10여개에 달한다.",
        "sentenceSize": 17
      },
      {
        "sentenceNo": 10,
        "sentenceContent": "이에 따라 성과도 눈부시다.",
        "sentenceSize": 15
      },
      {
        "sentenceNo": 11,
        "sentenceContent": "지난달 기준 네이버 웹툰의 글로벌 월간 활성 이용자(MAU)는 8200만명을 돌파한 데 이어, 월간거래액 1000억원을 달성했다.",
        "sentenceSize": 72
      },
      {
        "sentenceNo": 12,
        "sentenceContent": "특히 콘텐츠 소비시장의 큰 손인 20대 이용자를 확보하는 데 성공했다.",
        "sentenceSize": 39
      },
      {
        "sentenceNo": 13,
        "sentenceContent": "네이버웹툰 관계자는 데일리임팩트에 \\\"이러한 기록은 그동안 네이버웹툰의 글로벌 콘텐츠 시장 노력의 결과\\\"라면서 \\\"특히 미국에서는 웹툰 이용자 중 24세 이하 연령층이 70%를 넘기는 등 젊은 독자들을 중심으로 빠른 성장을 하고 있다\\\"고 밝혔다.",
        "sentenceSize": 139
      }
    ]
  },
  "labeledDataInfo": {
    "newTitle": "콘텐츠 소비시장의 큰손 20대를 매료시킨 한국 기업",
    "clickbaitClass": 0,
    "referSentenceInfo": [
      {
        "sentenceNo": 1,
        "referSentenceyn": "N"
      },
      {
        "sentenceNo": 2,
        "referSentenceyn": "N"
      },
      {
        "sentenceNo": 3,
        "referSentenceyn": "N"
      },
      {
        "sentenceNo": 4,
        "referSentenceyn": "N"
      },
      {
        "sentenceNo": 5,
        "referSentenceyn": "N"
      },
      {
        "sentenceNo": 6,
        "referSentenceyn": "N"
      },
      {
        "sentenceNo": 7,
        "referSentenceyn": "N"
      },
      {
        "sentenceNo": 8,
        "referSentenceyn": "N"
      },
      {
        "sentenceNo": 9,
        "referSentenceyn": "N"
      },
      {
        "sentenceNo": 10,
        "referSentenceyn": "N"
      },
      {
        "sentenceNo": 11,
        "referSentenceyn": "N"
      },
      {
        "sentenceNo": 12,
        "referSentenceyn": "Y"
      },
      {
        "sentenceNo": 13,
        "referSentenceyn": "N"
      }
    ]
  }
}