{
  "sourceDataInfo": {
    "newsID": "EC_M02_158193",
    "newsCategory": "경제",
    "newsSubcategory": "건설부동산",
    "newsTitle": "DL이앤씨, 수원 중심부 오피스텔 'e편한세상 시티 고색' 공급",
    "newsSubTitle": "브랜드 프리미엄 및 규제완화 효과 기대",
    "newsContent": "DL이앤씨는 경기도 수원시 권선구 고색동 일원에 'e편한세상 시티 고색' 오피스텔 주택전시관을 개관하고 공급 중이라고 29일 밝혔다.\ne편한세상 시티 고색은 지하 4층에서 지상 14층 총 430실 규모로 조성된다.\n전 호실 전용면적 84㎡로 구성된다.\n단지는 중도금 40% 무이자 혜택을 비롯해 수원덕산병원 이용 시 300만원 상당의 의료비 바우처를 기대할 수 있다.\n여기에 시스템 에어컨(4대) 및 주방 싱크대 상판과 벽부에 엔지니어드스톤 마감, 지하 세대창고도 전 호실에 기본 제공된다.\n단지 1km 거리에 수인분당선 고색역이 있어 서울 강남·인천·성남 등 수도권 주요 지역 곳곳을 수월하게 이동 가능하다.\n수원역에는 수도권광역급행철도(GTX) C노선이 오는 2028년 개통을 목표로 추진돼 서울 삼성역과 청량리역 등으로 빠르게 이동할 수 있다.\ne편한세상 시티 고색 바로 옆 부지에는 수원덕산병원이 오는 2024년 개원에 이어 2027년 공사가 완료된다.\n도보권에는 권선구청·권선구보건소·수원서부경찰서 등이 있는 권선행정타운도 있다.\n차량 5분 거리에는 수원역 롯데백화점과 KCC몰 등 쇼핑시설이 있다.\n반경 1km 이내에 고색초등학교 병설유치원을 비롯해 고색초·중·고등학교 등 교육시설이 있다.\n오피스텔 내부에는 미세먼지 저감 식재와 미스트 분사 시설물이 설치된다.\ne편한세상 시티 고색 분양 관계자는 데일리임팩트에 \\\"최근 개발이 활발하게 이어지고 있는 서수원 권역에서도 최중심에 들어서는 1군 메이저 브랜드 오피스텔인 데다, 청약 규제가 덜하고 주택 수에도 포함되지 않는 만큼 젊은 층 실수요자들의 문의가 많다\\\"라고 설명했다.",
    "partNum": "P1",
    "useType": 0,
    "processType": "D",
    "processPattern": "11",
    "processLevel": "하",
    "sentenceCount": 13,
    "sentenceInfo": [
      {
        "sentenceNo": 1,
        "sentenceContent": "DL이앤씨는 경기도 수원시 권선구 고색동 일원에 'e편한세상 시티 고색' 오피스텔 주택전시관을 개관하고 공급 중이라고 29일 밝혔다.",
        "sentenceSize": 74
      },
      {
        "sentenceNo": 2,
        "sentenceContent": "e편한세상 시티 고색은 지하 4층에서 지상 14층 총 430실 규모로 조성된다.",
        "sentenceSize": 44
      },
      {
        "sentenceNo": 3,
        "sentenceContent": "전 호실 전용면적 84㎡로 구성된다.",
        "sentenceSize": 20
      },
      {
        "sentenceNo": 4,
        "sentenceContent": "단지는 중도금 40% 무이자 혜택을 비롯해 수원덕산병원 이용 시 300만원 상당의 의료비 바우처를 기대할 수 있다.",
        "sentenceSize": 64
      },
      {
        "sentenceNo": 5,
        "sentenceContent": "여기에 시스템 에어컨(4대) 및 주방 싱크대 상판과 벽부에 엔지니어드스톤 마감, 지하 세대창고도 전 호실에 기본 제공된다.",
        "sentenceSize": 68
      },
      {
        "sentenceNo": 6,
        "sentenceContent": "단지 1km 거리에 수인분당선 고색역이 있어 서울 강남·인천·성남 등 수도권 주요 지역 곳곳을 수월하게 이동 가능하다.",
        "sentenceSize": 66
      },
      {
        "sentenceNo": 7,
        "sentenceContent": "수원역에는 수도권광역급행철도(GTX) C노선이 오는 2028년 개통을 목표로 추진돼 서울 삼성역과 청량리역 등으로 빠르게 이동할 수 있다.",
        "sentenceSize": 77
      },
      {
        "sentenceNo": 8,
        "sentenceContent": "e편한세상 시티 고색 바로 옆 부지에는 수원덕산병원이 오는 2024년 개원에 이어 2027년 공사가 완료된다.",
        "sentenceSize": 61
      },
      {
        "sentenceNo": 9,
        "sentenceContent": "도보권에는 권선구청·권선구보건소·수원서부경찰서 등이 있는 권선행정타운도 있다.",
        "sentenceSize": 43
      },
      {
        "sentenceNo": 10,
        "sentenceContent": "차량 5분 거리에는 수원역 롯데백화점과 KCC몰 등 쇼핑시설이 있다.",
        "sentenceSize": 38
      },
      {
        "sentenceNo": 11,
        "sentenceContent": "반경 1km 이내에 고색초등학교 병설유치원을 비롯해 고색초·중·고등학교 등 교육시설이 있다.",
        "sentenceSize": 51
      },
      {
        "sentenceNo": 12,
        "sentenceContent": "오피스텔 내부에는 미세먼지 저감 식재와 미스트 분사 시설물이 설치된다.",
        "sentenceSize": 39
      },
      {
        "sentenceNo": 13,
        "sentenceContent": "e편한세상 시티 고색 분양 관계자는 데일리임팩트에 \\\"최근 개발이 활발하게 이어지고 있는 서수원 권역에서도 최중심에 들어서는 1군 메이저 브랜드 오피스텔인 데다, 청약 규제가 덜하고 주택 수에도 포함되지 않는 만큼 젊은 층 실수요자들의 문의가 많다\\\"라고 설명했다.",
        "sentenceSize": 148
      }
    ]
  },
  "labeledDataInfo": {
    "newTitle": "DL이앤씨, 'e편한세상 시티 고색' 오피스텔 실제 규모는?",
    "clickbaitClass": 0,
    "referSentenceInfo": [
      {
        "sentenceNo": 1,
        "referSentenceyn": "N"
      },
      {
        "sentenceNo": 2,
        "referSentenceyn": "Y"
      },
      {
        "sentenceNo": 3,
        "referSentenceyn": "N"
      },
      {
        "sentenceNo": 4,
        "referSentenceyn": "N"
      },
      {
        "sentenceNo": 5,
        "referSentenceyn": "N"
      },
      {
        "sentenceNo": 6,
        "referSentenceyn": "N"
      },
      {
        "sentenceNo": 7,
        "referSentenceyn": "N"
      },
      {
        "sentenceNo": 8,
        "referSentenceyn": "N"
      },
      {
        "sentenceNo": 9,
        "referSentenceyn": "N"
      },
      {
        "sentenceNo": 10,
        "referSentenceyn": "N"
      },
      {
        "sentenceNo": 11,
        "referSentenceyn": "N"
      },
      {
        "sentenceNo": 12,
        "referSentenceyn": "N"
      },
      {
        "sentenceNo": 13,
        "referSentenceyn": "N"
      }
    ]
  }
}