{
  "sourceDataInfo": {
    "newsID": "EC_M02_157896",
    "newsCategory": "경제",
    "newsSubcategory": "보험",
    "newsTitle": "삼성화재, 다이렉트 영업배상책임보험 출시",
    "newsSubTitle": "업계 최초 인터넷 전용 영업배상책임보험 선보여",
    "newsContent": "삼성화재는 자사 다이렉트 사이트를 통해 '다이렉트 영업배상책임보험'을 선보였다고 1일 밝혔다.\n이 상품은 사업 중 발생할 수 있는 각종 배상책임을 보장하는 인터넷 전용보험이다.\n보험기간이 1년으로 배상책임만을 단독으로 보장한다.\n영업배상책임만을 보장하는 다이렉트 상품이 출시된 것은 최초다. '다이렉트 영업배상책임보험'은 시설소유(관리)자, 임차자, 주차장, 차량정비업자 관련 배상책임을 고객이 선택해 가입 가능하다.\n이를 통해 업종에 따라 발생할 수 있는 다양한 배상책임 위험에 대비할 수 있도록 했다.\n또 드론배상책임보험도 단독으로 가입할 수 있다.\n항공사업법에 따른 의무보험대상 가운데 법인 사업자를 제외한 사업자용 드론이 대상이다.\n다이렉트보험은 언제든지 인터넷을 통해 간편하게 보험료 계산 및 가입이 가능하다.\n특히 홈페이지에서 보험료를 계산해 보더라도 전화로 가입을 권유하지 않아 소비자들이 편하게 보험 가입을 검토해 볼 수 있다.\n삼성화재 관계자는 데일리임팩트에 \\\"필요로 하는 배상책임만을 다이렉트로 편리하게 가입할 수 있게 준비했다\\\"며 \\\"앞으로도 디지털 환경에 맞는 더 좋은 상품과 서비스를 제공하기 위해 노력하겠다\\\"고 말했다.",
    "partNum": "P1",
    "useType": 0,
    "processType": "D",
    "processPattern": "11",
    "processLevel": "하",
    "sentenceCount": 10,
    "sentenceInfo": [
      {
        "sentenceNo": 1,
        "sentenceContent": "삼성화재는 자사 다이렉트 사이트를 통해 '다이렉트 영업배상책임보험'을 선보였다고 1일 밝혔다.",
        "sentenceSize": 52
      },
      {
        "sentenceNo": 2,
        "sentenceContent": "이 상품은 사업 중 발생할 수 있는 각종 배상책임을 보장하는 인터넷 전용보험이다.",
        "sentenceSize": 45
      },
      {
        "sentenceNo": 3,
        "sentenceContent": "보험기간이 1년으로 배상책임만을 단독으로 보장한다.",
        "sentenceSize": 28
      },
      {
        "sentenceNo": 4,
        "sentenceContent": "영업배상책임만을 보장하는 다이렉트 상품이 출시된 것은 최초다. '다이렉트 영업배상책임보험'은 시설소유(관리)자, 임차자, 주차장, 차량정비업자 관련 배상책임을 고객이 선택해 가입 가능하다.",
        "sentenceSize": 105
      },
      {
        "sentenceNo": 5,
        "sentenceContent": "이를 통해 업종에 따라 발생할 수 있는 다양한 배상책임 위험에 대비할 수 있도록 했다.",
        "sentenceSize": 48
      },
      {
        "sentenceNo": 6,
        "sentenceContent": "또 드론배상책임보험도 단독으로 가입할 수 있다.",
        "sentenceSize": 26
      },
      {
        "sentenceNo": 7,
        "sentenceContent": "항공사업법에 따른 의무보험대상 가운데 법인 사업자를 제외한 사업자용 드론이 대상이다.",
        "sentenceSize": 47
      },
      {
        "sentenceNo": 8,
        "sentenceContent": "다이렉트보험은 언제든지 인터넷을 통해 간편하게 보험료 계산 및 가입이 가능하다.",
        "sentenceSize": 44
      },
      {
        "sentenceNo": 9,
        "sentenceContent": "특히 홈페이지에서 보험료를 계산해 보더라도 전화로 가입을 권유하지 않아 소비자들이 편하게 보험 가입을 검토해 볼 수 있다.",
        "sentenceSize": 68
      },
      {
        "sentenceNo": 10,
        "sentenceContent": "삼성화재 관계자는 데일리임팩트에 \\\"필요로 하는 배상책임만을 다이렉트로 편리하게 가입할 수 있게 준비했다\\\"며 \\\"앞으로도 디지털 환경에 맞는 더 좋은 상품과 서비스를 제공하기 위해 노력하겠다\\\"고 말했다.",
        "sentenceSize": 115
      }
    ]
  },
  "labeledDataInfo": {
    "newTitle": "인터넷 전용보험 출시한 삼성화재... 선택적 가입이 가능하다고?",
    "clickbaitClass": 0,
    "referSentenceInfo": [
      {
        "sentenceNo": 1,
        "referSentenceyn": "N"
      },
      {
        "sentenceNo": 2,
        "referSentenceyn": "N"
      },
      {
        "sentenceNo": 3,
        "referSentenceyn": "N"
      },
      {
        "sentenceNo": 4,
        "referSentenceyn": "Y"
      },
      {
        "sentenceNo": 5,
        "referSentenceyn": "N"
      },
      {
        "sentenceNo": 6,
        "referSentenceyn": "N"
      },
      {
        "sentenceNo": 7,
        "referSentenceyn": "N"
      },
      {
        "sentenceNo": 8,
        "referSentenceyn": "N"
      },
      {
        "sentenceNo": 9,
        "referSentenceyn": "N"
      },
      {
        "sentenceNo": 10,
        "referSentenceyn": "N"
      }
    ]
  }
}