{
  "sourceDataInfo": {
    "newsID": "EC_M02_157487",
    "newsCategory": "경제",
    "newsSubcategory": "산업",
    "newsTitle": "\\\"동물의 숲 중고로 팔아요\\\"...알고 보니 피싱사이트",
    "newsSubTitle": "",
    "newsContent": "닌텐도 게임 '모여봐요 동물의 숲' 중고거래를 이용한 피싱사이트가 발견돼 주의가 요망된다.\n안랩은 '동물의 숲' 중고제품 판매를 위장한 피싱 사이트를 발견했다고 21일 밝혔다.\n공격자는 유명 중고거래 온라인 카페에 '동물의 숲' 에디션 사진과 함께 \\\"구매를 원하시면 'ㅇㅇㅇ(특정 메신저 ID)'로 연락달라\\\"는 내용의 게시물을 올렸다.\n구매자가 메신저로 연락하자 공격자는 물품 거래를 '안전거래'로 하자고 제안했다.\n이후 안전거래로 위장한 피싱사이트 URL을 구매자에게 전송했다.\n안전거래는 개인 간 거래 시 믿을 수 있는 사업자(플랫폼)가 판매자와 구매자 사이에서 거래대금 전달, 정보 관리 등을 중개 서비스를 제공하는 인터넷 거래 방식을 말한다.\n해당 피싱사이트는 실제 온라인 중고 안전거래와 매우 유사하게 제작돼 쉽게 다른 점을 알아채기 어렵다.\n해당 페이지는 구매자가 이름, 연락처, 배송지 등 개인정보를 입력하고 특정 계좌번호로 거래대금을 송금하도록 유도한다.\n또한 피싱 사이트 접속 전후로 가짜 포털 로그인 창을 띄워 구매자의 포털 ID와 비밀번호 탈취도 시도한다.\n구매자가 송금한 거래대금은 그대로 공격자의 계좌로 이체된다.\n구매 과정에서 입력한 개인정보도 함께 전송되며, 이는 2차 피해를 낳을 수 있다.\n안랩은 피싱 사기 피해를 예방하기 위해 개인 간 중고거래 전 경찰청·카페의 피싱수법 공지 확인 의심되는 메일·SNS의 URL 실행 자제 사이트별 계정 아이디·패스워드 다르게 설정하기 등 보안수칙을 준수해야 한다고 조언했다.\n안랩 관계자는 미디어SR에 \\\"특히 메신저 등으로 전달되는 URL을 조심해야 한다\\\"고 강조했다.\n박태환 안랩 ASEC대응팀장은 \\\"개인 간 거래 시 피해정보 공유 사이트를 조회하거나 출처가 불분명한 URL 접속을 주의하는 등 노력을 기울여야 한다\\\"고 말했다.",
    "partNum": "P1",
    "useType": 0,
    "processType": "D",
    "processPattern": "11",
    "processLevel": "하",
    "sentenceCount": 14,
    "sentenceInfo": [
      {
        "sentenceNo": 1,
        "sentenceContent": "닌텐도 게임 '모여봐요 동물의 숲' 중고거래를 이용한 피싱사이트가 발견돼 주의가 요망된다.",
        "sentenceSize": 50
      },
      {
        "sentenceNo": 2,
        "sentenceContent": "안랩은 '동물의 숲' 중고제품 판매를 위장한 피싱 사이트를 발견했다고 21일 밝혔다.",
        "sentenceSize": 47
      },
      {
        "sentenceNo": 3,
        "sentenceContent": "공격자는 유명 중고거래 온라인 카페에 '동물의 숲' 에디션 사진과 함께 \\\"구매를 원하시면 'ㅇㅇㅇ(특정 메신저 ID)'로 연락달라\\\"는 내용의 게시물을 올렸다.",
        "sentenceSize": 90
      },
      {
        "sentenceNo": 4,
        "sentenceContent": "구매자가 메신저로 연락하자 공격자는 물품 거래를 '안전거래'로 하자고 제안했다.",
        "sentenceSize": 44
      },
      {
        "sentenceNo": 5,
        "sentenceContent": "이후 안전거래로 위장한 피싱사이트 URL을 구매자에게 전송했다.",
        "sentenceSize": 35
      },
      {
        "sentenceNo": 6,
        "sentenceContent": "안전거래는 개인 간 거래 시 믿을 수 있는 사업자(플랫폼)가 판매자와 구매자 사이에서 거래대금 전달, 정보 관리 등을 중개 서비스를 제공하는 인터넷 거래 방식을 말한다.",
        "sentenceSize": 94
      },
      {
        "sentenceNo": 7,
        "sentenceContent": "해당 피싱사이트는 실제 온라인 중고 안전거래와 매우 유사하게 제작돼 쉽게 다른 점을 알아채기 어렵다.",
        "sentenceSize": 56
      },
      {
        "sentenceNo": 8,
        "sentenceContent": "해당 페이지는 구매자가 이름, 연락처, 배송지 등 개인정보를 입력하고 특정 계좌번호로 거래대금을 송금하도록 유도한다.",
        "sentenceSize": 65
      },
      {
        "sentenceNo": 9,
        "sentenceContent": "또한 피싱 사이트 접속 전후로 가짜 포털 로그인 창을 띄워 구매자의 포털 ID와 비밀번호 탈취도 시도한다.",
        "sentenceSize": 59
      },
      {
        "sentenceNo": 10,
        "sentenceContent": "구매자가 송금한 거래대금은 그대로 공격자의 계좌로 이체된다.",
        "sentenceSize": 33
      },
      {
        "sentenceNo": 11,
        "sentenceContent": "구매 과정에서 입력한 개인정보도 함께 전송되며, 이는 2차 피해를 낳을 수 있다.",
        "sentenceSize": 45
      },
      {
        "sentenceNo": 12,
        "sentenceContent": "안랩은 피싱 사기 피해를 예방하기 위해 개인 간 중고거래 전 경찰청·카페의 피싱수법 공지 확인 의심되는 메일·SNS의 URL 실행 자제 사이트별 계정 아이디·패스워드 다르게 설정하기 등 보안수칙을 준수해야 한다고 조언했다.",
        "sentenceSize": 124
      },
      {
        "sentenceNo": 13,
        "sentenceContent": "안랩 관계자는 미디어SR에 \\\"특히 메신저 등으로 전달되는 URL을 조심해야 한다\\\"고 강조했다.",
        "sentenceSize": 54
      },
      {
        "sentenceNo": 14,
        "sentenceContent": "박태환 안랩 ASEC대응팀장은 \\\"개인 간 거래 시 피해정보 공유 사이트를 조회하거나 출처가 불분명한 URL 접속을 주의하는 등 노력을 기울여야 한다\\\"고 말했다.",
        "sentenceSize": 91
      }
    ]
  },
  "labeledDataInfo": {
    "newTitle": "\"동물의 숲 원하시면 이 아이디로 연락 달라\"... 요즘 피싱 수법 무슨 일이기에?",
    "clickbaitClass": 0,
    "referSentenceInfo": [
      {
        "sentenceNo": 1,
        "referSentenceyn": "Y"
      },
      {
        "sentenceNo": 2,
        "referSentenceyn": "N"
      },
      {
        "sentenceNo": 3,
        "referSentenceyn": "Y"
      },
      {
        "sentenceNo": 4,
        "referSentenceyn": "N"
      },
      {
        "sentenceNo": 5,
        "referSentenceyn": "N"
      },
      {
        "sentenceNo": 6,
        "referSentenceyn": "N"
      },
      {
        "sentenceNo": 7,
        "referSentenceyn": "N"
      },
      {
        "sentenceNo": 8,
        "referSentenceyn": "N"
      },
      {
        "sentenceNo": 9,
        "referSentenceyn": "N"
      },
      {
        "sentenceNo": 10,
        "referSentenceyn": "N"
      },
      {
        "sentenceNo": 11,
        "referSentenceyn": "N"
      },
      {
        "sentenceNo": 12,
        "referSentenceyn": "N"
      },
      {
        "sentenceNo": 13,
        "referSentenceyn": "N"
      },
      {
        "sentenceNo": 14,
        "referSentenceyn": "N"
      }
    ]
  }
}