{
  "sourceDataInfo": {
    "newsID": "EC_M02_157924",
    "newsCategory": "경제",
    "newsSubcategory": "산업",
    "newsTitle": "곤지암리조트에 로봇이...LG전자, 'AI 시설관리 솔루션' 첫 적용",
    "newsSubTitle": "AI 시설관리 솔루션 및 AI 컨시어지 솔루션 적용",
    "newsContent": "LG전자가 AI(인공지능)와 로봇을 활용한 시설관리 솔루션을 선보인다.\n1일 LG전자에 따르면, 최근 경기도 광주시에 위치한 곤지암리조트에 인공지능 로봇을 활용한 AI 시설관리 솔루션을 적용했다.\n이번에 처음 선보인 AI 시설관리 솔루션은 인공지능 로봇, 자율주행, 5G, 원격제어, 사물 DID(블록체인 기술을 기반으로 사물에 고유 식별자를 부여해 사물의 신원을 인증하는 기술) 등 혁신기술이 적용됐다.\nLG전자가 독자 개발한 지능형 관제 시스템과 인공지능 로봇을 연동시켜 시설관리에 필요한 정보와 주변 상황을 실시간으로 관제실에 공유한다.\n이렇게 전달된 데이터를 기반으로 시설관리 담당자는 돌발 상황에 신속하게 대응하고 리조트를 효율적으로 관리할 수 있다.\n특히 솔루션의 핵심인 인공지능 로봇은 인력 운용의 효율성을 높여준다.\n자율주행 기능은 물론, 바퀴 사이의 간격을 조절할 수 있다.\n실내외 공간을 자유롭게 돌아다니며 시설물 점검, 응급환자 확인 등이 가능하다.\nLG전자는 향후 여러 센서를 장착해 연기, 온도, 냄새 등 다양한 상황을 감지하는 기능을 선보일 계획이다.\n아울러 LG CNS가 개발한 사물 DID 기술이 적용돼 인공지능 로봇이 수집한 데이터가 위·변조될 가능성을 차단했다.\nLG전자는 비대면 접객 서비스를 제공할 수 있도록 AI 컨시어지 솔루션도 도입했다.\n이 솔루션은 인간과 로봇이 상호작용할 수 있도록 해주는 휴먼로봇 인터랙션(HRI) 기술이 적용됐다.\n숙박시설 곳곳에 설치된 디지털 사이니지, 플로팅 디스플레이 등을 활용해 원하는 정보를 안내받는 식이다.\nLG전자가 AI 로봇을 활용한 솔루션 개발에 속도를 올리고 있는 데에는 서비스로봇이 성장세가 유망한 미래먹거리이기 때문이다.\n전세계 서비스로봇 시장 규모는 지난해 123억달러에서 2025년 805억달러로 7배 이상 고성장이 성장할 것으로 예상된다.\nLG전자 관계자는 데일리임팩트에 \\\"배달, 바리스타, 식당 서빙 로봇 등 다양한 분야에서의 로봇을 개발했다\\\"며 \\\"우선 곤지암 리조트에서 로봇 솔루션에 대해 활용해 본 후 추가적으로 확대할지에 대한 방향성이 잡힐 것 같다\\\"고 설명했다.\n이어 \\\"AI 시설관리 솔루션과 AI 컨시어지 솔루션이 호텔·리조트 업계에서 시설관리 분야 리더십을 더욱 공고히 할 것으로 기대하고 있다\\\"고 강조했다.",
    "partNum": "P1",
    "useType": 0,
    "processType": "D",
    "processPattern": "11",
    "processLevel": "하",
    "sentenceCount": 17,
    "sentenceInfo": [
      {
        "sentenceNo": 1,
        "sentenceContent": "LG전자가 AI(인공지능)와 로봇을 활용한 시설관리 솔루션을 선보인다.",
        "sentenceSize": 39
      },
      {
        "sentenceNo": 2,
        "sentenceContent": "1일 LG전자에 따르면, 최근 경기도 광주시에 위치한 곤지암리조트에 인공지능 로봇을 활용한 AI 시설관리 솔루션을 적용했다.",
        "sentenceSize": 69
      },
      {
        "sentenceNo": 3,
        "sentenceContent": "이번에 처음 선보인 AI 시설관리 솔루션은 인공지능 로봇, 자율주행, 5G, 원격제어, 사물 DID(블록체인 기술을 기반으로 사물에 고유 식별자를 부여해 사물의 신원을 인증하는 기술) 등 혁신기술이 적용됐다.",
        "sentenceSize": 116
      },
      {
        "sentenceNo": 4,
        "sentenceContent": "LG전자가 독자 개발한 지능형 관제 시스템과 인공지능 로봇을 연동시켜 시설관리에 필요한 정보와 주변 상황을 실시간으로 관제실에 공유한다.",
        "sentenceSize": 76
      },
      {
        "sentenceNo": 5,
        "sentenceContent": "이렇게 전달된 데이터를 기반으로 시설관리 담당자는 돌발 상황에 신속하게 대응하고 리조트를 효율적으로 관리할 수 있다.",
        "sentenceSize": 65
      },
      {
        "sentenceNo": 6,
        "sentenceContent": "특히 솔루션의 핵심인 인공지능 로봇은 인력 운용의 효율성을 높여준다.",
        "sentenceSize": 38
      },
      {
        "sentenceNo": 7,
        "sentenceContent": "자율주행 기능은 물론, 바퀴 사이의 간격을 조절할 수 있다.",
        "sentenceSize": 33
      },
      {
        "sentenceNo": 8,
        "sentenceContent": "실내외 공간을 자유롭게 돌아다니며 시설물 점검, 응급환자 확인 등이 가능하다.",
        "sentenceSize": 43
      },
      {
        "sentenceNo": 9,
        "sentenceContent": "LG전자는 향후 여러 센서를 장착해 연기, 온도, 냄새 등 다양한 상황을 감지하는 기능을 선보일 계획이다.",
        "sentenceSize": 59
      },
      {
        "sentenceNo": 10,
        "sentenceContent": "아울러 LG CNS가 개발한 사물 DID 기술이 적용돼 인공지능 로봇이 수집한 데이터가 위·변조될 가능성을 차단했다.",
        "sentenceSize": 65
      },
      {
        "sentenceNo": 11,
        "sentenceContent": "LG전자는 비대면 접객 서비스를 제공할 수 있도록 AI 컨시어지 솔루션도 도입했다.",
        "sentenceSize": 46
      },
      {
        "sentenceNo": 12,
        "sentenceContent": "이 솔루션은 인간과 로봇이 상호작용할 수 있도록 해주는 휴먼로봇 인터랙션(HRI) 기술이 적용됐다.",
        "sentenceSize": 55
      },
      {
        "sentenceNo": 13,
        "sentenceContent": "숙박시설 곳곳에 설치된 디지털 사이니지, 플로팅 디스플레이 등을 활용해 원하는 정보를 안내받는 식이다.",
        "sentenceSize": 57
      },
      {
        "sentenceNo": 14,
        "sentenceContent": "LG전자가 AI 로봇을 활용한 솔루션 개발에 속도를 올리고 있는 데에는 서비스로봇이 성장세가 유망한 미래먹거리이기 때문이다.",
        "sentenceSize": 69
      },
      {
        "sentenceNo": 15,
        "sentenceContent": "전세계 서비스로봇 시장 규모는 지난해 123억달러에서 2025년 805억달러로 7배 이상 고성장이 성장할 것으로 예상된다.",
        "sentenceSize": 68
      },
      {
        "sentenceNo": 16,
        "sentenceContent": "LG전자 관계자는 데일리임팩트에 \\\"배달, 바리스타, 식당 서빙 로봇 등 다양한 분야에서의 로봇을 개발했다\\\"며 \\\"우선 곤지암 리조트에서 로봇 솔루션에 대해 활용해 본 후 추가적으로 확대할지에 대한 방향성이 잡힐 것 같다\\\"고 설명했다.",
        "sentenceSize": 133
      },
      {
        "sentenceNo": 17,
        "sentenceContent": "이어 \\\"AI 시설관리 솔루션과 AI 컨시어지 솔루션이 호텔·리조트 업계에서 시설관리 분야 리더십을 더욱 공고히 할 것으로 기대하고 있다\\\"고 강조했다.",
        "sentenceSize": 85
      }
    ]
  },
  "labeledDataInfo": {
    "newTitle": "'AI 시설관리 솔루션' 적용하는 LG전자... 그 첫 번째는? ",
    "clickbaitClass": 0,
    "referSentenceInfo": [
      {
        "sentenceNo": 1,
        "referSentenceyn": "N"
      },
      {
        "sentenceNo": 2,
        "referSentenceyn": "N"
      },
      {
        "sentenceNo": 3,
        "referSentenceyn": "Y"
      },
      {
        "sentenceNo": 4,
        "referSentenceyn": "N"
      },
      {
        "sentenceNo": 5,
        "referSentenceyn": "N"
      },
      {
        "sentenceNo": 6,
        "referSentenceyn": "N"
      },
      {
        "sentenceNo": 7,
        "referSentenceyn": "N"
      },
      {
        "sentenceNo": 8,
        "referSentenceyn": "N"
      },
      {
        "sentenceNo": 9,
        "referSentenceyn": "N"
      },
      {
        "sentenceNo": 10,
        "referSentenceyn": "N"
      },
      {
        "sentenceNo": 11,
        "referSentenceyn": "N"
      },
      {
        "sentenceNo": 12,
        "referSentenceyn": "N"
      },
      {
        "sentenceNo": 13,
        "referSentenceyn": "N"
      },
      {
        "sentenceNo": 14,
        "referSentenceyn": "N"
      },
      {
        "sentenceNo": 15,
        "referSentenceyn": "N"
      },
      {
        "sentenceNo": 16,
        "referSentenceyn": "N"
      },
      {
        "sentenceNo": 17,
        "referSentenceyn": "N"
      }
    ]
  }
}