{
  "sourceDataInfo": {
    "newsID": "EC_M02_160533",
    "newsCategory": "경제",
    "newsSubcategory": "산업",
    "newsTitle": "세븐일레븐, 6년째 해군순항훈련 정기 후원 '눈길'",
    "newsSubTitle": "가공식품 등 1000만원 상당 식료품 구성",
    "newsContent": "편의점 세븐일레븐은 성공적인 '2020 해군순항훈련'을 응원하기 위해 지난 21일 해군 순항훈련전단에 후원 물품을 전달했다고 22일 밝혔다.\n세븐일레븐은 나라사랑 캠페인의 일환으로 지난 2015년부터 6년째 해군 순항훈련전단에 정기적으로 물품 후원을 이어오고 있다.\n2016년에는 공식적으로 '해군순항훈련 후원 MOU'를 체결하기도 했으며, 지금까지 후원한 금액은 약 1억원에 달한다.\n후원물품은 오랜 기간 군함에서 생활할 해군 생도들을 위해 과자, 라면, 가공식품 등 총 1000만 원 상당의 식료품으로 구성됐다.\n해군순항훈련은 장교 임관을 앞둔 사관생도들의 마지막 과정으로 원양항해 실습과 실무 적응능력 함양, 순방국과의 군사외교 활동을 위한 다목적 군사 훈련으로 지난 1954년 이래 매년 시행되고 있다.\n올해 해군순항훈련은 내달부터 12월까지 약 3개월간 진행될 예정이다.\n세븐일레븐 관계자는 미디어SR에 \\\"세븐일레븐은 나라사랑을 테마로 한 차별화 사회공헌을 꾸준히 전개하고 있다\\\"고 설명했다.\n지난 2014년 백령도 해병부대 방문을 시작으로 전방부대 위문품 전달, 전역장교채용, 유엔 참전용사 후손 후원 등 다양한 호국보훈 관련 활동을 펼쳐나가고 있다.\n또한, 이달 초에는 수해현장에서 대민지원활동을 펼치고 있는 군부대 장병들을 위해 음료 1만 5000개를 후원하기도 했다.\n함태영 세븐일레븐 커뮤니케이션부문장은 \\\"해군순항훈련은 전 세계에 우리 대한민국 해군의 우수성을 알리는 국위선양의 장\\\"이라며 \\\"코로나19로 어려운 상황이지만 모든 생도들이 건강하게 훈련을 마치고 돌아오길 기원하며 세븐일레븐도 함께 응원하겠다\\\"고 말했다.",
    "partNum": "P1",
    "useType": 0,
    "processType": "D",
    "processPattern": "15",
    "processLevel": "중",
    "sentenceCount": 10,
    "sentenceInfo": [
      {
        "sentenceNo": 1,
        "sentenceContent": "편의점 세븐일레븐은 성공적인 '2020 해군순항훈련'을 응원하기 위해 지난 21일 해군 순항훈련전단에 후원 물품을 전달했다고 22일 밝혔다.",
        "sentenceSize": 78
      },
      {
        "sentenceNo": 2,
        "sentenceContent": "세븐일레븐은 나라사랑 캠페인의 일환으로 지난 2015년부터 6년째 해군 순항훈련전단에 정기적으로 물품 후원을 이어오고 있다.",
        "sentenceSize": 69
      },
      {
        "sentenceNo": 3,
        "sentenceContent": "2016년에는 공식적으로 '해군순항훈련 후원 MOU'를 체결하기도 했으며, 지금까지 후원한 금액은 약 1억원에 달한다.",
        "sentenceSize": 66
      },
      {
        "sentenceNo": 4,
        "sentenceContent": "후원물품은 오랜 기간 군함에서 생활할 해군 생도들을 위해 과자, 라면, 가공식품 등 총 1000만 원 상당의 식료품으로 구성됐다.",
        "sentenceSize": 72
      },
      {
        "sentenceNo": 5,
        "sentenceContent": "해군순항훈련은 장교 임관을 앞둔 사관생도들의 마지막 과정으로 원양항해 실습과 실무 적응능력 함양, 순방국과의 군사외교 활동을 위한 다목적 군사 훈련으로 지난 1954년 이래 매년 시행되고 있다.",
        "sentenceSize": 108
      },
      {
        "sentenceNo": 6,
        "sentenceContent": "올해 해군순항훈련은 내달부터 12월까지 약 3개월간 진행될 예정이다.",
        "sentenceSize": 38
      },
      {
        "sentenceNo": 7,
        "sentenceContent": "세븐일레븐 관계자는 미디어SR에 \\\"세븐일레븐은 나라사랑을 테마로 한 차별화 사회공헌을 꾸준히 전개하고 있다\\\"고 설명했다.",
        "sentenceSize": 69
      },
      {
        "sentenceNo": 8,
        "sentenceContent": "지난 2014년 백령도 해병부대 방문을 시작으로 전방부대 위문품 전달, 전역장교채용, 유엔 참전용사 후손 후원 등 다양한 호국보훈 관련 활동을 펼쳐나가고 있다.",
        "sentenceSize": 89
      },
      {
        "sentenceNo": 9,
        "sentenceContent": "또한, 이달 초에는 수해현장에서 대민지원활동을 펼치고 있는 군부대 장병들을 위해 음료 1만 5000개를 후원하기도 했다.",
        "sentenceSize": 67
      },
      {
        "sentenceNo": 10,
        "sentenceContent": "함태영 세븐일레븐 커뮤니케이션부문장은 \\\"해군순항훈련은 전 세계에 우리 대한민국 해군의 우수성을 알리는 국위선양의 장\\\"이라며 \\\"코로나19로 어려운 상황이지만 모든 생도들이 건강하게 훈련을 마치고 돌아오길 기원하며 세븐일레븐도 함께 응원하겠다\\\"고 말했다.",
        "sentenceSize": 144
      }
    ]
  },
  "labeledDataInfo": {
    "newTitle": "세븐일레븐, 해군 순항훈련전단에 6년째 전폭적인 후원",
    "clickbaitClass": 0,
    "referSentenceInfo": [
      {
        "sentenceNo": 1,
        "referSentenceyn": "Y"
      },
      {
        "sentenceNo": 2,
        "referSentenceyn": "N"
      },
      {
        "sentenceNo": 3,
        "referSentenceyn": "N"
      },
      {
        "sentenceNo": 4,
        "referSentenceyn": "N"
      },
      {
        "sentenceNo": 5,
        "referSentenceyn": "N"
      },
      {
        "sentenceNo": 6,
        "referSentenceyn": "N"
      },
      {
        "sentenceNo": 7,
        "referSentenceyn": "N"
      },
      {
        "sentenceNo": 8,
        "referSentenceyn": "N"
      },
      {
        "sentenceNo": 9,
        "referSentenceyn": "N"
      },
      {
        "sentenceNo": 10,
        "referSentenceyn": "N"
      }
    ]
  }
}