{
  "sourceDataInfo": {
    "newsID": "EC_M02_156433",
    "newsCategory": "경제",
    "newsSubcategory": "산업",
    "newsTitle": "한국솔가, '착한소비 캠페인' 통해 국내 난임 문제 해결 앞장",
    "newsSubTitle": "제7회 난임가족의 날 행사에 착한소비 후원금 및 솔가 제품 지원 상금과 후원제품, ‘한국솔가 사장상'∙'참가자 선물' 등 행사에 사용",
    "newsContent": "프리미엄 비타민 전문 브랜드 한국솔가(대표 박미숙)가 '제7회 난임가족의 날 행사'에 '착한소비 캠페인'을 통해 모금된 후원금 및 제품을 지원했다고 12일 밝혔다.\n한국난임가족연합회가 주최하고 보건복지부와 서울특별시가 후원하는 '난임가족의 날 행사'는 임신과 출산에 강한 의지가 있는 난임 부부가 행복한 삶을 영위할 수 있도록 응원하고 격려하기 위해 기획됐다.\n11일 한국프레스센터에서 진행된 제7회 난임가족의 날 행사에서는 '난임 성공 수기 공모전 된다! 된다! 꼭 된다!' 시상식과 '난임 바로 알기 주간 캠페인' 소개 등이 진행됐다.\n한국솔가는 이번 행사에 지난 5월부터 진행된 착한소비 캠페인을 통해 모인 후원금과 '솔가 엽산 400' 500개∙'솔가 남녀 멀티비타민&미네랄' 14세트 등을 지원했다.\n후원금은 난임 성공 수기 공모전 '한국솔가 사장상' 상금 등 행사 운영을 위해 사용됐으며, 후원 제품은 '난임 바로 알기 주간 캠페인' 난임 병원 및 행사 참가자에게 전달됐다.\n한국솔가 박미숙 대표는 \\\"국내 난임 문제 해결을 위해 모인 뜻깊은 자리에 보탬이 될 수 있어 매우 영광\\\"이라며 \\\"이번 난임가족의 날 행사를 통해 국내 난임 부부가 꿈과 희망을 갖고, 더욱 행복한 미래를 준비할 수 있길 바란다\\\"고 말했다.\n한국솔가 관계자는 미디어SR에 \\\"한국솔가는 지난 5월 한국난임가족연합회와 업무협약을 체결, 임신전∙후 건강 관리에 도움을 주는 비타민 1개 판매 시 100원을 기부하는 착한소비 캠페인을 진행중\\\"이라고 설명했다.",
    "partNum": "P1",
    "useType": 0,
    "processType": "D",
    "processPattern": "14",
    "processLevel": "중",
    "sentenceCount": 7,
    "sentenceInfo": [
      {
        "sentenceNo": 1,
        "sentenceContent": "프리미엄 비타민 전문 브랜드 한국솔가(대표 박미숙)가 '제7회 난임가족의 날 행사'에 '착한소비 캠페인'을 통해 모금된 후원금 및 제품을 지원했다고 12일 밝혔다.",
        "sentenceSize": 91
      },
      {
        "sentenceNo": 2,
        "sentenceContent": "한국난임가족연합회가 주최하고 보건복지부와 서울특별시가 후원하는 '난임가족의 날 행사'는 임신과 출산에 강한 의지가 있는 난임 부부가 행복한 삶을 영위할 수 있도록 응원하고 격려하기 위해 기획됐다.",
        "sentenceSize": 109
      },
      {
        "sentenceNo": 3,
        "sentenceContent": "11일 한국프레스센터에서 진행된 제7회 난임가족의 날 행사에서는 '난임 성공 수기 공모전 된다! 된다! 꼭 된다!' 시상식과 '난임 바로 알기 주간 캠페인' 소개 등이 진행됐다.",
        "sentenceSize": 99
      },
      {
        "sentenceNo": 4,
        "sentenceContent": "한국솔가는 이번 행사에 지난 5월부터 진행된 착한소비 캠페인을 통해 모인 후원금과 '솔가 엽산 400' 500개∙'솔가 남녀 멀티비타민&미네랄' 14세트 등을 지원했다.",
        "sentenceSize": 94
      },
      {
        "sentenceNo": 5,
        "sentenceContent": "후원금은 난임 성공 수기 공모전 '한국솔가 사장상' 상금 등 행사 운영을 위해 사용됐으며, 후원 제품은 '난임 바로 알기 주간 캠페인' 난임 병원 및 행사 참가자에게 전달됐다.",
        "sentenceSize": 98
      },
      {
        "sentenceNo": 6,
        "sentenceContent": "한국솔가 박미숙 대표는 \\\"국내 난임 문제 해결을 위해 모인 뜻깊은 자리에 보탬이 될 수 있어 매우 영광\\\"이라며 \\\"이번 난임가족의 날 행사를 통해 국내 난임 부부가 꿈과 희망을 갖고, 더욱 행복한 미래를 준비할 수 있길 바란다\\\"고 말했다.",
        "sentenceSize": 136
      },
      {
        "sentenceNo": 7,
        "sentenceContent": "한국솔가 관계자는 미디어SR에 \\\"한국솔가는 지난 5월 한국난임가족연합회와 업무협약을 체결, 임신전∙후 건강 관리에 도움을 주는 비타민 1개 판매 시 100원을 기부하는 착한소비 캠페인을 진행중\\\"이라고 설명했다.",
        "sentenceSize": 119
      }
    ]
  },
  "labeledDataInfo": {
    "newTitle": "한국솔가, '난임가족의 날 행사' 후원금 '플렉스'",
    "clickbaitClass": 0,
    "referSentenceInfo": [
      {
        "sentenceNo": 1,
        "referSentenceyn": "N"
      },
      {
        "sentenceNo": 2,
        "referSentenceyn": "N"
      },
      {
        "sentenceNo": 3,
        "referSentenceyn": "N"
      },
      {
        "sentenceNo": 4,
        "referSentenceyn": "Y"
      },
      {
        "sentenceNo": 5,
        "referSentenceyn": "N"
      },
      {
        "sentenceNo": 6,
        "referSentenceyn": "N"
      },
      {
        "sentenceNo": 7,
        "referSentenceyn": "N"
      }
    ]
  }
}