{
  "sourceDataInfo": {
    "newsID": "EC_M02_157862",
    "newsCategory": "경제",
    "newsSubcategory": "산업",
    "newsTitle": "LS 바꾼 구자열 '겹경사'",
    "newsSubTitle": "제2회 지니어워즈 수상…LS일렉트릭 청주공장 세계등대공장 선정 취임 후 체질 개선에 주력…“LS, 디지털·친환경 바탕으로 도약할 것”",
    "newsContent": "구자열 LS그룹 회장이 겹경사를 맞았다.\n주력 계열사 LS일렉트릭 청주공장이 올해 '세계등대공장'에 선정된 데 이어 구 회장도 지니어워즈 수상자로 선정됐다.\n30일 재계에 따르면, 구 회장은 전날 제2회 지니(GENIE·Global Emerging Network In Economy)포럼에서 지니어워즈를 수상했다.\n지니포럼은 전라북도·국가균형발전위원회·전주시·국민연금공단 등과 함께 개최하는 경제포럼이다.\n전라북도·국민연금공단이 개최했던 국제금융 컨퍼런스를 확대 개편한 이 포럼은 지난해 지니어워즈는 제정했다.\n세계 경제 교류를 이끄는 국내외 혁신가 또는 단체를 발굴하기 위해서다.\n첫 수상자는 오바마 재단으로, 지난해 세계 지역사회 리더 양성, 국제 협력 네트워크 구축에 기여한 공을 인정받았다.\n구 회장은 혁신과 상생의 기업가 정신을 확산하고 우리나라 기업들의 네트워크 확대에 기여했다는 평가다.\n이와 관련, 한국무역협회 회장을 맡아 신종 코로나바이러스 감염증(코로나19) 세계적 대유행으로 수출에 어려움을 겪는 중소기업인들을 위해 백신 접종을 지원하며 민관협력을 이끌어냈다.\n또 신재생에너지와 친환경 사업에 집중 투자하고 그룹 내 ESG위원회를 출범시키는 등 지속 가능한 사회를 만드는데 노력을 기울였다.\n구 회장은 \\\"우리 경제의 혁신과 세계적 네트워크 확대를 위해 더 열심히 발로 뛰는 모습을 보여드리겠다\\\"며 상금 1만달러 전액을 기부했다.\n이에 LS그룹과 무협도 동참, 각각 3만달러와 1만달러를 추가 기부했다.\n총 5만달러에 달하는 기부금은 구 회장의 요청을 반영해 전라북도 주요 대학 국제금융 관련 학과 학생들을 지원하는 데 사용될 예정이다.\n같은 날 LS일렉트릭 청주스마트공장은 세계경제포럼(WEF·다보스포럼) 2021 세계경제포럼 등대공장 연차회의에서 등대공장(Lighthouse Factory)에 선정됐다.\n국내 제조공장이 등대공장에 선정된 것은 2019년 포스코 이후 두 번째다.\n세계경제포럼은 2018년부터 전세계 공장들을 6개월 이상 심사해 매년 2차례 등대공장을 발표하고 있다.\n등대공장은 어두운 바다에 등대가 불을 비춰 배들의 길을 안내하듯, 사물인터넷(IoT), 인공지능(AI), 클라우드 등 4차 산업혁명을 견인할 핵심 기술을 적극 활용해 새로운 제조업의 성과 모델을 만들어 내는 공장을 뜻한다.\n존슨&존슨, 슈나이더 일렉트릭, 폭스콘 등 전 세계 총 90개 기업만이 등대공장을 타이틀을 보유하고 있다.\nLS일렉트릭 청주스마트공장은 AI·IoT를 활용해 원가 절감·생산 효율성 제고는 물론, 고객사의 다양한 요구에 유연하게 대응할 수 있는 체계를 구축한 점이 높은 점수를 받았다.\n또 자체 개발한 에너지관리솔루션(EMS)을 공장에 적용해 에너지 효율을 높임으로써 실질적인 ESG 경영에 나선 점도 좋은 평가를 받았다.\n실제 청주스마트공장은 부품 공급, 조립, 시험, 포장 등 전 라인에 걸쳐 자동화 시스템을 구축한 뒤 저압기기 라인 38개 품목의 1일 생산량은 기존 7500대 수준에서 2만대로 확대됐다.\n반면 불량률은 세계 스마트공장 수준인 6PPM(백만분율)으로 급감했다.\n또 에너지 사용량은 60% 이상 절감됐다.\n한편, 재계에서는 구 회장의 의지에 힘입어 LS의 체질이 개선되고 있다는 평가다.\n오랜 기간 상사맨으로 현장을 누볐던 그는 그룹 회장에 오른 뒤 장기 성장 동력을 만드는 데 주력했다.\n이를 위해 LS니꼬동제련의 파나마 자원개발권, LS전선의 중국 우시 생산법인 등 불필요한 사업을 정리했다.\n동시에 제조업에 빅데이터·스마트에너지 기술 등을 접목해 생산 효율성을 높였다.\nLS전선의 온라인 기업간거래(B2B) 케이블 판매 시스템인 원픽, LS니꼬동제련 온산제련소 생산 자동화, E1의 안전환경 포털 시스템이 대표적이다.\n이에 LS그룹이 친환경·디지털을 기반으로 성장을 가속화할 것이라는 관측이 나온다.\n재계 관계자는 데일리임팩트에 \\\"LS가 전략적 파트너십이나 개방적 협력과 같은 기존과 다른 연구개발(R&D)을 추진하면서 혁신의 수준과 그룹의 역량이 진화하고 있다\\\"며 \\\"그룹 차원에서 디지털 전환과 친환경사업 경쟁력을 강화하고 있다는 점에서 앞으로가 기대된다\\\"고 말했다.",
    "partNum": "P1",
    "useType": 0,
    "processType": "D",
    "processPattern": "11",
    "processLevel": "하",
    "sentenceCount": 30,
    "sentenceInfo": [
      {
        "sentenceNo": 1,
        "sentenceContent": "구자열 LS그룹 회장이 겹경사를 맞았다.",
        "sentenceSize": 22
      },
      {
        "sentenceNo": 2,
        "sentenceContent": "주력 계열사 LS일렉트릭 청주공장이 올해 '세계등대공장'에 선정된 데 이어 구 회장도 지니어워즈 수상자로 선정됐다.",
        "sentenceSize": 64
      },
      {
        "sentenceNo": 3,
        "sentenceContent": "30일 재계에 따르면, 구 회장은 전날 제2회 지니(GENIE·Global Emerging Network In Economy)포럼에서 지니어워즈를 수상했다.",
        "sentenceSize": 87
      },
      {
        "sentenceNo": 4,
        "sentenceContent": "지니포럼은 전라북도·국가균형발전위원회·전주시·국민연금공단 등과 함께 개최하는 경제포럼이다.",
        "sentenceSize": 50
      },
      {
        "sentenceNo": 5,
        "sentenceContent": "전라북도·국민연금공단이 개최했던 국제금융 컨퍼런스를 확대 개편한 이 포럼은 지난해 지니어워즈는 제정했다.",
        "sentenceSize": 58
      },
      {
        "sentenceNo": 6,
        "sentenceContent": "세계 경제 교류를 이끄는 국내외 혁신가 또는 단체를 발굴하기 위해서다.",
        "sentenceSize": 39
      },
      {
        "sentenceNo": 7,
        "sentenceContent": "첫 수상자는 오바마 재단으로, 지난해 세계 지역사회 리더 양성, 국제 협력 네트워크 구축에 기여한 공을 인정받았다.",
        "sentenceSize": 64
      },
      {
        "sentenceNo": 8,
        "sentenceContent": "구 회장은 혁신과 상생의 기업가 정신을 확산하고 우리나라 기업들의 네트워크 확대에 기여했다는 평가다.",
        "sentenceSize": 56
      },
      {
        "sentenceNo": 9,
        "sentenceContent": "이와 관련, 한국무역협회 회장을 맡아 신종 코로나바이러스 감염증(코로나19) 세계적 대유행으로 수출에 어려움을 겪는 중소기업인들을 위해 백신 접종을 지원하며 민관협력을 이끌어냈다.",
        "sentenceSize": 100
      },
      {
        "sentenceNo": 10,
        "sentenceContent": "또 신재생에너지와 친환경 사업에 집중 투자하고 그룹 내 ESG위원회를 출범시키는 등 지속 가능한 사회를 만드는데 노력을 기울였다.",
        "sentenceSize": 72
      },
      {
        "sentenceNo": 11,
        "sentenceContent": "구 회장은 \\\"우리 경제의 혁신과 세계적 네트워크 확대를 위해 더 열심히 발로 뛰는 모습을 보여드리겠다\\\"며 상금 1만달러 전액을 기부했다.",
        "sentenceSize": 78
      },
      {
        "sentenceNo": 12,
        "sentenceContent": "이에 LS그룹과 무협도 동참, 각각 3만달러와 1만달러를 추가 기부했다.",
        "sentenceSize": 40
      },
      {
        "sentenceNo": 13,
        "sentenceContent": "총 5만달러에 달하는 기부금은 구 회장의 요청을 반영해 전라북도 주요 대학 국제금융 관련 학과 학생들을 지원하는 데 사용될 예정이다.",
        "sentenceSize": 74
      },
      {
        "sentenceNo": 14,
        "sentenceContent": "같은 날 LS일렉트릭 청주스마트공장은 세계경제포럼(WEF·다보스포럼) 2021 세계경제포럼 등대공장 연차회의에서 등대공장(Lighthouse Factory)에 선정됐다.",
        "sentenceSize": 94
      },
      {
        "sentenceNo": 15,
        "sentenceContent": "국내 제조공장이 등대공장에 선정된 것은 2019년 포스코 이후 두 번째다.",
        "sentenceSize": 41
      },
      {
        "sentenceNo": 16,
        "sentenceContent": "세계경제포럼은 2018년부터 전세계 공장들을 6개월 이상 심사해 매년 2차례 등대공장을 발표하고 있다.",
        "sentenceSize": 57
      },
      {
        "sentenceNo": 17,
        "sentenceContent": "등대공장은 어두운 바다에 등대가 불을 비춰 배들의 길을 안내하듯, 사물인터넷(IoT), 인공지능(AI), 클라우드 등 4차 산업혁명을 견인할 핵심 기술을 적극 활용해 새로운 제조업의 성과 모델을 만들어 내는 공장을 뜻한다.",
        "sentenceSize": 124
      },
      {
        "sentenceNo": 18,
        "sentenceContent": "존슨&존슨, 슈나이더 일렉트릭, 폭스콘 등 전 세계 총 90개 기업만이 등대공장을 타이틀을 보유하고 있다.",
        "sentenceSize": 59
      },
      {
        "sentenceNo": 19,
        "sentenceContent": "LS일렉트릭 청주스마트공장은 AI·IoT를 활용해 원가 절감·생산 효율성 제고는 물론, 고객사의 다양한 요구에 유연하게 대응할 수 있는 체계를 구축한 점이 높은 점수를 받았다.",
        "sentenceSize": 98
      },
      {
        "sentenceNo": 20,
        "sentenceContent": "또 자체 개발한 에너지관리솔루션(EMS)을 공장에 적용해 에너지 효율을 높임으로써 실질적인 ESG 경영에 나선 점도 좋은 평가를 받았다.",
        "sentenceSize": 76
      },
      {
        "sentenceNo": 21,
        "sentenceContent": "실제 청주스마트공장은 부품 공급, 조립, 시험, 포장 등 전 라인에 걸쳐 자동화 시스템을 구축한 뒤 저압기기 라인 38개 품목의 1일 생산량은 기존 7500대 수준에서 2만대로 확대됐다.",
        "sentenceSize": 104
      },
      {
        "sentenceNo": 22,
        "sentenceContent": "반면 불량률은 세계 스마트공장 수준인 6PPM(백만분율)으로 급감했다.",
        "sentenceSize": 39
      },
      {
        "sentenceNo": 23,
        "sentenceContent": "또 에너지 사용량은 60% 이상 절감됐다.",
        "sentenceSize": 23
      },
      {
        "sentenceNo": 24,
        "sentenceContent": "한편, 재계에서는 구 회장의 의지에 힘입어 LS의 체질이 개선되고 있다는 평가다.",
        "sentenceSize": 45
      },
      {
        "sentenceNo": 25,
        "sentenceContent": "오랜 기간 상사맨으로 현장을 누볐던 그는 그룹 회장에 오른 뒤 장기 성장 동력을 만드는 데 주력했다.",
        "sentenceSize": 56
      },
      {
        "sentenceNo": 26,
        "sentenceContent": "이를 위해 LS니꼬동제련의 파나마 자원개발권, LS전선의 중국 우시 생산법인 등 불필요한 사업을 정리했다.",
        "sentenceSize": 59
      },
      {
        "sentenceNo": 27,
        "sentenceContent": "동시에 제조업에 빅데이터·스마트에너지 기술 등을 접목해 생산 효율성을 높였다.",
        "sentenceSize": 43
      },
      {
        "sentenceNo": 28,
        "sentenceContent": "LS전선의 온라인 기업간거래(B2B) 케이블 판매 시스템인 원픽, LS니꼬동제련 온산제련소 생산 자동화, E1의 안전환경 포털 시스템이 대표적이다.",
        "sentenceSize": 82
      },
      {
        "sentenceNo": 29,
        "sentenceContent": "이에 LS그룹이 친환경·디지털을 기반으로 성장을 가속화할 것이라는 관측이 나온다.",
        "sentenceSize": 45
      },
      {
        "sentenceNo": 30,
        "sentenceContent": "재계 관계자는 데일리임팩트에 \\\"LS가 전략적 파트너십이나 개방적 협력과 같은 기존과 다른 연구개발(R&D)을 추진하면서 혁신의 수준과 그룹의 역량이 진화하고 있다\\\"며 \\\"그룹 차원에서 디지털 전환과 친환경사업 경쟁력을 강화하고 있다는 점에서 앞으로가 기대된다\\\"고 말했다.",
        "sentenceSize": 154
      }
    ]
  },
  "labeledDataInfo": {
    "newTitle": "구자열, 경제 포럼에서 수상자로 선정된 노하우는?",
    "clickbaitClass": 0,
    "referSentenceInfo": [
      {
        "sentenceNo": 1,
        "referSentenceyn": "N"
      },
      {
        "sentenceNo": 2,
        "referSentenceyn": "Y"
      },
      {
        "sentenceNo": 3,
        "referSentenceyn": "N"
      },
      {
        "sentenceNo": 4,
        "referSentenceyn": "N"
      },
      {
        "sentenceNo": 5,
        "referSentenceyn": "N"
      },
      {
        "sentenceNo": 6,
        "referSentenceyn": "N"
      },
      {
        "sentenceNo": 7,
        "referSentenceyn": "N"
      },
      {
        "sentenceNo": 8,
        "referSentenceyn": "N"
      },
      {
        "sentenceNo": 9,
        "referSentenceyn": "N"
      },
      {
        "sentenceNo": 10,
        "referSentenceyn": "N"
      },
      {
        "sentenceNo": 11,
        "referSentenceyn": "N"
      },
      {
        "sentenceNo": 12,
        "referSentenceyn": "N"
      },
      {
        "sentenceNo": 13,
        "referSentenceyn": "N"
      },
      {
        "sentenceNo": 14,
        "referSentenceyn": "N"
      },
      {
        "sentenceNo": 15,
        "referSentenceyn": "N"
      },
      {
        "sentenceNo": 16,
        "referSentenceyn": "N"
      },
      {
        "sentenceNo": 17,
        "referSentenceyn": "N"
      },
      {
        "sentenceNo": 18,
        "referSentenceyn": "N"
      },
      {
        "sentenceNo": 19,
        "referSentenceyn": "N"
      },
      {
        "sentenceNo": 20,
        "referSentenceyn": "N"
      },
      {
        "sentenceNo": 21,
        "referSentenceyn": "N"
      },
      {
        "sentenceNo": 22,
        "referSentenceyn": "N"
      },
      {
        "sentenceNo": 23,
        "referSentenceyn": "N"
      },
      {
        "sentenceNo": 24,
        "referSentenceyn": "N"
      },
      {
        "sentenceNo": 25,
        "referSentenceyn": "N"
      },
      {
        "sentenceNo": 26,
        "referSentenceyn": "N"
      },
      {
        "sentenceNo": 27,
        "referSentenceyn": "N"
      },
      {
        "sentenceNo": 28,
        "referSentenceyn": "N"
      },
      {
        "sentenceNo": 29,
        "referSentenceyn": "N"
      },
      {
        "sentenceNo": 30,
        "referSentenceyn": "N"
      }
    ]
  }
}