{
  "sourceDataInfo": {
    "newsID": "EC_M02_157447",
    "newsCategory": "경제",
    "newsSubcategory": "산업",
    "newsTitle": "우아한형제들, DB손보와 자전거·전동킥보드 전용 보험 출시",
    "newsSubTitle": "",
    "newsContent": "배달앱 배달의민족을 운영하는 우아한형제들이 DB손해보험과 업무협약(MOU)을 체결하고 자전거, 전기 자전거, 전동 킥보드로 배달 업무를 수행하는 라이더를 위한 보험 프로그램을 개발했다고 18일 밝혔다.\n우아한형제들과 DB손해보험은 지난 16일 서울 강남구 대치동에 위치한 DB금융센터에서 업무 협약식을 가졌다.\n우아한형제들 윤현준 부사장과 DB손해보험 법인사업부문 정종표 부사장 및 관련 임직원들이 참석했다.\n양사의 협업으로 출시되는 이번 보험은 배민커넥트 라이더 전용 보험이다.\n자전거, 전기 자전거, 전동 킥보드를 이용하는 만 19세 이상의 배민커넥트 라이더라면 누구나 가입할 수 있다.\n별도의 가입 절차는 없다.\n배민커넥트 자전거, 킥보드 이용자로 정상 등록되면 자동 적용된다.\n2020년 1월 8일부터 시행된다.\n이에 자전거와 전동 킥보드를 이용해 배달하는 배민 커넥트 라이더들도 배달 중 발생하는 사고에 대한 보상을 받을 수 있게 됐다.\n보장 한도는 대인 배상 1억원, 대물 배상 1천만원, 본인 치료비는 5백만원이다.\n보험료는 10분 단위로 산정되며, 최대한 합리적인 금액으로 책정한다는 방침이다.\n우아한형제들 관계자는 미디어SR에 \\\"구체적인 가격은 정해지지 않았다. 보험료는 자전거, 전기자전거, 전동킥보드 모두 동일하게 적용될 것\\\"이라 설명했다.\n시간 산정은 라이더가 수행하는 각각의 배달 건에서, 배차 요청을 받은 시점부터 고객에게 음식 전달을 완료하는 시점까지의 배달 시간을 합산한다.\n우아한형제들은 \\\"이번 업무협약을 통해 시간제 라이더 배민커넥트의 위험 보장 수준을 높이는 데 뜻을 같이 했다. 이를 위해 공유 모빌리티 기업 보험에 특화된 인슈테크 전문기업 'SIMG(에스아이엠지)'와 함께 국내 최초로 자전거와 전동 킥보드 배달 운전자를 위한 보험을 개발하게 됐다\\\"고 밝혔다.\n우아한형제들 윤현준 부사장은 \\\"최근 자전거와 킥보드를 이용하는 배민커넥트는 꾸준히 증가하고 있지만 이들에 대한 위험 보장 문제는 여전히 해결되지 않은 상태였다\\\"며 \\\"이에 DB손해보험과 함께 국내 최초로 자전거와 킥보드로 배달하는 일반인 라이더를 위한 전용 보험을 출시하게 됐고, 앞으로도 배달의민족은 배민커넥트 라이더들의 안전 운행과 건강한 배달문화 정착을 위해 계속 노력해 나갈 것\\\"이라 전했다.\n한편, 우아한형제들은 지난 10월에 배민커넥트 오토바이 라이더들을 위한 '시간제 이륜자동차 보험'을 출시하기도 했다.",
    "partNum": "P1",
    "useType": 0,
    "processType": "D",
    "processPattern": "11",
    "processLevel": "하",
    "sentenceCount": 16,
    "sentenceInfo": [
      {
        "sentenceNo": 1,
        "sentenceContent": "배달앱 배달의민족을 운영하는 우아한형제들이 DB손해보험과 업무협약(MOU)을 체결하고 자전거, 전기 자전거, 전동 킥보드로 배달 업무를 수행하는 라이더를 위한 보험 프로그램을 개발했다고 18일 밝혔다.",
        "sentenceSize": 112
      },
      {
        "sentenceNo": 2,
        "sentenceContent": "우아한형제들과 DB손해보험은 지난 16일 서울 강남구 대치동에 위치한 DB금융센터에서 업무 협약식을 가졌다.",
        "sentenceSize": 60
      },
      {
        "sentenceNo": 3,
        "sentenceContent": "우아한형제들 윤현준 부사장과 DB손해보험 법인사업부문 정종표 부사장 및 관련 임직원들이 참석했다.",
        "sentenceSize": 54
      },
      {
        "sentenceNo": 4,
        "sentenceContent": "양사의 협업으로 출시되는 이번 보험은 배민커넥트 라이더 전용 보험이다.",
        "sentenceSize": 39
      },
      {
        "sentenceNo": 5,
        "sentenceContent": "자전거, 전기 자전거, 전동 킥보드를 이용하는 만 19세 이상의 배민커넥트 라이더라면 누구나 가입할 수 있다.",
        "sentenceSize": 61
      },
      {
        "sentenceNo": 6,
        "sentenceContent": "별도의 가입 절차는 없다.",
        "sentenceSize": 14
      },
      {
        "sentenceNo": 7,
        "sentenceContent": "배민커넥트 자전거, 킥보드 이용자로 정상 등록되면 자동 적용된다.",
        "sentenceSize": 36
      },
      {
        "sentenceNo": 8,
        "sentenceContent": "2020년 1월 8일부터 시행된다.",
        "sentenceSize": 19
      },
      {
        "sentenceNo": 9,
        "sentenceContent": "이에 자전거와 전동 킥보드를 이용해 배달하는 배민 커넥트 라이더들도 배달 중 발생하는 사고에 대한 보상을 받을 수 있게 됐다.",
        "sentenceSize": 70
      },
      {
        "sentenceNo": 10,
        "sentenceContent": "보장 한도는 대인 배상 1억원, 대물 배상 1천만원, 본인 치료비는 5백만원이다.",
        "sentenceSize": 45
      },
      {
        "sentenceNo": 11,
        "sentenceContent": "보험료는 10분 단위로 산정되며, 최대한 합리적인 금액으로 책정한다는 방침이다.",
        "sentenceSize": 44
      },
      {
        "sentenceNo": 12,
        "sentenceContent": "우아한형제들 관계자는 미디어SR에 \\\"구체적인 가격은 정해지지 않았다. 보험료는 자전거, 전기자전거, 전동킥보드 모두 동일하게 적용될 것\\\"이라 설명했다.",
        "sentenceSize": 86
      },
      {
        "sentenceNo": 13,
        "sentenceContent": "시간 산정은 라이더가 수행하는 각각의 배달 건에서, 배차 요청을 받은 시점부터 고객에게 음식 전달을 완료하는 시점까지의 배달 시간을 합산한다.",
        "sentenceSize": 79
      },
      {
        "sentenceNo": 14,
        "sentenceContent": "우아한형제들은 \\\"이번 업무협약을 통해 시간제 라이더 배민커넥트의 위험 보장 수준을 높이는 데 뜻을 같이 했다. 이를 위해 공유 모빌리티 기업 보험에 특화된 인슈테크 전문기업 'SIMG(에스아이엠지)'와 함께 국내 최초로 자전거와 전동 킥보드 배달 운전자를 위한 보험을 개발하게 됐다\\\"고 밝혔다.",
        "sentenceSize": 166
      },
      {
        "sentenceNo": 15,
        "sentenceContent": "우아한형제들 윤현준 부사장은 \\\"최근 자전거와 킥보드를 이용하는 배민커넥트는 꾸준히 증가하고 있지만 이들에 대한 위험 보장 문제는 여전히 해결되지 않은 상태였다\\\"며 \\\"이에 DB손해보험과 함께 국내 최초로 자전거와 킥보드로 배달하는 일반인 라이더를 위한 전용 보험을 출시하게 됐고, 앞으로도 배달의민족은 배민커넥트 라이더들의 안전 운행과 건강한 배달문화 정착을 위해 계속 노력해 나갈 것\\\"이라 전했다.",
        "sentenceSize": 226
      },
      {
        "sentenceNo": 16,
        "sentenceContent": "한편, 우아한형제들은 지난 10월에 배민커넥트 오토바이 라이더들을 위한 '시간제 이륜자동차 보험'을 출시하기도 했다.",
        "sentenceSize": 65
      }
    ]
  },
  "labeledDataInfo": {
    "newTitle": "배민커넥트 라이더를 위한 전동킥보드·자전거 보험 출시, 내용은?",
    "clickbaitClass": 0,
    "referSentenceInfo": [
      {
        "sentenceNo": 1,
        "referSentenceyn": "Y"
      },
      {
        "sentenceNo": 2,
        "referSentenceyn": "N"
      },
      {
        "sentenceNo": 3,
        "referSentenceyn": "N"
      },
      {
        "sentenceNo": 4,
        "referSentenceyn": "N"
      },
      {
        "sentenceNo": 5,
        "referSentenceyn": "N"
      },
      {
        "sentenceNo": 6,
        "referSentenceyn": "N"
      },
      {
        "sentenceNo": 7,
        "referSentenceyn": "N"
      },
      {
        "sentenceNo": 8,
        "referSentenceyn": "N"
      },
      {
        "sentenceNo": 9,
        "referSentenceyn": "N"
      },
      {
        "sentenceNo": 10,
        "referSentenceyn": "N"
      },
      {
        "sentenceNo": 11,
        "referSentenceyn": "N"
      },
      {
        "sentenceNo": 12,
        "referSentenceyn": "N"
      },
      {
        "sentenceNo": 13,
        "referSentenceyn": "N"
      },
      {
        "sentenceNo": 14,
        "referSentenceyn": "N"
      },
      {
        "sentenceNo": 15,
        "referSentenceyn": "N"
      },
      {
        "sentenceNo": 16,
        "referSentenceyn": "N"
      }
    ]
  }
}