{
  "sourceDataInfo": {
    "newsID": "EC_M02_158118",
    "newsCategory": "경제",
    "newsSubcategory": "보험",
    "newsTitle": "삼성화재, 사업자 전용 건강보험 '퍼스트 클래스' 출시",
    "newsSubTitle": "법인CEO·임원, 개인 사업주가 가입할 수 있는 전용 상품",
    "newsContent": "삼성화재는 사업자를 위한 건강보험 신상품 '퍼스트 클래스'를 출시했다고 11일 밝혔다.\n새롭게 선보인 '퍼스트 클래스'는 20세부터 70세까지의 법인 CEO와 임원, 개인 사업주가 가입할 수 있는 상품으로 최대 100세까지 보장한다.\n고객은 건강 상태에 따라 건강보험 또는 간편보험 형태로 가입하면 된다.\n유병자가 가입할 수 있는 '간편보험 335·1 퍼스트 클래스'는 3개월 이내 입원·수술·추가검사 소견과 3년 이내 입원·수술 이력, 그리고 5년 이내 암 진단 혹은 입원·수술 이력이 없다면 가입할 수 있다.\n특히 5년 이내 협심증, 심근경색, 뇌졸중 등 여러 중증질환 이력을 확인하는 다른 유병자 상품들과 달리 '암' 한 가지만 확인하면 된다.\n장기유지보너스를 도입해 환급률을 높인 것도 장점이다.\n장기유지보너스는 7년, 10년 등 고객이 선택한 보험료 납입기간이 끝난 이후에 발생한다.\n납입된 총 보장보험료의 일정 비율을 환급금에 추가적으로 얹어주는 형태다.\n단, 보험료 납입기간을 전기납으로 선택한 경우 15년이 되는 시점에 혜택이 주어진다.\n이번에 출시한 '퍼스트 클래스'는 삼성화재 상품 최초로 체증형 담보를 선보였다.\n암·뇌졸중·뇌출혈·급성심근경색 진단비 등에 적용되는 체증형 담보는 가입 후 11년차부터 10년 동안 매년 가입금액의 20%씩 최대 3배까지 체증된다.\n그 외에도 홀인원 비용과 골프용품 손해, 교통사고처리지원금 등 비용손해도 보장하고 있어 손해보험 고유의 장점을 누릴 수 있다.\n삼성화재 관계자는 데일리임팩트에 \\\"사업에 몰두해 소홀하기 쉬운 사업자 본인을 위한 보장도 챙길 수 있도록 했다\\\"며 \\\"앞으로도 다양한 고객의 니즈를 반영한 상품을 제공할 수 있도록 노력하겠다\\\"고 밝혔다.",
    "partNum": "P1",
    "useType": 0,
    "processType": "D",
    "processPattern": "11",
    "processLevel": "하",
    "sentenceCount": 13,
    "sentenceInfo": [
      {
        "sentenceNo": 1,
        "sentenceContent": "삼성화재는 사업자를 위한 건강보험 신상품 '퍼스트 클래스'를 출시했다고 11일 밝혔다.",
        "sentenceSize": 48
      },
      {
        "sentenceNo": 2,
        "sentenceContent": "새롭게 선보인 '퍼스트 클래스'는 20세부터 70세까지의 법인 CEO와 임원, 개인 사업주가 가입할 수 있는 상품으로 최대 100세까지 보장한다.",
        "sentenceSize": 81
      },
      {
        "sentenceNo": 3,
        "sentenceContent": "고객은 건강 상태에 따라 건강보험 또는 간편보험 형태로 가입하면 된다.",
        "sentenceSize": 39
      },
      {
        "sentenceNo": 4,
        "sentenceContent": "유병자가 가입할 수 있는 '간편보험 335·1 퍼스트 클래스'는 3개월 이내 입원·수술·추가검사 소견과 3년 이내 입원·수술 이력, 그리고 5년 이내 암 진단 혹은 입원·수술 이력이 없다면 가입할 수 있다.",
        "sentenceSize": 115
      },
      {
        "sentenceNo": 5,
        "sentenceContent": "특히 5년 이내 협심증, 심근경색, 뇌졸중 등 여러 중증질환 이력을 확인하는 다른 유병자 상품들과 달리 '암' 한 가지만 확인하면 된다.",
        "sentenceSize": 76
      },
      {
        "sentenceNo": 6,
        "sentenceContent": "장기유지보너스를 도입해 환급률을 높인 것도 장점이다.",
        "sentenceSize": 29
      },
      {
        "sentenceNo": 7,
        "sentenceContent": "장기유지보너스는 7년, 10년 등 고객이 선택한 보험료 납입기간이 끝난 이후에 발생한다.",
        "sentenceSize": 49
      },
      {
        "sentenceNo": 8,
        "sentenceContent": "납입된 총 보장보험료의 일정 비율을 환급금에 추가적으로 얹어주는 형태다.",
        "sentenceSize": 40
      },
      {
        "sentenceNo": 9,
        "sentenceContent": "단, 보험료 납입기간을 전기납으로 선택한 경우 15년이 되는 시점에 혜택이 주어진다.",
        "sentenceSize": 47
      },
      {
        "sentenceNo": 10,
        "sentenceContent": "이번에 출시한 '퍼스트 클래스'는 삼성화재 상품 최초로 체증형 담보를 선보였다.",
        "sentenceSize": 44
      },
      {
        "sentenceNo": 11,
        "sentenceContent": "암·뇌졸중·뇌출혈·급성심근경색 진단비 등에 적용되는 체증형 담보는 가입 후 11년차부터 10년 동안 매년 가입금액의 20%씩 최대 3배까지 체증된다.",
        "sentenceSize": 83
      },
      {
        "sentenceNo": 12,
        "sentenceContent": "그 외에도 홀인원 비용과 골프용품 손해, 교통사고처리지원금 등 비용손해도 보장하고 있어 손해보험 고유의 장점을 누릴 수 있다.",
        "sentenceSize": 70
      },
      {
        "sentenceNo": 13,
        "sentenceContent": "삼성화재 관계자는 데일리임팩트에 \\\"사업에 몰두해 소홀하기 쉬운 사업자 본인을 위한 보장도 챙길 수 있도록 했다\\\"며 \\\"앞으로도 다양한 고객의 니즈를 반영한 상품을 제공할 수 있도록 노력하겠다\\\"고 밝혔다.",
        "sentenceSize": 116
      }
    ]
  },
  "labeledDataInfo": {
    "newTitle": "삼성화재, 사업자를 위한 건강보험 신제품 출시! 상품명은?",
    "clickbaitClass": 0,
    "referSentenceInfo": [
      {
        "sentenceNo": 1,
        "referSentenceyn": "Y"
      },
      {
        "sentenceNo": 2,
        "referSentenceyn": "N"
      },
      {
        "sentenceNo": 3,
        "referSentenceyn": "N"
      },
      {
        "sentenceNo": 4,
        "referSentenceyn": "N"
      },
      {
        "sentenceNo": 5,
        "referSentenceyn": "N"
      },
      {
        "sentenceNo": 6,
        "referSentenceyn": "N"
      },
      {
        "sentenceNo": 7,
        "referSentenceyn": "N"
      },
      {
        "sentenceNo": 8,
        "referSentenceyn": "N"
      },
      {
        "sentenceNo": 9,
        "referSentenceyn": "N"
      },
      {
        "sentenceNo": 10,
        "referSentenceyn": "N"
      },
      {
        "sentenceNo": 11,
        "referSentenceyn": "N"
      },
      {
        "sentenceNo": 12,
        "referSentenceyn": "N"
      },
      {
        "sentenceNo": 13,
        "referSentenceyn": "N"
      }
    ]
  }
}