{
  "sourceDataInfo": {
    "newsID": "EC_M02_158110",
    "newsCategory": "경제",
    "newsSubcategory": "은행",
    "newsTitle": "IBK기업은행, 新 브랜드 비전 '금융으로 만나는 새로운 세상' 선포",
    "newsSubTitle": "",
    "newsContent": "IBK기업은행은 새로운 브랜드 비전으로 '금융으로 만나는 새로운 세상'을 선포하고 이를 슬로건으로 활용한다고 4일 밝혔다.\n새 브랜드 슬로건은 '신뢰, 공감, 실력, 혁신' 4가지 브랜드 핵심가치를 담고 있다. 'IBK의 금융 전문성을 바탕으로 변함없이 고객과 함께, 꿈을 실현해 더 나은 세상으로 바꾸어 나가겠다'는 실천 의지를 표현했다.\n또 기업은행은 고객과 함께 펼쳐가는 새로운 금융 세상을 시각적으로 표현하기 위해 비쥬얼아이덴티티(VI)도 리뉴얼앴다.\n기업은행 관계자는 데일리임팩트에 \\\"앞으로 광고, 홍보물 등에 적용해 고객과의 커뮤니케이션 활동에 적극 사용할 계획\\\"이라고 설명했다.\n이밖에 기업은행의 대표 PB브랜드인 '윈 클래스(WIN CLASS)' 상표이미지(Brand Identity)를 디지털 미디어에 적합한 디자인으로 간결하게 리뉴얼하고, IBK카드 브랜드 체계도 상품별 혜택을 직관적으로 전달할 수 있도록 개편했다.\n향후 기업은행은 빠르게 변하는 금융 트랜드에 맞춰 신상품을 적시에 선보이고, 고객 중심의 금융마인드로 차별화된 브랜드 가치를 제공한다는 계획이다.",
    "partNum": "P1",
    "useType": 0,
    "processType": "D",
    "processPattern": "11",
    "processLevel": "하",
    "sentenceCount": 6,
    "sentenceInfo": [
      {
        "sentenceNo": 1,
        "sentenceContent": "IBK기업은행은 새로운 브랜드 비전으로 '금융으로 만나는 새로운 세상'을 선포하고 이를 슬로건으로 활용한다고 4일 밝혔다.",
        "sentenceSize": 68
      },
      {
        "sentenceNo": 2,
        "sentenceContent": "새 브랜드 슬로건은 '신뢰, 공감, 실력, 혁신' 4가지 브랜드 핵심가치를 담고 있다. 'IBK의 금융 전문성을 바탕으로 변함없이 고객과 함께, 꿈을 실현해 더 나은 세상으로 바꾸어 나가겠다'는 실천 의지를 표현했다.",
        "sentenceSize": 121
      },
      {
        "sentenceNo": 3,
        "sentenceContent": "또 기업은행은 고객과 함께 펼쳐가는 새로운 금융 세상을 시각적으로 표현하기 위해 비쥬얼아이덴티티(VI)도 리뉴얼앴다.",
        "sentenceSize": 65
      },
      {
        "sentenceNo": 4,
        "sentenceContent": "기업은행 관계자는 데일리임팩트에 \\\"앞으로 광고, 홍보물 등에 적용해 고객과의 커뮤니케이션 활동에 적극 사용할 계획\\\"이라고 설명했다.",
        "sentenceSize": 75
      },
      {
        "sentenceNo": 5,
        "sentenceContent": "이밖에 기업은행의 대표 PB브랜드인 '윈 클래스(WIN CLASS)' 상표이미지(Brand Identity)를 디지털 미디어에 적합한 디자인으로 간결하게 리뉴얼하고, IBK카드 브랜드 체계도 상품별 혜택을 직관적으로 전달할 수 있도록 개편했다.",
        "sentenceSize": 136
      },
      {
        "sentenceNo": 6,
        "sentenceContent": "향후 기업은행은 빠르게 변하는 금융 트랜드에 맞춰 신상품을 적시에 선보이고, 고객 중심의 금융마인드로 차별화된 브랜드 가치를 제공한다는 계획이다.",
        "sentenceSize": 81
      }
    ]
  },
  "labeledDataInfo": {
    "newTitle": "IBK기업은행이 내세운 새로운 비전 슬로건은?",
    "clickbaitClass": 0,
    "referSentenceInfo": [
      {
        "sentenceNo": 1,
        "referSentenceyn": "N"
      },
      {
        "sentenceNo": 2,
        "referSentenceyn": "Y"
      },
      {
        "sentenceNo": 3,
        "referSentenceyn": "N"
      },
      {
        "sentenceNo": 4,
        "referSentenceyn": "N"
      },
      {
        "sentenceNo": 5,
        "referSentenceyn": "N"
      },
      {
        "sentenceNo": 6,
        "referSentenceyn": "N"
      }
    ]
  }
}