{
  "sourceDataInfo": {
    "newsID": "EC_M02_156003",
    "newsCategory": "경제",
    "newsSubcategory": "산업",
    "newsTitle": "대한해운, SM그룹 편입 후 역대 최대 영업익 달성",
    "newsSubTitle": "전년 대비 40% 급증, 선종 확대 및 허리조이기 주효",
    "newsContent": "SM그룹(회장 우오현) 해운 계열사 대한해운이 선종 확대 및 꾸준한 재무구조 개선 노력에 힘입어 그룹 편입 이후 역대 최대 영업이익을 달성했다.\n대한해운은 지난 2021년 연결기준 매출액 1조1538억원, 영업이익 2039억원, 당기순이익 3066억원을 기록했다고 16일 공시했다.\n영업이익과 당기순이익은 각각 전년 동기 대비 40%, 1014% 늘었다.\n매출액은 해운 시황 개선에 따른 영업활동 강화와 효율적 선대 운용, 유가상승 등의 영향으로 전년 대비 31% 늘었다.\n영업이익률은 최근 5년 내 최대치인 17.7%에 달했다.\n당기순이익 급증도 유상증자 등 재무구조 개선에 따른 금융비용 절감과 양수금 청구 항소심 승소에 따른 충당부채 환입, 컨테이너선 처분이익 등이 반영됐다.\n재무건전성 또한 SM그룹 편입 이후 최고 수준이다.\n대한해운 순이익은 2020년 말 대비 2791억원 늘고 1865억원의 유상증자 등으로 부채비율은 전년 말 대비 292.1%에서 154.3%로 개선됐다.\n자기자본비율은 25.5%에서 39.3%로 높아졌다.\n대한해운 측은 데일리임팩트에 \\\"운영 선대 확대 및 재무구조 개선 등 선제적인 리스크 관리에 힘입어 SM그룹 편입 이후 최대 이익 및 최저 부채비율을 달성했다\\\"라며 \\\"올해 또한 최대 실적 달성과 ESG(환경·사회·지배구조)경영을 최우선 목표로 주주가치 제고에 힘쓰겠다\\\"라고 밝혔다.",
    "partNum": "P1",
    "useType": 0,
    "processType": "D",
    "processPattern": "16",
    "processLevel": "상",
    "sentenceCount": 10,
    "sentenceInfo": [
      {
        "sentenceNo": 1,
        "sentenceContent": "SM그룹(회장 우오현) 해운 계열사 대한해운이 선종 확대 및 꾸준한 재무구조 개선 노력에 힘입어 그룹 편입 이후 역대 최대 영업이익을 달성했다.",
        "sentenceSize": 80
      },
      {
        "sentenceNo": 2,
        "sentenceContent": "대한해운은 지난 2021년 연결기준 매출액 1조1538억원, 영업이익 2039억원, 당기순이익 3066억원을 기록했다고 16일 공시했다.",
        "sentenceSize": 76
      },
      {
        "sentenceNo": 3,
        "sentenceContent": "영업이익과 당기순이익은 각각 전년 동기 대비 40%, 1014% 늘었다.",
        "sentenceSize": 40
      },
      {
        "sentenceNo": 4,
        "sentenceContent": "매출액은 해운 시황 개선에 따른 영업활동 강화와 효율적 선대 운용, 유가상승 등의 영향으로 전년 대비 31% 늘었다.",
        "sentenceSize": 65
      },
      {
        "sentenceNo": 5,
        "sentenceContent": "영업이익률은 최근 5년 내 최대치인 17.7%에 달했다.",
        "sentenceSize": 31
      },
      {
        "sentenceNo": 6,
        "sentenceContent": "당기순이익 급증도 유상증자 등 재무구조 개선에 따른 금융비용 절감과 양수금 청구 항소심 승소에 따른 충당부채 환입, 컨테이너선 처분이익 등이 반영됐다.",
        "sentenceSize": 84
      },
      {
        "sentenceNo": 7,
        "sentenceContent": "재무건전성 또한 SM그룹 편입 이후 최고 수준이다.",
        "sentenceSize": 28
      },
      {
        "sentenceNo": 8,
        "sentenceContent": "대한해운 순이익은 2020년 말 대비 2791억원 늘고 1865억원의 유상증자 등으로 부채비율은 전년 말 대비 292.1%에서 154.3%로 개선됐다.",
        "sentenceSize": 84
      },
      {
        "sentenceNo": 9,
        "sentenceContent": "자기자본비율은 25.5%에서 39.3%로 높아졌다.",
        "sentenceSize": 28
      },
      {
        "sentenceNo": 10,
        "sentenceContent": "대한해운 측은 데일리임팩트에 \\\"운영 선대 확대 및 재무구조 개선 등 선제적인 리스크 관리에 힘입어 SM그룹 편입 이후 최대 이익 및 최저 부채비율을 달성했다\\\"라며 \\\"올해 또한 최대 실적 달성과 ESG(환경·사회·지배구조)경영을 최우선 목표로 주주가치 제고에 힘쓰겠다\\\"라고 밝혔다.",
        "sentenceSize": 160
      }
    ]
  },
  "labeledDataInfo": {
    "newTitle": "대한해운, 믿을 수 없는 행보에 놀라는 중",
    "clickbaitClass": 0,
    "referSentenceInfo": [
      {
        "sentenceNo": 1,
        "referSentenceyn": "N"
      },
      {
        "sentenceNo": 2,
        "referSentenceyn": "N"
      },
      {
        "sentenceNo": 3,
        "referSentenceyn": "N"
      },
      {
        "sentenceNo": 4,
        "referSentenceyn": "N"
      },
      {
        "sentenceNo": 5,
        "referSentenceyn": "N"
      },
      {
        "sentenceNo": 6,
        "referSentenceyn": "N"
      },
      {
        "sentenceNo": 7,
        "referSentenceyn": "Y"
      },
      {
        "sentenceNo": 8,
        "referSentenceyn": "N"
      },
      {
        "sentenceNo": 9,
        "referSentenceyn": "N"
      },
      {
        "sentenceNo": 10,
        "referSentenceyn": "N"
      }
    ]
  }
}