{
  "sourceDataInfo": {
    "newsID": "EC_M02_160682",
    "newsCategory": "경제",
    "newsSubcategory": "자동차",
    "newsTitle": "스마트폰으로 車 연다…똑똑해진 현대차 디지털 키",
    "newsSubTitle": "기존 디지털 키보다 높아진 정확성",
    "newsContent": "현대자동차그룹은 최근 초광대역 무선 통신(UWB)을 적용한 비접촉식 '디지털 키 2' 서비스를 시작했다고 13일 밝혔다.\n디지털 키 기능이 삼성 및 애플에서 제조한 스마트폰과 동시에 호환되는 것은 자동차 제조사 중 현대차그룹이 세계 최초다.\n이번 무선 소프트웨어 업데이트를 통해 새롭게 선보이는 디지털 키 2 기능은 블루투스 및 근거리 무선 통신 기술만 적용했던 기존 디지털 키와 비교해 정확도가 높아진 것이 특징이다.\n이에 따라 디지털 키 2 옵션이 적용된 GV60 보유 고객은 무선 소프트웨어 업데이트를 통해 스마트폰 소지로 차량 출입잠금 기능차량 내 NFC 안테나가 장착된 무선 충전기에 스마트폰을 올려놓지 않아도 시동이 가능하다.\n트렁크 뒤쪽 감지 영역으로 접근해 3초 이상 대기 시 트렁크가 자동으로 열리는 스마트 트렁크 기능도 지원한다.\n현대차그룹 관계자는 데일리임팩트에 \\\"이번에 선보인 디지털 키 2 서비스를 통해 차량 사용 편의성이 한층 강화됐다\\\"라며 \\\"앞으로도 무선 소프트웨어 업데이트를 통해 시간이 지나도 새로운 차량에 탑승하는 듯한 경험을 고객에게 지속 제공 예정\\\"이라고 밝혔다.",
    "partNum": "P1",
    "useType": 0,
    "processType": "D",
    "processPattern": "15",
    "processLevel": "중",
    "sentenceCount": 6,
    "sentenceInfo": [
      {
        "sentenceNo": 1,
        "sentenceContent": "현대자동차그룹은 최근 초광대역 무선 통신(UWB)을 적용한 비접촉식 '디지털 키 2' 서비스를 시작했다고 13일 밝혔다.",
        "sentenceSize": 67
      },
      {
        "sentenceNo": 2,
        "sentenceContent": "디지털 키 기능이 삼성 및 애플에서 제조한 스마트폰과 동시에 호환되는 것은 자동차 제조사 중 현대차그룹이 세계 최초다.",
        "sentenceSize": 66
      },
      {
        "sentenceNo": 3,
        "sentenceContent": "이번 무선 소프트웨어 업데이트를 통해 새롭게 선보이는 디지털 키 2 기능은 블루투스 및 근거리 무선 통신 기술만 적용했던 기존 디지털 키와 비교해 정확도가 높아진 것이 특징이다.",
        "sentenceSize": 99
      },
      {
        "sentenceNo": 4,
        "sentenceContent": "이에 따라 디지털 키 2 옵션이 적용된 GV60 보유 고객은 무선 소프트웨어 업데이트를 통해 스마트폰 소지로 차량 출입잠금 기능차량 내 NFC 안테나가 장착된 무선 충전기에 스마트폰을 올려놓지 않아도 시동이 가능하다.",
        "sentenceSize": 121
      },
      {
        "sentenceNo": 5,
        "sentenceContent": "트렁크 뒤쪽 감지 영역으로 접근해 3초 이상 대기 시 트렁크가 자동으로 열리는 스마트 트렁크 기능도 지원한다.",
        "sentenceSize": 61
      },
      {
        "sentenceNo": 6,
        "sentenceContent": "현대차그룹 관계자는 데일리임팩트에 \\\"이번에 선보인 디지털 키 2 서비스를 통해 차량 사용 편의성이 한층 강화됐다\\\"라며 \\\"앞으로도 무선 소프트웨어 업데이트를 통해 시간이 지나도 새로운 차량에 탑승하는 듯한 경험을 고객에게 지속 제공 예정\\\"이라고 밝혔다.",
        "sentenceSize": 144
      }
    ]
  },
  "labeledDataInfo": {
    "newTitle": "현대차, 스마트폰으로 모든 기능 컨트롤 가능해진다... 세계 최초 '디지털 키' 도입",
    "clickbaitClass": 0,
    "referSentenceInfo": [
      {
        "sentenceNo": 1,
        "referSentenceyn": "N"
      },
      {
        "sentenceNo": 2,
        "referSentenceyn": "Y"
      },
      {
        "sentenceNo": 3,
        "referSentenceyn": "N"
      },
      {
        "sentenceNo": 4,
        "referSentenceyn": "N"
      },
      {
        "sentenceNo": 5,
        "referSentenceyn": "N"
      },
      {
        "sentenceNo": 6,
        "referSentenceyn": "N"
      }
    ]
  }
}