{
  "sourceDataInfo": {
    "newsID": "EC_M02_157346",
    "newsCategory": "경제",
    "newsSubcategory": "일반",
    "newsTitle": "故 조양호 회장 장례 시작...정재계 인사 조문행렬 이어져",
    "newsSubTitle": "",
    "newsContent": "이날 고(故) 조양호 한진그룹 회장의 장례가 시작되어 침통한 분위기 속에 조문행렬이 이어졌다. 고(故) 조양호 한진그룹 회장의 장례가 오늘부터 5일동안 한진그룹 회사장으로 치러진다.\n석태수 한진칼 대표를 위원장으로 하는 장례위원회가 구성됐다.\n빈소는 서울 서대문구 소재 신촌 세브란스 병원에 마련됐으며 이날 정오부터 정재계 인사들의 조문이 줄을 이었다.\n발인은 4월 16일 오전 6시이며, 장지는 경기도 용인시 하갈동 신갈 선영으로 결정됐다.\n조양호 회장은 지난 8일 새벽 미국 LA 현지에서 숙환으로 별세했다.\n한진그룹에 따르면 조 회장은 장남 조원태 대한항공 사장, 장녀 조현아 전 대한항공 부사장을 비롯한 가족들이 지켜보는 가운데 숨을 거뒀다.\n갑작스런 조 회장의 사망 소식에 정재계 각지에서 \\\"항공업계 큰 별이 졌다\\\"며 일제히 애도의 뜻을 밝혔다.\n이날 정오부터 빈소에는 굳은 얼굴로 조 회장을 조문하러 온 정재계 인사들이 침통한 심경을 전하며 고인에 조의를 표했다.\n최태원 SK그룹 회장은 오후 1시께 빈소를 찾아 \\\"존경하는 어른을 잃은 것 같아 안타깝다\\\"고 전했다.\n다만 채권단의 매각 압박을 받고 있는 아시아나항공을 인수할 의향이 있느냐는 질문에는 별다른 답을 하지 않았다.\n김수현 청와대 정책실장도 조금 늦은 오후 1시 40분 방문해 \\\"(조 회장은) 항공산업에 큰 기여를 하셨다. 명복을 빈다\\\"고 안타까운 심정을 전했다.\n대통령께서 어떤 말씀을 전달하라고 했냐는 질문에는 말을 아낀 채 바로 장례식장을 빠져나갔다.\n한편, 미국 로스앤젤레스 공항에서 고인을 태우고 출발한 대한항공 KE012편은 이날 오전 4시 42분 인천국제공항에 도착했다.\n공항 도착 직후 고인의 시신은 운구 차량에 실려 빈소인 서울 신촌 세브란스병원 장례식장으로 옮겨졌다.\n조용히 장례를 치르고자 하는 유가족의 희망을 고려하여 LA 현지에서부터 장례식장까지의 운구절차는 미공개로 진행됐다.\n상주인 조 회장의 장남 조원태 대한항공 사장과 차녀 조현민 전 대한항공 전무가 같은 비행기로 입국해 함께 빈소로 향했다.\n고인의 유언에 대해 조 사장은 \\\"가족들과 잘 협력해서 사이좋게 이끌어 나가라고 하셨다\\\"고 전했다.\n그룹 관계자들은 전날부터 장례식장을 정리하며 조문객을 맞을 채비를 갖춘 것으로 알려졌다.\n조양호 회장은 故 조중훈 한진그룹 창업주의 장남으로 회사를 물려받았다.\n1974년 대한항공에 입사해 실무를 익혔고 1992년 대한항공 사장, 1999년 대한항공 대표이사 회장으로 올랐다.\n조중훈 별세 후 2003년 한진그룹 회장에 취임했으나 지난달 27일 주총에서 대한항공 사내 이사 연임에 실패하며 20년 만에 경영권을 잃게 됐다.",
    "partNum": "P1",
    "useType": 0,
    "processType": "D",
    "processPattern": "11",
    "processLevel": "하",
    "sentenceCount": 21,
    "sentenceInfo": [
      {
        "sentenceNo": 1,
        "sentenceContent": "이날 고(故) 조양호 한진그룹 회장의 장례가 시작되어 침통한 분위기 속에 조문행렬이 이어졌다. 고(故) 조양호 한진그룹 회장의 장례가 오늘부터 5일동안 한진그룹 회사장으로 치러진다.",
        "sentenceSize": 101
      },
      {
        "sentenceNo": 2,
        "sentenceContent": "석태수 한진칼 대표를 위원장으로 하는 장례위원회가 구성됐다.",
        "sentenceSize": 33
      },
      {
        "sentenceNo": 3,
        "sentenceContent": "빈소는 서울 서대문구 소재 신촌 세브란스 병원에 마련됐으며 이날 정오부터 정재계 인사들의 조문이 줄을 이었다.",
        "sentenceSize": 61
      },
      {
        "sentenceNo": 4,
        "sentenceContent": "발인은 4월 16일 오전 6시이며, 장지는 경기도 용인시 하갈동 신갈 선영으로 결정됐다.",
        "sentenceSize": 49
      },
      {
        "sentenceNo": 5,
        "sentenceContent": "조양호 회장은 지난 8일 새벽 미국 LA 현지에서 숙환으로 별세했다.",
        "sentenceSize": 38
      },
      {
        "sentenceNo": 6,
        "sentenceContent": "한진그룹에 따르면 조 회장은 장남 조원태 대한항공 사장, 장녀 조현아 전 대한항공 부사장을 비롯한 가족들이 지켜보는 가운데 숨을 거뒀다.",
        "sentenceSize": 76
      },
      {
        "sentenceNo": 7,
        "sentenceContent": "갑작스런 조 회장의 사망 소식에 정재계 각지에서 \\\"항공업계 큰 별이 졌다\\\"며 일제히 애도의 뜻을 밝혔다.",
        "sentenceSize": 60
      },
      {
        "sentenceNo": 8,
        "sentenceContent": "이날 정오부터 빈소에는 굳은 얼굴로 조 회장을 조문하러 온 정재계 인사들이 침통한 심경을 전하며 고인에 조의를 표했다.",
        "sentenceSize": 66
      },
      {
        "sentenceNo": 9,
        "sentenceContent": "최태원 SK그룹 회장은 오후 1시께 빈소를 찾아 \\\"존경하는 어른을 잃은 것 같아 안타깝다\\\"고 전했다.",
        "sentenceSize": 58
      },
      {
        "sentenceNo": 10,
        "sentenceContent": "다만 채권단의 매각 압박을 받고 있는 아시아나항공을 인수할 의향이 있느냐는 질문에는 별다른 답을 하지 않았다.",
        "sentenceSize": 61
      },
      {
        "sentenceNo": 11,
        "sentenceContent": "김수현 청와대 정책실장도 조금 늦은 오후 1시 40분 방문해 \\\"(조 회장은) 항공산업에 큰 기여를 하셨다. 명복을 빈다\\\"고 안타까운 심정을 전했다.",
        "sentenceSize": 84
      },
      {
        "sentenceNo": 12,
        "sentenceContent": "대통령께서 어떤 말씀을 전달하라고 했냐는 질문에는 말을 아낀 채 바로 장례식장을 빠져나갔다.",
        "sentenceSize": 51
      },
      {
        "sentenceNo": 13,
        "sentenceContent": "한편, 미국 로스앤젤레스 공항에서 고인을 태우고 출발한 대한항공 KE012편은 이날 오전 4시 42분 인천국제공항에 도착했다.",
        "sentenceSize": 70
      },
      {
        "sentenceNo": 14,
        "sentenceContent": "공항 도착 직후 고인의 시신은 운구 차량에 실려 빈소인 서울 신촌 세브란스병원 장례식장으로 옮겨졌다.",
        "sentenceSize": 56
      },
      {
        "sentenceNo": 15,
        "sentenceContent": "조용히 장례를 치르고자 하는 유가족의 희망을 고려하여 LA 현지에서부터 장례식장까지의 운구절차는 미공개로 진행됐다.",
        "sentenceSize": 64
      },
      {
        "sentenceNo": 16,
        "sentenceContent": "상주인 조 회장의 장남 조원태 대한항공 사장과 차녀 조현민 전 대한항공 전무가 같은 비행기로 입국해 함께 빈소로 향했다.",
        "sentenceSize": 67
      },
      {
        "sentenceNo": 17,
        "sentenceContent": "고인의 유언에 대해 조 사장은 \\\"가족들과 잘 협력해서 사이좋게 이끌어 나가라고 하셨다\\\"고 전했다.",
        "sentenceSize": 56
      },
      {
        "sentenceNo": 18,
        "sentenceContent": "그룹 관계자들은 전날부터 장례식장을 정리하며 조문객을 맞을 채비를 갖춘 것으로 알려졌다.",
        "sentenceSize": 49
      },
      {
        "sentenceNo": 19,
        "sentenceContent": "조양호 회장은 故 조중훈 한진그룹 창업주의 장남으로 회사를 물려받았다.",
        "sentenceSize": 39
      },
      {
        "sentenceNo": 20,
        "sentenceContent": "1974년 대한항공에 입사해 실무를 익혔고 1992년 대한항공 사장, 1999년 대한항공 대표이사 회장으로 올랐다.",
        "sentenceSize": 64
      },
      {
        "sentenceNo": 21,
        "sentenceContent": "조중훈 별세 후 2003년 한진그룹 회장에 취임했으나 지난달 27일 주총에서 대한항공 사내 이사 연임에 실패하며 20년 만에 경영권을 잃게 됐다.",
        "sentenceSize": 81
      }
    ]
  },
  "labeledDataInfo": {
    "newTitle": "고(故) 조양호 한진그룹 회장 장례 시작... 5일 동안 한진그룹 회사장으로 치러질 예정, 자세한 내용은?",
    "clickbaitClass": 0,
    "referSentenceInfo": [
      {
        "sentenceNo": 1,
        "referSentenceyn": "Y"
      },
      {
        "sentenceNo": 2,
        "referSentenceyn": "N"
      },
      {
        "sentenceNo": 3,
        "referSentenceyn": "N"
      },
      {
        "sentenceNo": 4,
        "referSentenceyn": "N"
      },
      {
        "sentenceNo": 5,
        "referSentenceyn": "N"
      },
      {
        "sentenceNo": 6,
        "referSentenceyn": "N"
      },
      {
        "sentenceNo": 7,
        "referSentenceyn": "N"
      },
      {
        "sentenceNo": 8,
        "referSentenceyn": "N"
      },
      {
        "sentenceNo": 9,
        "referSentenceyn": "N"
      },
      {
        "sentenceNo": 10,
        "referSentenceyn": "N"
      },
      {
        "sentenceNo": 11,
        "referSentenceyn": "N"
      },
      {
        "sentenceNo": 12,
        "referSentenceyn": "N"
      },
      {
        "sentenceNo": 13,
        "referSentenceyn": "N"
      },
      {
        "sentenceNo": 14,
        "referSentenceyn": "N"
      },
      {
        "sentenceNo": 15,
        "referSentenceyn": "N"
      },
      {
        "sentenceNo": 16,
        "referSentenceyn": "N"
      },
      {
        "sentenceNo": 17,
        "referSentenceyn": "N"
      },
      {
        "sentenceNo": 18,
        "referSentenceyn": "N"
      },
      {
        "sentenceNo": 19,
        "referSentenceyn": "N"
      },
      {
        "sentenceNo": 20,
        "referSentenceyn": "N"
      },
      {
        "sentenceNo": 21,
        "referSentenceyn": "N"
      }
    ]
  }
}