{
  "sourceDataInfo": {
    "newsID": "EC_M02_158064",
    "newsCategory": "경제",
    "newsSubcategory": "자동차",
    "newsTitle": "필터 교환 20% 할인…르노코리아, '케어 서비스 캠페인' 시행",
    "newsSubTitle": "고객 만족도 위해 4월 한달간 실시",
    "newsContent": "르노코리아자동차가 고객 만족도를 높이기 위해 고객 맞춤 케어 서비스를 시작한다.\n르노코리아는 4일 '케어 서비스 캠페인'을 시행한다.\n캠페인 시행과 함께 이달 한 달 간 에어컨 필터 특별 할인 혜택을 제공하고 직영사업소의 평일 야간 및 주말 입고 서비스도 새로 선보일 계획이다.\n르노코리아 관계자는 데일리임팩트에 \\\"고객 만족도 6년 연속 1위의 AS 서비스 강점이 기존 고객들은 물론 잠재 고객들에게도 확산될 수 있도록 캠페인을 론칭했다\\\"고 설명했다.\n우선 캠페인 론칭을 기념해 한 달 간 모바일 애플리케이션 회원을 대상으로 프리미엄 에어컨 필터 교환 시 20% 할인하고 일반 에어컨 필터 교환 시 15% 할인 혜택을 제공한다.\n비회원 고객의 경우 프리미엄 에어컨 필터 15%, 일반 에어컨 필터 10% 할인 혜택을 받을 수 있다.\n르노코리아는자사의 MY르노코리아와 MY Renault 모바일 앱 하나로도 고객들이 맞춤형 케어 서비스 여정을 모두 경험할 수 있도록 업데이트를 이어가고 있다.\n현재 모바일 앱은 온라인 정비 예약 서비스와 함께 국내 완성차 최초 온라인 정비 견적 기능까지 제공하고 있다.\n온라인 정비 예약은 전국 모든 서비스 네트워크에서 이용이 가능하다.\n르노코리아는 온라인 정비 견적 기능 서비스 제공 네트워크 수를 계속 확대해 갈 예정이다.\n이밖에도 평일 주간 바쁜 일정으로 직영 서비스센터 방문이 어려운 고객들을 위해 평일 야간 및 주말 입고 서비스를 함께 선보였다.",
    "partNum": "P1",
    "useType": 0,
    "processType": "D",
    "processPattern": "11",
    "processLevel": "하",
    "sentenceCount": 11,
    "sentenceInfo": [
      {
        "sentenceNo": 1,
        "sentenceContent": "르노코리아자동차가 고객 만족도를 높이기 위해 고객 맞춤 케어 서비스를 시작한다.",
        "sentenceSize": 44
      },
      {
        "sentenceNo": 2,
        "sentenceContent": "르노코리아는 4일 '케어 서비스 캠페인'을 시행한다.",
        "sentenceSize": 29
      },
      {
        "sentenceNo": 3,
        "sentenceContent": "캠페인 시행과 함께 이달 한 달 간 에어컨 필터 특별 할인 혜택을 제공하고 직영사업소의 평일 야간 및 주말 입고 서비스도 새로 선보일 계획이다.",
        "sentenceSize": 80
      },
      {
        "sentenceNo": 4,
        "sentenceContent": "르노코리아 관계자는 데일리임팩트에 \\\"고객 만족도 6년 연속 1위의 AS 서비스 강점이 기존 고객들은 물론 잠재 고객들에게도 확산될 수 있도록 캠페인을 론칭했다\\\"고 설명했다.",
        "sentenceSize": 98
      },
      {
        "sentenceNo": 5,
        "sentenceContent": "우선 캠페인 론칭을 기념해 한 달 간 모바일 애플리케이션 회원을 대상으로 프리미엄 에어컨 필터 교환 시 20% 할인하고 일반 에어컨 필터 교환 시 15% 할인 혜택을 제공한다.",
        "sentenceSize": 98
      },
      {
        "sentenceNo": 6,
        "sentenceContent": "비회원 고객의 경우 프리미엄 에어컨 필터 15%, 일반 에어컨 필터 10% 할인 혜택을 받을 수 있다.",
        "sentenceSize": 57
      },
      {
        "sentenceNo": 7,
        "sentenceContent": "르노코리아는자사의 MY르노코리아와 MY Renault 모바일 앱 하나로도 고객들이 맞춤형 케어 서비스 여정을 모두 경험할 수 있도록 업데이트를 이어가고 있다.",
        "sentenceSize": 88
      },
      {
        "sentenceNo": 8,
        "sentenceContent": "현재 모바일 앱은 온라인 정비 예약 서비스와 함께 국내 완성차 최초 온라인 정비 견적 기능까지 제공하고 있다.",
        "sentenceSize": 61
      },
      {
        "sentenceNo": 9,
        "sentenceContent": "온라인 정비 예약은 전국 모든 서비스 네트워크에서 이용이 가능하다.",
        "sentenceSize": 37
      },
      {
        "sentenceNo": 10,
        "sentenceContent": "르노코리아는 온라인 정비 견적 기능 서비스 제공 네트워크 수를 계속 확대해 갈 예정이다.",
        "sentenceSize": 49
      },
      {
        "sentenceNo": 11,
        "sentenceContent": "이밖에도 평일 주간 바쁜 일정으로 직영 서비스센터 방문이 어려운 고객들을 위해 평일 야간 및 주말 입고 서비스를 함께 선보였다.",
        "sentenceSize": 71
      }
    ]
  },
  "labeledDataInfo": {
    "newTitle": "르노코리아자동차, 고객 만족도 높이기 위해 본격 나섰다!",
    "clickbaitClass": 0,
    "referSentenceInfo": [
      {
        "sentenceNo": 1,
        "referSentenceyn": "Y"
      },
      {
        "sentenceNo": 2,
        "referSentenceyn": "N"
      },
      {
        "sentenceNo": 3,
        "referSentenceyn": "N"
      },
      {
        "sentenceNo": 4,
        "referSentenceyn": "N"
      },
      {
        "sentenceNo": 5,
        "referSentenceyn": "N"
      },
      {
        "sentenceNo": 6,
        "referSentenceyn": "N"
      },
      {
        "sentenceNo": 7,
        "referSentenceyn": "N"
      },
      {
        "sentenceNo": 8,
        "referSentenceyn": "N"
      },
      {
        "sentenceNo": 9,
        "referSentenceyn": "N"
      },
      {
        "sentenceNo": 10,
        "referSentenceyn": "N"
      },
      {
        "sentenceNo": 11,
        "referSentenceyn": "N"
      }
    ]
  }
}