{
  "sourceDataInfo": {
    "newsID": "EC_M02_157593",
    "newsCategory": "경제",
    "newsSubcategory": "산업",
    "newsTitle": "KT, 산학연 참여 '클라우드 원팀' 발족...토종 생태계 확장",
    "newsSubTitle": "KT, ETRI·서울대·나무기술 등 산학연 16개 토종 연합 ‘클라우드 원팀’ 결성 토종 클라우드 기업 사업모델 발굴과 인재양성 클라우드 생태계 확장",
    "newsContent": "미래 먹거리로 B2B와 플랫폼 사업을 꼽은 KT가 학계 및 산업계와 '클라우드 원팀'을 결성한다.\nKT는 23일 서울 광화문 KT East 사옥에서 국내 클라우드 산업 생태계 경쟁력 강화를 위해 산학연 16개 기업 및 기관과 클라우드 원팀(Cloud One Team)을 결성하는 협약을 맺었다고 밝혔다. '클라우드 원팀' 구성을 위해 학계에서는 서울대, 카이스트, 포항공과대, 서울과학기술대, 연구기관은 한국전자통신연구원(ETRI) 광주분원, 벤처기업협회가 참여한다.\n산업계는 KT를 비롯해 케이뱅크은행, 나무기술, 소만사, 펜타시큐리티시스템, 솔트룩스, 틸론, 제노솔루션, 새하컴즈, 아롬정보기술, 티맥스에이앤씨가 참여한다.\n이날 행사에는 KT AI/DX융합사업부문장 전홍범 부사장, KT Cloud/DX사업단장 윤동식 전무, ETRI 이길행 호남권연구센터장, 서울대학교 박세웅 정보화본부장, 카이스트 문수복 학술문화원장, 포항공과대 홍원기 교육혁신센터장, 케이뱅크은행 김도완 ICT본부장, 나무기술 권윤범 영업본부장, 소만사 김대환 대표 등 주요 관계자가 참석했다.\n이들은 토종 클라우드 생태계 확장을 위한 협력을 다각도로 진행하기로 했다.\n먼저 클라우드 원팀의 산학연들은 토종 클라우드 기업들이 추진할 수 있는 사업모델을 우선 발굴하기로 했다.\n이를 통해 산업 현장에서 우수한 기술력과 경제성, 안정성을 갖춘 토종 클라우드 서비스가 보급될 전망이다.\n또한 클라우드 원팀은 클라우드 산업의 뿌리인 인재 양성도 함께 한다.\n학계와 산업계는 활발한 인력 교류를 통해 상호 보완적인 교육 체계를 구축하고, 연구기관이 보유한 풍부한 지적 재산을 체계적으로 교육할 수 있는 시스템도 만들기로 했다.\n이 외에도 각 참여기관은 연구개발(R&D), 핵심 기술 개발, 선도적 클라우드 서비스 적용사례 배출 등 다양한 분야의 과제를 발굴하고, 수행 및 적용한다.\n이를 통해 참여기관 간의 상호 시너지를 확대할 수 있는 협력 관계가 형성될 것으로 기대된다.\n클라우드 원팀 사무국은 KT에 설치되며, 산업, 솔루션, R&D 등 3개의 혁신 분과와 ECO상생 지원단으로 구성된다.\nKT 관계자는 미디어SR에 \\\"KT는 클라우드 서비스 기술력과 운용 및 컨설팅 역량으로 클라우드 원팀 참여 기관이 유기적인 협력을 할 수 있도록 지원하는 역할을 맡는다\\\"고 밝혔다.\nKT AI/DX융합사업부문 전홍범 부사장은 \\\"산학연 16개 기관이 힘을 합친 클라우드 원팀이 대한민국 클라우드 산업 발전에 구심점이 될 것으로 기대한다\\\"며, \\\"KT는 클라우드 원팀 지원을 통해 토종 클라우드 생태계 확장에 기여하고 대한민국 산업의 디지털 혁신을 리딩하겠다\\\"고 강조했다.",
    "partNum": "P1",
    "useType": 0,
    "processType": "D",
    "processPattern": "11",
    "processLevel": "하",
    "sentenceCount": 14,
    "sentenceInfo": [
      {
        "sentenceNo": 1,
        "sentenceContent": "미래 먹거리로 B2B와 플랫폼 사업을 꼽은 KT가 학계 및 산업계와 '클라우드 원팀'을 결성한다.",
        "sentenceSize": 54
      },
      {
        "sentenceNo": 2,
        "sentenceContent": "KT는 23일 서울 광화문 KT East 사옥에서 국내 클라우드 산업 생태계 경쟁력 강화를 위해 산학연 16개 기업 및 기관과 클라우드 원팀(Cloud One Team)을 결성하는 협약을 맺었다고 밝혔다. '클라우드 원팀' 구성을 위해 학계에서는 서울대, 카이스트, 포항공과대, 서울과학기술대, 연구기관은 한국전자통신연구원(ETRI) 광주분원, 벤처기업협회가 참여한다.",
        "sentenceSize": 206
      },
      {
        "sentenceNo": 3,
        "sentenceContent": "산업계는 KT를 비롯해 케이뱅크은행, 나무기술, 소만사, 펜타시큐리티시스템, 솔트룩스, 틸론, 제노솔루션, 새하컴즈, 아롬정보기술, 티맥스에이앤씨가 참여한다.",
        "sentenceSize": 88
      },
      {
        "sentenceNo": 4,
        "sentenceContent": "이날 행사에는 KT AI/DX융합사업부문장 전홍범 부사장, KT Cloud/DX사업단장 윤동식 전무, ETRI 이길행 호남권연구센터장, 서울대학교 박세웅 정보화본부장, 카이스트 문수복 학술문화원장, 포항공과대 홍원기 교육혁신센터장, 케이뱅크은행 김도완 ICT본부장, 나무기술 권윤범 영업본부장, 소만사 김대환 대표 등 주요 관계자가 참석했다.",
        "sentenceSize": 191
      },
      {
        "sentenceNo": 5,
        "sentenceContent": "이들은 토종 클라우드 생태계 확장을 위한 협력을 다각도로 진행하기로 했다.",
        "sentenceSize": 41
      },
      {
        "sentenceNo": 6,
        "sentenceContent": "먼저 클라우드 원팀의 산학연들은 토종 클라우드 기업들이 추진할 수 있는 사업모델을 우선 발굴하기로 했다.",
        "sentenceSize": 58
      },
      {
        "sentenceNo": 7,
        "sentenceContent": "이를 통해 산업 현장에서 우수한 기술력과 경제성, 안정성을 갖춘 토종 클라우드 서비스가 보급될 전망이다.",
        "sentenceSize": 58
      },
      {
        "sentenceNo": 8,
        "sentenceContent": "또한 클라우드 원팀은 클라우드 산업의 뿌리인 인재 양성도 함께 한다.",
        "sentenceSize": 38
      },
      {
        "sentenceNo": 9,
        "sentenceContent": "학계와 산업계는 활발한 인력 교류를 통해 상호 보완적인 교육 체계를 구축하고, 연구기관이 보유한 풍부한 지적 재산을 체계적으로 교육할 수 있는 시스템도 만들기로 했다.",
        "sentenceSize": 93
      },
      {
        "sentenceNo": 10,
        "sentenceContent": "이 외에도 각 참여기관은 연구개발(R&D), 핵심 기술 개발, 선도적 클라우드 서비스 적용사례 배출 등 다양한 분야의 과제를 발굴하고, 수행 및 적용한다.",
        "sentenceSize": 86
      },
      {
        "sentenceNo": 11,
        "sentenceContent": "이를 통해 참여기관 간의 상호 시너지를 확대할 수 있는 협력 관계가 형성될 것으로 기대된다.",
        "sentenceSize": 51
      },
      {
        "sentenceNo": 12,
        "sentenceContent": "클라우드 원팀 사무국은 KT에 설치되며, 산업, 솔루션, R&D 등 3개의 혁신 분과와 ECO상생 지원단으로 구성된다.",
        "sentenceSize": 66
      },
      {
        "sentenceNo": 13,
        "sentenceContent": "KT 관계자는 미디어SR에 \\\"KT는 클라우드 서비스 기술력과 운용 및 컨설팅 역량으로 클라우드 원팀 참여 기관이 유기적인 협력을 할 수 있도록 지원하는 역할을 맡는다\\\"고 밝혔다.",
        "sentenceSize": 101
      },
      {
        "sentenceNo": 14,
        "sentenceContent": "KT AI/DX융합사업부문 전홍범 부사장은 \\\"산학연 16개 기관이 힘을 합친 클라우드 원팀이 대한민국 클라우드 산업 발전에 구심점이 될 것으로 기대한다\\\"며, \\\"KT는 클라우드 원팀 지원을 통해 토종 클라우드 생태계 확장에 기여하고 대한민국 산업의 디지털 혁신을 리딩하겠다\\\"고 강조했다.",
        "sentenceSize": 163
      }
    ]
  },
  "labeledDataInfo": {
    "newTitle": "KT, 국내 클라우드 산업 경쟁력 강화하는 '클라우드 원팀' 결성... 비전은?",
    "clickbaitClass": 0,
    "referSentenceInfo": [
      {
        "sentenceNo": 1,
        "referSentenceyn": "Y"
      },
      {
        "sentenceNo": 2,
        "referSentenceyn": "Y"
      },
      {
        "sentenceNo": 3,
        "referSentenceyn": "N"
      },
      {
        "sentenceNo": 4,
        "referSentenceyn": "N"
      },
      {
        "sentenceNo": 5,
        "referSentenceyn": "N"
      },
      {
        "sentenceNo": 6,
        "referSentenceyn": "N"
      },
      {
        "sentenceNo": 7,
        "referSentenceyn": "N"
      },
      {
        "sentenceNo": 8,
        "referSentenceyn": "N"
      },
      {
        "sentenceNo": 9,
        "referSentenceyn": "N"
      },
      {
        "sentenceNo": 10,
        "referSentenceyn": "N"
      },
      {
        "sentenceNo": 11,
        "referSentenceyn": "N"
      },
      {
        "sentenceNo": 12,
        "referSentenceyn": "N"
      },
      {
        "sentenceNo": 13,
        "referSentenceyn": "Y"
      },
      {
        "sentenceNo": 14,
        "referSentenceyn": "Y"
      }
    ]
  }
}