{
  "sourceDataInfo": {
    "newsID": "EC_M02_156419",
    "newsCategory": "경제",
    "newsSubcategory": "산업",
    "newsTitle": "과기부 5G 품질 평가, SKT 역시 '강세'",
    "newsSubTitle": "5G 서비스 이용 가능 지역 과대표기는 없어 5G 가용률과 다운로드 속도 SKT 두드러져",
    "newsContent": "과학기술정보통신부가 지난해 4월 5세대 이동통신(5G) 상용화 이후 첫 품질조사를 시행했다.\n조사 결과 통신 3사는 5G 서비스 이용 가능 지역을 실제보다 과대 표시하지 않은 것으로 드러났다.\n과학기술정보통신부(이하 과기부)가 2020년도 상반기 5G 통신 서비스 품질평가 결과를 발표했다.\n상반기 5G 서비스 품질평가는 서울 및 6대 광역시를 대상으로 △ 5G 커버리지(서비스 이용 가능 지역) 현황 조사 및 통신사가 자사 홈페이지를 통해 공개한 커버리지 정보의 정확성 점검, △ 통신품질 평가로 진행됐다.\n과기부는 평가 영역을 옥외, 다중이용시설, 교통 인프라 등 3대 부문으로 나눠 커버리지 점검 169개 및 품질평가 117개 등 총 286개의 표본을 점검‧평가했다.\n먼저 옥외(행정동)의 경우, 7월 기준 이통 3사는 평균적으로 서울 내 425㎢ 면적에서 5G 서비스를 제공한 것으로 드러났다.\n서울의 총 면적은 605.21㎢로, 425㎢는 실내와 지하, 임야를 제외한 옥외 지역 대부분의 면적이다.\n과기부는 또한 실제보다 통신사가 넓게 공개한 서비스 이용 가능 지역을 나타내는 '과대 표시 지역'을 조사했는데, 이통 3사 모두 과대 표시 지역은 없는 것으로 드러났다.\n과기부는 또한 대형점포, 백화점, 버스터미널, 대형 병원 등 다중이용시설에서의 5G 서비스 품질을 조사했다.\n다중이용시설에서 5G를 원활하게 사용할 수 있는 전파 신호 세기 의 비율(이하 '5G 가용률')은 평균 67.93%로 나타났다.\nSKT는 1,606개 시설에서 5G 서비스를 제공하고 있으며, 표본 점검 결과 평균 5G 가용률은 79.14%, △ LGU+는 1,282개 시설, 가용률 60.08%, △ KT는 938개 시설, 가용률은 64.56%다.\n전국 지하철의 평균 5G 가용률은 76.33%로 드러났다.\n통신사 별로는 전국 649개 지하철역 중 △ SKT는 349개 구축으로 가용률 79.87%, △ KT 299개 구축으로 가용률 79.08%, △ LGU+는 291개 구축으로 가용률 70.04%를 달성했다.\n종합적으로 5G 환경에서 데이터 전송 속도는 SKT가 제일 빠른 것으로 밝혀졌다.\n서울과 6대 광역시에서 5G 품질평가 결과 다운로드 속도 기준 △ SKT는 788.97Mbps, △ KT는 652.10Mbps, △ LGU+는 528.60Mbps 수준이었다.\n3사의 평균 다운로드 속도는 656.56Mbps('19년 LTE 158.53Mbps), 업로드는 64.16Mbps('19년 LTE 42.83Mbps)로 나타났다.\n다중이용시설 건물 내부에서의 다운로드 속도는 SKT가 795Mbps, KT가 676Mbps, LG유플러스가 490Mbps로 드러났으며 유동인구 대상으로는 SKT, KT, LGU+가 각각 869Mbps, 704Mbps, 598Mbps의 다운로드 속도를 기록했다.\n과기정통부 관계자는 미디어SR에 \\\"품질평가 결과, 5G 커버리지와 품질이 빠른 속도로 개선되고 있지만, 5G가 데이터 고속도로로서 중요하게 역할을 하기 위해서는 투자를 가속화 할 필요가 있다\\\"라며 \\\"정부도 5G 투자 세액공제, 기지국 등록면허세 감면 등을 통해 적극 지원하겠다\\\"라고 밝혔다.\n과기정통부는 8월 중순부터 하반기 5G 품질평가를 진행할 예정이며, 이를 포함한 '20년 전체 통신 서비스 품질평가 결과'를 추후에 발표할 계획이다.",
    "partNum": "P1",
    "useType": 0,
    "processType": "D",
    "processPattern": "14",
    "processLevel": "중",
    "sentenceCount": 19,
    "sentenceInfo": [
      {
        "sentenceNo": 1,
        "sentenceContent": "과학기술정보통신부가 지난해 4월 5세대 이동통신(5G) 상용화 이후 첫 품질조사를 시행했다.",
        "sentenceSize": 51
      },
      {
        "sentenceNo": 2,
        "sentenceContent": "조사 결과 통신 3사는 5G 서비스 이용 가능 지역을 실제보다 과대 표시하지 않은 것으로 드러났다.",
        "sentenceSize": 55
      },
      {
        "sentenceNo": 3,
        "sentenceContent": "과학기술정보통신부(이하 과기부)가 2020년도 상반기 5G 통신 서비스 품질평가 결과를 발표했다.",
        "sentenceSize": 54
      },
      {
        "sentenceNo": 4,
        "sentenceContent": "상반기 5G 서비스 품질평가는 서울 및 6대 광역시를 대상으로 △ 5G 커버리지(서비스 이용 가능 지역) 현황 조사 및 통신사가 자사 홈페이지를 통해 공개한 커버리지 정보의 정확성 점검, △ 통신품질 평가로 진행됐다.",
        "sentenceSize": 121
      },
      {
        "sentenceNo": 5,
        "sentenceContent": "과기부는 평가 영역을 옥외, 다중이용시설, 교통 인프라 등 3대 부문으로 나눠 커버리지 점검 169개 및 품질평가 117개 등 총 286개의 표본을 점검‧평가했다.",
        "sentenceSize": 91
      },
      {
        "sentenceNo": 6,
        "sentenceContent": "먼저 옥외(행정동)의 경우, 7월 기준 이통 3사는 평균적으로 서울 내 425㎢ 면적에서 5G 서비스를 제공한 것으로 드러났다.",
        "sentenceSize": 71
      },
      {
        "sentenceNo": 7,
        "sentenceContent": "서울의 총 면적은 605.21㎢로, 425㎢는 실내와 지하, 임야를 제외한 옥외 지역 대부분의 면적이다.",
        "sentenceSize": 58
      },
      {
        "sentenceNo": 8,
        "sentenceContent": "과기부는 또한 실제보다 통신사가 넓게 공개한 서비스 이용 가능 지역을 나타내는 '과대 표시 지역'을 조사했는데, 이통 3사 모두 과대 표시 지역은 없는 것으로 드러났다.",
        "sentenceSize": 94
      },
      {
        "sentenceNo": 9,
        "sentenceContent": "과기부는 또한 대형점포, 백화점, 버스터미널, 대형 병원 등 다중이용시설에서의 5G 서비스 품질을 조사했다.",
        "sentenceSize": 60
      },
      {
        "sentenceNo": 10,
        "sentenceContent": "다중이용시설에서 5G를 원활하게 사용할 수 있는 전파 신호 세기 의 비율(이하 '5G 가용률')은 평균 67.93%로 나타났다.",
        "sentenceSize": 71
      },
      {
        "sentenceNo": 11,
        "sentenceContent": "SKT는 1,606개 시설에서 5G 서비스를 제공하고 있으며, 표본 점검 결과 평균 5G 가용률은 79.14%, △ LGU+는 1,282개 시설, 가용률 60.08%, △ KT는 938개 시설, 가용률은 64.56%다.",
        "sentenceSize": 122
      },
      {
        "sentenceNo": 12,
        "sentenceContent": "전국 지하철의 평균 5G 가용률은 76.33%로 드러났다.",
        "sentenceSize": 32
      },
      {
        "sentenceNo": 13,
        "sentenceContent": "통신사 별로는 전국 649개 지하철역 중 △ SKT는 349개 구축으로 가용률 79.87%, △ KT 299개 구축으로 가용률 79.08%, △ LGU+는 291개 구축으로 가용률 70.04%를 달성했다.",
        "sentenceSize": 114
      },
      {
        "sentenceNo": 14,
        "sentenceContent": "종합적으로 5G 환경에서 데이터 전송 속도는 SKT가 제일 빠른 것으로 밝혀졌다.",
        "sentenceSize": 45
      },
      {
        "sentenceNo": 15,
        "sentenceContent": "서울과 6대 광역시에서 5G 품질평가 결과 다운로드 속도 기준 △ SKT는 788.97Mbps, △ KT는 652.10Mbps, △ LGU+는 528.60Mbps 수준이었다.",
        "sentenceSize": 97
      },
      {
        "sentenceNo": 16,
        "sentenceContent": "3사의 평균 다운로드 속도는 656.56Mbps('19년 LTE 158.53Mbps), 업로드는 64.16Mbps('19년 LTE 42.83Mbps)로 나타났다.",
        "sentenceSize": 90
      },
      {
        "sentenceNo": 17,
        "sentenceContent": "다중이용시설 건물 내부에서의 다운로드 속도는 SKT가 795Mbps, KT가 676Mbps, LG유플러스가 490Mbps로 드러났으며 유동인구 대상으로는 SKT, KT, LGU+가 각각 869Mbps, 704Mbps, 598Mbps의 다운로드 속도를 기록했다.",
        "sentenceSize": 145
      },
      {
        "sentenceNo": 18,
        "sentenceContent": "과기정통부 관계자는 미디어SR에 \\\"품질평가 결과, 5G 커버리지와 품질이 빠른 속도로 개선되고 있지만, 5G가 데이터 고속도로로서 중요하게 역할을 하기 위해서는 투자를 가속화 할 필요가 있다\\\"라며 \\\"정부도 5G 투자 세액공제, 기지국 등록면허세 감면 등을 통해 적극 지원하겠다\\\"라고 밝혔다.",
        "sentenceSize": 166
      },
      {
        "sentenceNo": 19,
        "sentenceContent": "과기정통부는 8월 중순부터 하반기 5G 품질평가를 진행할 예정이며, 이를 포함한 '20년 전체 통신 서비스 품질평가 결과'를 추후에 발표할 계획이다.",
        "sentenceSize": 83
      }
    ]
  },
  "labeledDataInfo": {
    "newTitle": "과기부 5G 품질 평가 실시, SKT '데이터 전송 속도 입증으로 찢었다'",
    "clickbaitClass": 0,
    "referSentenceInfo": [
      {
        "sentenceNo": 1,
        "referSentenceyn": "Y"
      },
      {
        "sentenceNo": 2,
        "referSentenceyn": "N"
      },
      {
        "sentenceNo": 3,
        "referSentenceyn": "N"
      },
      {
        "sentenceNo": 4,
        "referSentenceyn": "N"
      },
      {
        "sentenceNo": 5,
        "referSentenceyn": "N"
      },
      {
        "sentenceNo": 6,
        "referSentenceyn": "N"
      },
      {
        "sentenceNo": 7,
        "referSentenceyn": "N"
      },
      {
        "sentenceNo": 8,
        "referSentenceyn": "N"
      },
      {
        "sentenceNo": 9,
        "referSentenceyn": "N"
      },
      {
        "sentenceNo": 10,
        "referSentenceyn": "N"
      },
      {
        "sentenceNo": 11,
        "referSentenceyn": "N"
      },
      {
        "sentenceNo": 12,
        "referSentenceyn": "N"
      },
      {
        "sentenceNo": 13,
        "referSentenceyn": "N"
      },
      {
        "sentenceNo": 14,
        "referSentenceyn": "Y"
      },
      {
        "sentenceNo": 15,
        "referSentenceyn": "N"
      },
      {
        "sentenceNo": 16,
        "referSentenceyn": "N"
      },
      {
        "sentenceNo": 17,
        "referSentenceyn": "N"
      },
      {
        "sentenceNo": 18,
        "referSentenceyn": "N"
      },
      {
        "sentenceNo": 19,
        "referSentenceyn": "N"
      }
    ]
  }
}