{
  "sourceDataInfo": {
    "newsID": "EC_M02_157661",
    "newsCategory": "경제",
    "newsSubcategory": "산업",
    "newsTitle": "롯데칠성음료, 내달부터 일부 제품가격 평균 4.7% 조정",
    "newsSubTitle": "내달 1일부터 칠성사이다, 펩시콜라 등 16개 음료 평균 4.7% 가격 조정 \\\"원가 개선 등 노력으로 가격조정 억제에도 인건비 상승 등 부담 가중\\\"",
    "newsContent": "롯데칠성음료가 내달 1일부터 일부 음료 제품 가격을 평균 4.7% 조정해 인하 또는 인상한다고 29일 밝혔다.\n이번 가격 조정 대상은 모두 16개 음료 브랜드로, 칠성사이다, 펩시콜라, 마운틴듀, 밀키스, 레쓰비, 핫식스, 트레비, 아이시스8.0 등 14개 브랜드는 인상되고 팜앤홈 및 칸타타 2개 브랜드는 인하된다.\n인상되는 브랜드는 칠성사이다 6.6%, 펩시콜라 7.9%, 마운틴듀 6.3%, 밀키스 5.2%, 레쓰비 6%, 핫식스 8.9%, 트레비 6%, 아이시스8.0 6.8% 등으로 평균 7% 인상된다.\n인하되는 브랜드는 팜앤홈 -3.3%, 칸타타 일부 제품(275mL캔) -7.7%로 평균 5.5% 인하된다.\n롯데칠성음료 관계자는 미디어SR에 \\\"이번 일부 음료 출고가 조정은 지난 2015년 1월 이후 약 6년만\\\"이라고 말했다.\n롯데칠성음료는 그동안 ZBB(Zero Based Budgeting) 프로젝트 추진을 통해 원가개선 및 비용 효율성 제고 등 부단한 노력으로 가격 조정을 최대한 억제해왔다.\n하지만 유통환경 변화와 인건비 등 상승 부담으로 부득이하게 일부 제품 가격을 인상하게 됐다.\n롯데칠성음료 관계자는 \\\"소비자 물가안정을 위해 인상 품목 및 인상률을 최소화했다\\\"며 \\\"품질 향상과 함께 끊임없는 원가개선 및 비용절감 활동을 통해 건강한 마실거리에 대한 소비자의 부담을 더하지 않도록 부단히 노력해 나가겠다\\\"고 말했다.",
    "partNum": "P1",
    "useType": 0,
    "processType": "D",
    "processPattern": "11",
    "processLevel": "하",
    "sentenceCount": 8,
    "sentenceInfo": [
      {
        "sentenceNo": 1,
        "sentenceContent": "롯데칠성음료가 내달 1일부터 일부 음료 제품 가격을 평균 4.7% 조정해 인하 또는 인상한다고 29일 밝혔다.",
        "sentenceSize": 61
      },
      {
        "sentenceNo": 2,
        "sentenceContent": "이번 가격 조정 대상은 모두 16개 음료 브랜드로, 칠성사이다, 펩시콜라, 마운틴듀, 밀키스, 레쓰비, 핫식스, 트레비, 아이시스8.0 등 14개 브랜드는 인상되고 팜앤홈 및 칸타타 2개 브랜드는 인하된다.",
        "sentenceSize": 115
      },
      {
        "sentenceNo": 3,
        "sentenceContent": "인상되는 브랜드는 칠성사이다 6.6%, 펩시콜라 7.9%, 마운틴듀 6.3%, 밀키스 5.2%, 레쓰비 6%, 핫식스 8.9%, 트레비 6%, 아이시스8.0 6.8% 등으로 평균 7% 인상된다.",
        "sentenceSize": 108
      },
      {
        "sentenceNo": 4,
        "sentenceContent": "인하되는 브랜드는 팜앤홈 -3.3%, 칸타타 일부 제품(275mL캔) -7.7%로 평균 5.5% 인하된다.",
        "sentenceSize": 59
      },
      {
        "sentenceNo": 5,
        "sentenceContent": "롯데칠성음료 관계자는 미디어SR에 \\\"이번 일부 음료 출고가 조정은 지난 2015년 1월 이후 약 6년만\\\"이라고 말했다.",
        "sentenceSize": 68
      },
      {
        "sentenceNo": 6,
        "sentenceContent": "롯데칠성음료는 그동안 ZBB(Zero Based Budgeting) 프로젝트 추진을 통해 원가개선 및 비용 효율성 제고 등 부단한 노력으로 가격 조정을 최대한 억제해왔다.",
        "sentenceSize": 95
      },
      {
        "sentenceNo": 7,
        "sentenceContent": "하지만 유통환경 변화와 인건비 등 상승 부담으로 부득이하게 일부 제품 가격을 인상하게 됐다.",
        "sentenceSize": 51
      },
      {
        "sentenceNo": 8,
        "sentenceContent": "롯데칠성음료 관계자는 \\\"소비자 물가안정을 위해 인상 품목 및 인상률을 최소화했다\\\"며 \\\"품질 향상과 함께 끊임없는 원가개선 및 비용절감 활동을 통해 건강한 마실거리에 대한 소비자의 부담을 더하지 않도록 부단히 노력해 나가겠다\\\"고 말했다.",
        "sentenceSize": 135
      }
    ]
  },
  "labeledDataInfo": {
    "newTitle": "롯데칠성음료, 6년만에 일부 제품가격 인상... 왜?",
    "clickbaitClass": 0,
    "referSentenceInfo": [
      {
        "sentenceNo": 1,
        "referSentenceyn": "N"
      },
      {
        "sentenceNo": 2,
        "referSentenceyn": "N"
      },
      {
        "sentenceNo": 3,
        "referSentenceyn": "Y"
      },
      {
        "sentenceNo": 4,
        "referSentenceyn": "N"
      },
      {
        "sentenceNo": 5,
        "referSentenceyn": "N"
      },
      {
        "sentenceNo": 6,
        "referSentenceyn": "N"
      },
      {
        "sentenceNo": 7,
        "referSentenceyn": "N"
      },
      {
        "sentenceNo": 8,
        "referSentenceyn": "N"
      }
    ]
  }
}