{
  "sourceDataInfo": {
    "newsID": "EC_M02_157603",
    "newsCategory": "경제",
    "newsSubcategory": "은행",
    "newsTitle": "'큰 손' 외국인, 11월 한 달 국내 주식 '6조원 샀다'",
    "newsSubTitle": "2013년 9월 이후 최대 순매수 기록 경신 달러 약세와 경기회복 기대심리 반영",
    "newsContent": "지난 11월 국내 주식시장의 '큰 손'은 외국인 투자자였다.\n7년 만에 역대 최대 규모의 순매수 기록을 쓰며 훈풍을 예고하고 있다.\n7일 금융감독원은 '2020년 11월 외국인 증권투자 동향' 보고서를 통해, 지난 11월 외국인이 국내 주식시장에서 총 6조 1250억원을 순매수 했다고 밝혔다.\n코스피와 코스닥에서 각각 5조 8570억원과 2680억원을 매수했는데, 이는 지난 2013년 9월(8조3000억원) 이후 최대 순매수 기록이다.\n지역별로는 유럽(4.5조원), 미국(1.4조원), 중동(800억원), 아시아(5억원) 등 전 지역에서 순매수가 발생했다.\n국가별로는 영국(2조2160원), 미국(9890억원), 아일랜드(7550억원) 등의 순매수 규모가 컸다.\n반면 일본과 아랍에미레이트, 호주에서는 순매도세가 뚜렷했다.\n올해 외국인 투자자들은 국내 주식시장에서 순매도의 흐름을 이어갔다.\n실제로 지난 1월 4080억원치를 매수한 이후 2월부터 9월까지 순매도 추세(7월 제외)를 보였다.\n하지만 10월 순매수세로 전환된 데 이어, 11월에는 본격적으로 규모를 키우는 조짐까지 보였다.\n금감원 관계자는 \\\"미국 달러 약세 및 글로벌 경기회복에 따른 투자심리 개선이 이번 역대급 순매수 기록으로 이어진 것 같다\\\"고 분석했다.\n한편 외국인의 국내 채권투자는 한 달 만에 순회수로 전환됐다.\n지난달 채권시장에서 외국인 투자자들은 2조6490억원의 국내 상장채권을 순매수했다.\n다만 3조5610억원이 만기상환되면서 결과적으로는 총 9130억원이 순회수됐다.\n금감원측은 \\\"환헤지 여건 악화에 따른 재정거래 유인 축소 등으로 만기상환 이후 재투자 둔화가 현실화되면서 순회수로의 전환이 이뤄졌다\\\"고 분석했다.\n지역별로는 아시아(2조3000억)와 미주(2000억) 등에서 순투자한 반면, 유럽(2조2000억)과 중동(3000억)에서는 순회수했다.\n보유 규모는 아시아가 외국인 전체 투자의 48.8%에 해당하는 73조3000억원으로 가장 많았고, 이후 유럽(44조4000억·29.5%)과 미주(12조7000억·8.5%)가 뒤를 이었다.\n채권 종류별로 보면 국채(4000억원)에서 순투자가 이뤄진 반면 통안채(1조7000억원)에서 순회수가 이뤄졌다.\n잔존만기별로는 1~5년 미만 채권은 4조2000억원 순투자, 1년 미만 채권은 5조7000억원을 순회수했다.",
    "partNum": "P1",
    "useType": 0,
    "processType": "D",
    "processPattern": "11",
    "processLevel": "하",
    "sentenceCount": 19,
    "sentenceInfo": [
      {
        "sentenceNo": 1,
        "sentenceContent": "지난 11월 국내 주식시장의 '큰 손'은 외국인 투자자였다.",
        "sentenceSize": 33
      },
      {
        "sentenceNo": 2,
        "sentenceContent": "7년 만에 역대 최대 규모의 순매수 기록을 쓰며 훈풍을 예고하고 있다.",
        "sentenceSize": 39
      },
      {
        "sentenceNo": 3,
        "sentenceContent": "7일 금융감독원은 '2020년 11월 외국인 증권투자 동향' 보고서를 통해, 지난 11월 외국인이 국내 주식시장에서 총 6조 1250억원을 순매수 했다고 밝혔다.",
        "sentenceSize": 90
      },
      {
        "sentenceNo": 4,
        "sentenceContent": "코스피와 코스닥에서 각각 5조 8570억원과 2680억원을 매수했는데, 이는 지난 2013년 9월(8조3000억원) 이후 최대 순매수 기록이다.",
        "sentenceSize": 80
      },
      {
        "sentenceNo": 5,
        "sentenceContent": "지역별로는 유럽(4.5조원), 미국(1.4조원), 중동(800억원), 아시아(5억원) 등 전 지역에서 순매수가 발생했다.",
        "sentenceSize": 67
      },
      {
        "sentenceNo": 6,
        "sentenceContent": "국가별로는 영국(2조2160원), 미국(9890억원), 아일랜드(7550억원) 등의 순매수 규모가 컸다.",
        "sentenceSize": 58
      },
      {
        "sentenceNo": 7,
        "sentenceContent": "반면 일본과 아랍에미레이트, 호주에서는 순매도세가 뚜렷했다.",
        "sentenceSize": 33
      },
      {
        "sentenceNo": 8,
        "sentenceContent": "올해 외국인 투자자들은 국내 주식시장에서 순매도의 흐름을 이어갔다.",
        "sentenceSize": 37
      },
      {
        "sentenceNo": 9,
        "sentenceContent": "실제로 지난 1월 4080억원치를 매수한 이후 2월부터 9월까지 순매도 추세(7월 제외)를 보였다.",
        "sentenceSize": 55
      },
      {
        "sentenceNo": 10,
        "sentenceContent": "하지만 10월 순매수세로 전환된 데 이어, 11월에는 본격적으로 규모를 키우는 조짐까지 보였다.",
        "sentenceSize": 53
      },
      {
        "sentenceNo": 11,
        "sentenceContent": "금감원 관계자는 \\\"미국 달러 약세 및 글로벌 경기회복에 따른 투자심리 개선이 이번 역대급 순매수 기록으로 이어진 것 같다\\\"고 분석했다.",
        "sentenceSize": 77
      },
      {
        "sentenceNo": 12,
        "sentenceContent": "한편 외국인의 국내 채권투자는 한 달 만에 순회수로 전환됐다.",
        "sentenceSize": 34
      },
      {
        "sentenceNo": 13,
        "sentenceContent": "지난달 채권시장에서 외국인 투자자들은 2조6490억원의 국내 상장채권을 순매수했다.",
        "sentenceSize": 46
      },
      {
        "sentenceNo": 14,
        "sentenceContent": "다만 3조5610억원이 만기상환되면서 결과적으로는 총 9130억원이 순회수됐다.",
        "sentenceSize": 44
      },
      {
        "sentenceNo": 15,
        "sentenceContent": "금감원측은 \\\"환헤지 여건 악화에 따른 재정거래 유인 축소 등으로 만기상환 이후 재투자 둔화가 현실화되면서 순회수로의 전환이 이뤄졌다\\\"고 분석했다.",
        "sentenceSize": 83
      },
      {
        "sentenceNo": 16,
        "sentenceContent": "지역별로는 아시아(2조3000억)와 미주(2000억) 등에서 순투자한 반면, 유럽(2조2000억)과 중동(3000억)에서는 순회수했다.",
        "sentenceSize": 75
      },
      {
        "sentenceNo": 17,
        "sentenceContent": "보유 규모는 아시아가 외국인 전체 투자의 48.8%에 해당하는 73조3000억원으로 가장 많았고, 이후 유럽(44조4000억·29.5%)과 미주(12조7000억·8.5%)가 뒤를 이었다.",
        "sentenceSize": 104
      },
      {
        "sentenceNo": 18,
        "sentenceContent": "채권 종류별로 보면 국채(4000억원)에서 순투자가 이뤄진 반면 통안채(1조7000억원)에서 순회수가 이뤄졌다.",
        "sentenceSize": 62
      },
      {
        "sentenceNo": 19,
        "sentenceContent": "잔존만기별로는 1~5년 미만 채권은 4조2000억원 순투자, 1년 미만 채권은 5조7000억원을 순회수했다.",
        "sentenceSize": 60
      }
    ]
  },
  "labeledDataInfo": {
    "newTitle": "외국인 투자자 국내 주식 시장에 막대한 영향 끼쳐... 순매수 도대체 얼마?",
    "clickbaitClass": 0,
    "referSentenceInfo": [
      {
        "sentenceNo": 1,
        "referSentenceyn": "Y"
      },
      {
        "sentenceNo": 2,
        "referSentenceyn": "N"
      },
      {
        "sentenceNo": 3,
        "referSentenceyn": "Y"
      },
      {
        "sentenceNo": 4,
        "referSentenceyn": "N"
      },
      {
        "sentenceNo": 5,
        "referSentenceyn": "N"
      },
      {
        "sentenceNo": 6,
        "referSentenceyn": "N"
      },
      {
        "sentenceNo": 7,
        "referSentenceyn": "N"
      },
      {
        "sentenceNo": 8,
        "referSentenceyn": "N"
      },
      {
        "sentenceNo": 9,
        "referSentenceyn": "N"
      },
      {
        "sentenceNo": 10,
        "referSentenceyn": "N"
      },
      {
        "sentenceNo": 11,
        "referSentenceyn": "N"
      },
      {
        "sentenceNo": 12,
        "referSentenceyn": "N"
      },
      {
        "sentenceNo": 13,
        "referSentenceyn": "N"
      },
      {
        "sentenceNo": 14,
        "referSentenceyn": "N"
      },
      {
        "sentenceNo": 15,
        "referSentenceyn": "N"
      },
      {
        "sentenceNo": 16,
        "referSentenceyn": "N"
      },
      {
        "sentenceNo": 17,
        "referSentenceyn": "N"
      },
      {
        "sentenceNo": 18,
        "referSentenceyn": "N"
      },
      {
        "sentenceNo": 19,
        "referSentenceyn": "N"
      }
    ]
  }
}