{
  "sourceDataInfo": {
    "newsID": "EC_M02_158095",
    "newsCategory": "경제",
    "newsSubcategory": "IT·통신",
    "newsTitle": "\\\"사람이 동력\\\" 무신사 조직문화 더 '유연'해진다",
    "newsSubTitle": "인사제도 통합·개편…“무신사다운 일하는 방식 확립” 주2회 재택·자율 출퇴근제·월 1회 얼리 프라이데이 도입 선택적 복리후생 도입…연간 350만원 내에서 자유롭게 설계",
    "newsContent": "온라인 패션 플랫폼 무신사가 25일 인사제도를 개편했다.\n지난 21~22일 무신사, 스타일쉐어, 29CM 등 전체 임직원을 대상으로 인사제도 변화와 관련된 사내 설명회를 마쳤다.\n새 인사제도는 구성원의 자율성과 창의성을 최대화될 수 있도록 하는 개 핵심이다.\n근무방식을 바꾸고, 각자 직접 선호하는 복리후생을 선택할 수 있게 했다.\n이를 통해 임직원의 몰입도를 높여 업무 생산성을 강화하겠다는 전략이다.\n무신사 관계자는 데일리임팩트에 \\\"회사의 빠른 성장 속도에 발맞춰 무신사다운 조직 문화를 강화하고자, 임직원의 주도적 성장을 돕고 열정적으로 몰입할 수 있는 환경을 제공하는 게 목적\\\"이라며 \\\"회사와 함께 성장하는, 무신사만의 일하는 방식을 만들고 우수인재를 영입하기 위한 투자를 계속 할 것\\\"이라고 말했다.\n25일 무신사에 따르면, 일주일에 두 번 재택근무를 기본으로 하되, 부서별 상황에 맞춰 유동적으로 조정할 방침이다.\n이와 함께 자율 출퇴근제를 확대한다.\n오전 8시부터 11시까지 원하는 시간에 업무를 시작해 점심시간을 제외하고 8시간 근무를 하는 방식이다.\n임직원 각자가 업무에 집중할 수 있는 근무시간을 선택할 수 있게 함으로써 효율성을 높이겠다는 구상이다.\n복리후생 프로그램도 신설됐다.\n매월 마지막 주 금요일은 4시간만 근무하는 얼리 프라이데이, 정신적·심리적 안정을 위한 멘탈 헬스 케어 서비스를 도입했다.\n아울러 다음달부터는 단체상해보험을 도입한다.\n본인은 물론 배우자, 자녀를 대상으로 주요 질병 진단과 수술비, 상해 입원 등을 보장해준다.\n여기에 실비와 치과 치료 중 한 가지를 선택해 보장받을 수 있다.\n특히 선택적 복리후생 체제를 도입해 임직원의 만족도를 높일 계획이다.\n개별로 원하는 복지 항목을 패키지로 설계해 연간 350만원 한도 내에서 자유롭게 사용할 수 있다.\n자기계발, 도서 구입, 운동, 문화 활동, 육아 지원 등이 포함된다.",
    "partNum": "P1",
    "useType": 0,
    "processType": "D",
    "processPattern": "11",
    "processLevel": "하",
    "sentenceCount": 18,
    "sentenceInfo": [
      {
        "sentenceNo": 1,
        "sentenceContent": "온라인 패션 플랫폼 무신사가 25일 인사제도를 개편했다.",
        "sentenceSize": 31
      },
      {
        "sentenceNo": 2,
        "sentenceContent": "지난 21~22일 무신사, 스타일쉐어, 29CM 등 전체 임직원을 대상으로 인사제도 변화와 관련된 사내 설명회를 마쳤다.",
        "sentenceSize": 67
      },
      {
        "sentenceNo": 3,
        "sentenceContent": "새 인사제도는 구성원의 자율성과 창의성을 최대화될 수 있도록 하는 개 핵심이다.",
        "sentenceSize": 44
      },
      {
        "sentenceNo": 4,
        "sentenceContent": "근무방식을 바꾸고, 각자 직접 선호하는 복리후생을 선택할 수 있게 했다.",
        "sentenceSize": 40
      },
      {
        "sentenceNo": 5,
        "sentenceContent": "이를 통해 임직원의 몰입도를 높여 업무 생산성을 강화하겠다는 전략이다.",
        "sentenceSize": 39
      },
      {
        "sentenceNo": 6,
        "sentenceContent": "무신사 관계자는 데일리임팩트에 \\\"회사의 빠른 성장 속도에 발맞춰 무신사다운 조직 문화를 강화하고자, 임직원의 주도적 성장을 돕고 열정적으로 몰입할 수 있는 환경을 제공하는 게 목적\\\"이라며 \\\"회사와 함께 성장하는, 무신사만의 일하는 방식을 만들고 우수인재를 영입하기 위한 투자를 계속 할 것\\\"이라고 말했다.",
        "sentenceSize": 174
      },
      {
        "sentenceNo": 7,
        "sentenceContent": "25일 무신사에 따르면, 일주일에 두 번 재택근무를 기본으로 하되, 부서별 상황에 맞춰 유동적으로 조정할 방침이다.",
        "sentenceSize": 64
      },
      {
        "sentenceNo": 8,
        "sentenceContent": "이와 함께 자율 출퇴근제를 확대한다.",
        "sentenceSize": 20
      },
      {
        "sentenceNo": 9,
        "sentenceContent": "오전 8시부터 11시까지 원하는 시간에 업무를 시작해 점심시간을 제외하고 8시간 근무를 하는 방식이다.",
        "sentenceSize": 57
      },
      {
        "sentenceNo": 10,
        "sentenceContent": "임직원 각자가 업무에 집중할 수 있는 근무시간을 선택할 수 있게 함으로써 효율성을 높이겠다는 구상이다.",
        "sentenceSize": 57
      },
      {
        "sentenceNo": 11,
        "sentenceContent": "복리후생 프로그램도 신설됐다.",
        "sentenceSize": 16
      },
      {
        "sentenceNo": 12,
        "sentenceContent": "매월 마지막 주 금요일은 4시간만 근무하는 얼리 프라이데이, 정신적·심리적 안정을 위한 멘탈 헬스 케어 서비스를 도입했다.",
        "sentenceSize": 68
      },
      {
        "sentenceNo": 13,
        "sentenceContent": "아울러 다음달부터는 단체상해보험을 도입한다.",
        "sentenceSize": 24
      },
      {
        "sentenceNo": 14,
        "sentenceContent": "본인은 물론 배우자, 자녀를 대상으로 주요 질병 진단과 수술비, 상해 입원 등을 보장해준다.",
        "sentenceSize": 51
      },
      {
        "sentenceNo": 15,
        "sentenceContent": "여기에 실비와 치과 치료 중 한 가지를 선택해 보장받을 수 있다.",
        "sentenceSize": 36
      },
      {
        "sentenceNo": 16,
        "sentenceContent": "특히 선택적 복리후생 체제를 도입해 임직원의 만족도를 높일 계획이다.",
        "sentenceSize": 38
      },
      {
        "sentenceNo": 17,
        "sentenceContent": "개별로 원하는 복지 항목을 패키지로 설계해 연간 350만원 한도 내에서 자유롭게 사용할 수 있다.",
        "sentenceSize": 54
      },
      {
        "sentenceNo": 18,
        "sentenceContent": "자기계발, 도서 구입, 운동, 문화 활동, 육아 지원 등이 포함된다.",
        "sentenceSize": 38
      }
    ]
  },
  "labeledDataInfo": {
    "newTitle": "온라인 패션 플랫폼 무신사, 25일 인사 제도 개편한다... 개선된 점은?",
    "clickbaitClass": 0,
    "referSentenceInfo": [
      {
        "sentenceNo": 1,
        "referSentenceyn": "Y"
      },
      {
        "sentenceNo": 2,
        "referSentenceyn": "N"
      },
      {
        "sentenceNo": 3,
        "referSentenceyn": "N"
      },
      {
        "sentenceNo": 4,
        "referSentenceyn": "N"
      },
      {
        "sentenceNo": 5,
        "referSentenceyn": "N"
      },
      {
        "sentenceNo": 6,
        "referSentenceyn": "N"
      },
      {
        "sentenceNo": 7,
        "referSentenceyn": "N"
      },
      {
        "sentenceNo": 8,
        "referSentenceyn": "N"
      },
      {
        "sentenceNo": 9,
        "referSentenceyn": "N"
      },
      {
        "sentenceNo": 10,
        "referSentenceyn": "N"
      },
      {
        "sentenceNo": 11,
        "referSentenceyn": "N"
      },
      {
        "sentenceNo": 12,
        "referSentenceyn": "N"
      },
      {
        "sentenceNo": 13,
        "referSentenceyn": "N"
      },
      {
        "sentenceNo": 14,
        "referSentenceyn": "N"
      },
      {
        "sentenceNo": 15,
        "referSentenceyn": "N"
      },
      {
        "sentenceNo": 16,
        "referSentenceyn": "N"
      },
      {
        "sentenceNo": 17,
        "referSentenceyn": "N"
      },
      {
        "sentenceNo": 18,
        "referSentenceyn": "N"
      }
    ]
  }
}