{
  "sourceDataInfo": {
    "newsID": "EC_M02_156462",
    "newsCategory": "경제",
    "newsSubcategory": "산업",
    "newsTitle": "코로나19에 국내 면세점 매출 '꽁꽁'…지난해 比 38% 급감",
    "newsSubTitle": "지난해 매출 15조5051억 원, 전년 比 37.7% 감소 작년 12월 매출 1조1848억 원, 전달 比 16.6%줄어",
    "newsContent": "코로나19(신종 코로나바이러스 감염증) 사태 여파로 지난해 국내 면세점 매출이 40% 가까이 급감한 것으로 나타났다.\n1일 한국면세점협회에 따르면 지난해 면세점 매출은 15조5051억 원으로, 2019년보다 37.7% 감소했다.\n이 중 내국인 출국이 어려워지면서 외국인 매출 비중이 94%까지 올라갔다.\n2019년 외국인 매출 비중은 83%였다.\n이어 방문객도 급감했다.\n지난해 면세점 방문객은 1066만9000여 명으로 2019년 4844만3000여 명의 22.0%에 그쳤다.\n내국인과 외국인 비중은 7대 3이었다.\n지난해 12월 매출은 1조1848억 원으로, 전달보다 16.6% 감소했다.\n국내 면세점 매출은 2009년 3조8522억 원에서 계속 증가해 2016년 10조 원을, 2019년 20조 원을 넘겼다.\n그러나 코로나19 사태로 전 세계적으로 항공편 여행이 중단되면서 매출이 급감했다. 면세업계 관계자는 미디어SR에 \\\"코로나19 확산에 따라 출국여행객이 감소해 면세점 매출이 급감하는 등 어려움을 겪고 있다\\\"며 \\\"특허수수료 감면 등 정부의 추가 지원이 시급하다\\\"고 말했다.",
    "partNum": "P1",
    "useType": 0,
    "processType": "D",
    "processPattern": "14",
    "processLevel": "중",
    "sentenceCount": 10,
    "sentenceInfo": [
      {
        "sentenceNo": 1,
        "sentenceContent": "코로나19(신종 코로나바이러스 감염증) 사태 여파로 지난해 국내 면세점 매출이 40% 가까이 급감한 것으로 나타났다.",
        "sentenceSize": 65
      },
      {
        "sentenceNo": 2,
        "sentenceContent": "1일 한국면세점협회에 따르면 지난해 면세점 매출은 15조5051억 원으로, 2019년보다 37.7% 감소했다.",
        "sentenceSize": 61
      },
      {
        "sentenceNo": 3,
        "sentenceContent": "이 중 내국인 출국이 어려워지면서 외국인 매출 비중이 94%까지 올라갔다.",
        "sentenceSize": 41
      },
      {
        "sentenceNo": 4,
        "sentenceContent": "2019년 외국인 매출 비중은 83%였다.",
        "sentenceSize": 23
      },
      {
        "sentenceNo": 5,
        "sentenceContent": "이어 방문객도 급감했다.",
        "sentenceSize": 13
      },
      {
        "sentenceNo": 6,
        "sentenceContent": "지난해 면세점 방문객은 1066만9000여 명으로 2019년 4844만3000여 명의 22.0%에 그쳤다.",
        "sentenceSize": 59
      },
      {
        "sentenceNo": 7,
        "sentenceContent": "내국인과 외국인 비중은 7대 3이었다.",
        "sentenceSize": 21
      },
      {
        "sentenceNo": 8,
        "sentenceContent": "지난해 12월 매출은 1조1848억 원으로, 전달보다 16.6% 감소했다.",
        "sentenceSize": 41
      },
      {
        "sentenceNo": 9,
        "sentenceContent": "국내 면세점 매출은 2009년 3조8522억 원에서 계속 증가해 2016년 10조 원을, 2019년 20조 원을 넘겼다.",
        "sentenceSize": 67
      },
      {
        "sentenceNo": 10,
        "sentenceContent": "그러나 코로나19 사태로 전 세계적으로 항공편 여행이 중단되면서 매출이 급감했다. 면세업계 관계자는 미디어SR에 \\\"코로나19 확산에 따라 출국여행객이 감소해 면세점 매출이 급감하는 등 어려움을 겪고 있다\\\"며 \\\"특허수수료 감면 등 정부의 추가 지원이 시급하다\\\"고 말했다.",
        "sentenceSize": 154
      }
    ]
  },
  "labeledDataInfo": {
    "newTitle": "코시국에 국내 면세점 매출도 급감... 한국면세점협회, '이게 실화냐'",
    "clickbaitClass": 0,
    "referSentenceInfo": [
      {
        "sentenceNo": 1,
        "referSentenceyn": "Y"
      },
      {
        "sentenceNo": 2,
        "referSentenceyn": "N"
      },
      {
        "sentenceNo": 3,
        "referSentenceyn": "N"
      },
      {
        "sentenceNo": 4,
        "referSentenceyn": "N"
      },
      {
        "sentenceNo": 5,
        "referSentenceyn": "N"
      },
      {
        "sentenceNo": 6,
        "referSentenceyn": "N"
      },
      {
        "sentenceNo": 7,
        "referSentenceyn": "N"
      },
      {
        "sentenceNo": 8,
        "referSentenceyn": "N"
      },
      {
        "sentenceNo": 9,
        "referSentenceyn": "N"
      },
      {
        "sentenceNo": 10,
        "referSentenceyn": "N"
      }
    ]
  }
}