{
  "sourceDataInfo": {
    "newsID": "EC_M02_157540",
    "newsCategory": "경제",
    "newsSubcategory": "산업",
    "newsTitle": "고민 깊어진 HDC 정몽규...아시아나항공 인수가 1조5000억원으로 조정?",
    "newsSubTitle": "",
    "newsContent": "이동걸 산업은행 회장이 정몽규 HDC그룹 회장과 전격적으로 회동했지만 아시아나항공의 운명은 아직 미지수다.\n이 회장은 1조원의 매각 대금을 인하해주겠다고 제안한 것으로 알려졌으나, 산은은 일체의 논의 내용을 비밀에 부쳤다.\n거래 무산 위기에 놓였던 아시아나항공 인수합병(M&A)은 지난 20일 이 회장이 최고경영자 간 만남을 제안하고 정 회자이 이에 응답해 새로운 국면을 맞게 됐다.\n26일 오후 이 회장은 정 회장을 만난 자리에서 \\\"모든 가능성을 열어놓고 논의했다\\\"고 밝혔지만 양측이 주고받은 내용은 공개하지 않았다.\nHDC측은 27일 미디어SR에 \\\"정확한 내용을 말할 수는 없지만 (모든 가능성을 열어놓고 논의한 만큼 경영진이) 가능성을 열어놓고 심사숙고할 것\\\"이라고 밝혔다.\n두 사람의 회동이 이뤄지기 전 산은은 현산이 12주간의 재실사를 요구한 것에 대해 \\\"과도하다\\\"며 \\\"'제한된 범위 내에서' 논의는 가능하다\\\"는 입장을 밝힌 바 있다.\n하지만 이번 만남에서는 '모든 가능성'이라고 표현해 통 큰 양보를 시사했다.\n코로나19의 재확산으로 인해 사실상 내년까지도 정상화가 어려울 것으로 예상되는 상황을 고려한 것으로 보인다.\n이에 산은측은 현산에 구주 인수와 유상증자 대금을 합한 인수대금으로 1조5000억원을 제시한 것으로 알려졌다.\n기존 인수대금에서 1조원 줄어든 금액이다.\nHDC현대산업개발(HDC현산)은 지난해 금호산업이 보유한 아시아나항공 구주(30.77%)를 3228억원에 인수하고 2조1772억원의 유상증자를 진행하는 등 총 2조5000억원을 인수대금으로 제시했다.\n이에 더해 산은은 1조5000억원 수준의 자금을 담당하겠다는 의지를 표명한 것으로도 알려졌다.\n결국 공은 다시 HDC 쪽으로 넘어갔다.\nHDC는 사실상 양자택일을 해야 할 상황이다.\n인수대금 1조원을 아끼고 불확실성이 가중된 아시아나항공을 인수할지, 2500억원의 계약금과 아시아나항공 인수를 모두 포기할지 결정해야할 것으로 보인다.\n당초 재실사에도 부정적이었던 산은이 '인수조건'에 대해 '모든 가능성을 열어두고 논의했다'고 밝힌 만큼, HDC도 항공업계의 현재 상황과 아시아나항공의 가치와 성장잠재력을 고려해 전략적인 판단을 할 것으로 보인다.\n다만 산은은 HDC측의 답변을 재촉할 가능성이 높다.\n산은으로서는 아시아나항공 인수가 결정돼야 불확실성을 줄이고 정상화 단계를 밟아나갈 수 있기 때문이다.\n이동걸 산은 회장의 연임 가능성이 거론되고 있으나 우선 임기가 다음달 10일까지여서 산은은 그 전에 답을 요구할 것으로 보인다.\n현산이 산은의 제안을 받으면 아시아나항공 M&A는 급속도로 진행될 수 있다.",
    "partNum": "P1",
    "useType": 0,
    "processType": "D",
    "processPattern": "11",
    "processLevel": "하",
    "sentenceCount": 20,
    "sentenceInfo": [
      {
        "sentenceNo": 1,
        "sentenceContent": "이동걸 산업은행 회장이 정몽규 HDC그룹 회장과 전격적으로 회동했지만 아시아나항공의 운명은 아직 미지수다.",
        "sentenceSize": 59
      },
      {
        "sentenceNo": 2,
        "sentenceContent": "이 회장은 1조원의 매각 대금을 인하해주겠다고 제안한 것으로 알려졌으나, 산은은 일체의 논의 내용을 비밀에 부쳤다.",
        "sentenceSize": 64
      },
      {
        "sentenceNo": 3,
        "sentenceContent": "거래 무산 위기에 놓였던 아시아나항공 인수합병(M&A)은 지난 20일 이 회장이 최고경영자 간 만남을 제안하고 정 회자이 이에 응답해 새로운 국면을 맞게 됐다.",
        "sentenceSize": 89
      },
      {
        "sentenceNo": 4,
        "sentenceContent": "26일 오후 이 회장은 정 회장을 만난 자리에서 \\\"모든 가능성을 열어놓고 논의했다\\\"고 밝혔지만 양측이 주고받은 내용은 공개하지 않았다.",
        "sentenceSize": 77
      },
      {
        "sentenceNo": 5,
        "sentenceContent": "HDC측은 27일 미디어SR에 \\\"정확한 내용을 말할 수는 없지만 (모든 가능성을 열어놓고 논의한 만큼 경영진이) 가능성을 열어놓고 심사숙고할 것\\\"이라고 밝혔다.",
        "sentenceSize": 91
      },
      {
        "sentenceNo": 6,
        "sentenceContent": "두 사람의 회동이 이뤄지기 전 산은은 현산이 12주간의 재실사를 요구한 것에 대해 \\\"과도하다\\\"며 \\\"'제한된 범위 내에서' 논의는 가능하다\\\"는 입장을 밝힌 바 있다.",
        "sentenceSize": 95
      },
      {
        "sentenceNo": 7,
        "sentenceContent": "하지만 이번 만남에서는 '모든 가능성'이라고 표현해 통 큰 양보를 시사했다.",
        "sentenceSize": 42
      },
      {
        "sentenceNo": 8,
        "sentenceContent": "코로나19의 재확산으로 인해 사실상 내년까지도 정상화가 어려울 것으로 예상되는 상황을 고려한 것으로 보인다.",
        "sentenceSize": 60
      },
      {
        "sentenceNo": 9,
        "sentenceContent": "이에 산은측은 현산에 구주 인수와 유상증자 대금을 합한 인수대금으로 1조5000억원을 제시한 것으로 알려졌다.",
        "sentenceSize": 61
      },
      {
        "sentenceNo": 10,
        "sentenceContent": "기존 인수대금에서 1조원 줄어든 금액이다.",
        "sentenceSize": 23
      },
      {
        "sentenceNo": 11,
        "sentenceContent": "HDC현대산업개발(HDC현산)은 지난해 금호산업이 보유한 아시아나항공 구주(30.77%)를 3228억원에 인수하고 2조1772억원의 유상증자를 진행하는 등 총 2조5000억원을 인수대금으로 제시했다.",
        "sentenceSize": 111
      },
      {
        "sentenceNo": 12,
        "sentenceContent": "이에 더해 산은은 1조5000억원 수준의 자금을 담당하겠다는 의지를 표명한 것으로도 알려졌다.",
        "sentenceSize": 52
      },
      {
        "sentenceNo": 13,
        "sentenceContent": "결국 공은 다시 HDC 쪽으로 넘어갔다.",
        "sentenceSize": 22
      },
      {
        "sentenceNo": 14,
        "sentenceContent": "HDC는 사실상 양자택일을 해야 할 상황이다.",
        "sentenceSize": 25
      },
      {
        "sentenceNo": 15,
        "sentenceContent": "인수대금 1조원을 아끼고 불확실성이 가중된 아시아나항공을 인수할지, 2500억원의 계약금과 아시아나항공 인수를 모두 포기할지 결정해야할 것으로 보인다.",
        "sentenceSize": 84
      },
      {
        "sentenceNo": 16,
        "sentenceContent": "당초 재실사에도 부정적이었던 산은이 '인수조건'에 대해 '모든 가능성을 열어두고 논의했다'고 밝힌 만큼, HDC도 항공업계의 현재 상황과 아시아나항공의 가치와 성장잠재력을 고려해 전략적인 판단을 할 것으로 보인다.",
        "sentenceSize": 119
      },
      {
        "sentenceNo": 17,
        "sentenceContent": "다만 산은은 HDC측의 답변을 재촉할 가능성이 높다.",
        "sentenceSize": 29
      },
      {
        "sentenceNo": 18,
        "sentenceContent": "산은으로서는 아시아나항공 인수가 결정돼야 불확실성을 줄이고 정상화 단계를 밟아나갈 수 있기 때문이다.",
        "sentenceSize": 56
      },
      {
        "sentenceNo": 19,
        "sentenceContent": "이동걸 산은 회장의 연임 가능성이 거론되고 있으나 우선 임기가 다음달 10일까지여서 산은은 그 전에 답을 요구할 것으로 보인다.",
        "sentenceSize": 71
      },
      {
        "sentenceNo": 20,
        "sentenceContent": "현산이 산은의 제안을 받으면 아시아나항공 M&A는 급속도로 진행될 수 있다.",
        "sentenceSize": 42
      }
    ]
  },
  "labeledDataInfo": {
    "newTitle": "고민 깊어진 HDC 정몽규... 인수 앞둔 아시아나항공 운명은?",
    "clickbaitClass": 0,
    "referSentenceInfo": [
      {
        "sentenceNo": 1,
        "referSentenceyn": "Y"
      },
      {
        "sentenceNo": 2,
        "referSentenceyn": "N"
      },
      {
        "sentenceNo": 3,
        "referSentenceyn": "Y"
      },
      {
        "sentenceNo": 4,
        "referSentenceyn": "N"
      },
      {
        "sentenceNo": 5,
        "referSentenceyn": "N"
      },
      {
        "sentenceNo": 6,
        "referSentenceyn": "N"
      },
      {
        "sentenceNo": 7,
        "referSentenceyn": "N"
      },
      {
        "sentenceNo": 8,
        "referSentenceyn": "N"
      },
      {
        "sentenceNo": 9,
        "referSentenceyn": "N"
      },
      {
        "sentenceNo": 10,
        "referSentenceyn": "N"
      },
      {
        "sentenceNo": 11,
        "referSentenceyn": "N"
      },
      {
        "sentenceNo": 12,
        "referSentenceyn": "N"
      },
      {
        "sentenceNo": 13,
        "referSentenceyn": "N"
      },
      {
        "sentenceNo": 14,
        "referSentenceyn": "N"
      },
      {
        "sentenceNo": 15,
        "referSentenceyn": "N"
      },
      {
        "sentenceNo": 16,
        "referSentenceyn": "N"
      },
      {
        "sentenceNo": 17,
        "referSentenceyn": "N"
      },
      {
        "sentenceNo": 18,
        "referSentenceyn": "N"
      },
      {
        "sentenceNo": 19,
        "referSentenceyn": "N"
      },
      {
        "sentenceNo": 20,
        "referSentenceyn": "N"
      }
    ]
  }
}