{
  "sourceDataInfo": {
    "newsID": "EC_M02_158180",
    "newsCategory": "경제",
    "newsSubcategory": "은행",
    "newsTitle": "금감원 심상찮은 '내부통제 경고장', 은행권 전전긍긍",
    "newsSubTitle": "밝혀진 횡령 규모만 800억원…당국은 ‘내부통제 강화’ 권고 업계는 “당국 권고는 공감, 현실적인 추가 방안은 쉽지 않아”",
    "newsContent": "우리은행 횡령 사건을 시작으로 금융권 내 자금 횡령 사고가 연이어 발견되면서 은행업계 전반의 내부통제 강화 움직임이 전방위적으로 확산하고 있다.\n지난 4월 말 불거진 700억원 규모의 우리은행 직원 발 횡령 사건 이후 업계 내 자체 감사를 통해 직간접적으로 그동안 감춰졌던 횡령 사고가 속속 모습을 드러내고 있기 때문이다.\n특히, '검찰 출신' 이복현 금융감독원장이 횡령사고 예방을 위한 방안으로 내부통제 강화를 직접적으로 언급하면서 향후 감독기관의 지침과 방향성에 관한 관심도 높아지는 모습이다.\n다만 상당수 은행업계 관계자들은 현실적으로 금감원이 요구하는 추가적인 내부통제 강화 방안을 마련하는 데는 한계가 있다는 입장이다.\n그러면서 내부 윤리교육 강화, 기존 내부통제 시스템의 근본적인 활성화 등 업계 자체적인 노력 강화가 대안이 될 수 있다고 입을 모은다. 22일 금융업계에 따르면 지난 4월 말 불거진 우리은행 횡령 사건 이후 은행업계 내 직원들이 연루된 횡령 사건이 꾸준히 드러나고 있다.\n대부분, 기존에 발생했던 사건으로 자체감사를 통해 문제를 인지한 은행들이 적극적으로 경찰에 수사를 의뢰하면서 사건의 실체가 알려지고 있는 것이다.\n실제로 약 600억원 규모의 우리은행 직원 횡령 사건이 터진 이후, 시중은행뿐 아니라 저축은행, 상호금융 등 은행업계 전반에서 그간 누적된 횡령 사건이 드러나고 있다.\n실제로 앞서 언급한 우리은행 뿐 아니라 신한은행(2억원), 새마을금고(40억원), KB저축은행(94억원), 지역농협(40억원) 등 불과 두 달 남짓 사이에 드러난 은행업계 내 횡령 규모만 800억원에 달한다.\n물론 이는 공식적인 조사가 시작된 것에 한정된 수치다.\n아직 모습을 드러내지 않은 횡령 사건을 고려하면 횡령의 규모와 이에 연루된 임직원 수는 더욱 많을 것으로 보인다.\n금융감독원도 발 빠르게 움직이고 있다.\n현재 금감원은 우리은행 횡령 사건이 외부에 알려진 직후, 신속하게 우리은행을 대상으로 한 현장검사를 시작했다.\n현재 두 달 가까이 검사가 진행되고 있는데, 지금까지 알려진 바에 따르면 우리은행에 대한 현장검사는 일단 이달 말께 종료될 예정이다.\n애초 예정된 검사 기간은 1주일이었지만 일정이 4차례 연장되면서 두 달 넘게 현장 검사가 진행된 것이다.\n이준수 금감원 부원장보 역시 최근 \\\"우리은행 횡령 사건 검사가 막바지로 향하고 있다\\\"며 \\\"이달 말까지 예정대로 검사를 진행할 것\\\"이라고 말했다. '내부통제 강화' 경고장 보낸 당국 일단 횡령 사건이 발생한 금융사들은 지금까지 수습책 마련에 집중하고 있다.\n저마다 환경은 다르지만, 기본적으로 횡령사건에 대한 반성과 함께 고객 신뢰 회복, 그리고 고객 피해를 최소화하겠다는 점에 일단 집중하고 있다.\n우리은행의 경우에는 이원덕 행장이 직접 나서 고객 신뢰 회복을 위한 노력을 강조했고, 새마을금고 역시 고객 피해가 없도록 최선을 다하겠다는 점을 강조했다.\n내부 직원에 의한 횡령 사건이 부각되면서, 이를 예방하기 위한 내부통제 시스템 강화 움직임도 본격화되고 있다.\n횡령 사건이 발생한 금융사뿐 아니라 사건이 발생하지 않았거나 또는 아직 드러나지 않은 대다수 금융사 역시 내부통제 강화를 위한 고삐를 죄고 있다.\n당장 은행업계는 내부통제 강화를 위해 기존 내부통제 시스템의 확대를 꾀하고 있는 모습이다.\n실제로 국내 주요 시중은행들은 횡령 사건이 이슈로 떠오른 이후부터 내부통제 조치 중 하나인 '명령휴가제'의 대상 범위 및 시기를 넓히고 있다.\n명령휴가제란 횡령을 포함한 금융사고가 발생할 수 있는 직무의 직원을 불시에 휴가를 보낸 뒤, 그 사이 직무 내용 등을 점검하는 조치를 일컫는다.\n지금까지 명령휴가는 채권, 현금 등 실물자산을 관리하는 직원에 특정돼 운영돼왔다.\n이를 개인금융, 기업금융뿐 아니라 영업점 내 ATM담당까지 거의 모든 실무직군으로 범위를 넓히겠다는 것이다.\n이 밖에 거의 모든 은행이 지난 두 달여간 현재 적용 중인 내부통제 지침에 기반한 점검 및 자체 감독을 실시했다.\n특히 최근 들어 주목되는 부분이 바로 각종 금융사건 및 사고를 관리‧감독하는 금감원의 역할이다.\n이미 금감원은 이번 횡령 사건이 이슈화된 이후, 지속적으로 내부통제 조치 강화를 은행업계에 권고한 바 있다.\n특히 검사 시절, 굵직한 금융사고를 직접 조사해본 경험이 있는 이복현 원장의 스탠스도 당장은 내부통제 강화라는 기존 금감원 입장에 맞춰져 있는 모습이다.\n실제로 이복현 원장은 최근 시중은행장들을 만나 \\\"지금처럼 자산시장이 불안정한 상황에선 더욱 사고 예방을 위한 내부통제를 강화할 필요가 있다\\\"며 \\\"내부통제 자체 점검을 확대하고 필요시 내부통제 조직 및 역량을 강화하는 방안도 강구해야 한다\\\"고 말했다.\n다만, 이 원장은 \\\"금감원은 금융위원회와 함께 금융사고 예방을 위한 내부통제제도 개선 방안을 마련해 추진할 계획\\\"이라며 업계의 자율적 조치를 넘어 당국의 직접적 개입의 가능성도 열어놨다.\n공존하는 우려와 공감의 시선 한편, 이러한 금감원과 당국의 권고를 바라보는 은행권 내부의 시선에는 긍정과 부정이 섞여 있다.\n횡령 사건 예방을 위한 내부통제 강화, 그리고 이에 대한 금감원의 권고에는 공감하면서도 현실적으로 내부통제 강화를 위한 조치를 추가하는 건 쉽지 않다는 이유에서다.\n실제로 기자가 만난 대다수 은행업계 관계자들은 인적, 물적 측면에서 현실적 어려움을 토로했다.\n한 시중은행 업계 관계자는 데일리임팩트에 \\\"아무리 내부통제 조치를 촘촘하게 마련한다고 해도 2만여 명에 가까운 일선 직원들의 비위 가능성을 모두 관리하기란 불가능하다\\\"며 \\\"금감원도 이러한 현실적 어려움을 모르지는 않을 것\\\"이라고 말했다.\n그런 까닭에 업계 내부에선 직원 개개인의 도덕적 해이를 예방하기 위한 추가적인 내부 교육에 우선 집중하겠다는 입장이다.\n실제로 대다수 은행들은 최근 신입 행원뿐 아니라 기존 직원들을 대상으로 한 의무 윤리교육을 한층 강화하고 있다.\n또 다른 시중은행의 관계자 역시 \\\"현재 내부통제 시스템도 실제로 뜯어보면 상당히 꼼꼼하고 디테일하게 구성돼있다고 생각한다\\\"며 \\\"사실상 업계 내부에서도 시스템의 문제라기보단 모럴해저드에 빠진 특정인의 일탈행위로 생각하는 것이 일반적일 것\\\"이라고 설명했다.",
    "partNum": "P1",
    "useType": 0,
    "processType": "D",
    "processPattern": "11",
    "processLevel": "하",
    "sentenceCount": 37,
    "sentenceInfo": [
      {
        "sentenceNo": 1,
        "sentenceContent": "우리은행 횡령 사건을 시작으로 금융권 내 자금 횡령 사고가 연이어 발견되면서 은행업계 전반의 내부통제 강화 움직임이 전방위적으로 확산하고 있다.",
        "sentenceSize": 80
      },
      {
        "sentenceNo": 2,
        "sentenceContent": "지난 4월 말 불거진 700억원 규모의 우리은행 직원 발 횡령 사건 이후 업계 내 자체 감사를 통해 직간접적으로 그동안 감춰졌던 횡령 사고가 속속 모습을 드러내고 있기 때문이다.",
        "sentenceSize": 99
      },
      {
        "sentenceNo": 3,
        "sentenceContent": "특히, '검찰 출신' 이복현 금융감독원장이 횡령사고 예방을 위한 방안으로 내부통제 강화를 직접적으로 언급하면서 향후 감독기관의 지침과 방향성에 관한 관심도 높아지는 모습이다.",
        "sentenceSize": 97
      },
      {
        "sentenceNo": 4,
        "sentenceContent": "다만 상당수 은행업계 관계자들은 현실적으로 금감원이 요구하는 추가적인 내부통제 강화 방안을 마련하는 데는 한계가 있다는 입장이다.",
        "sentenceSize": 72
      },
      {
        "sentenceNo": 5,
        "sentenceContent": "그러면서 내부 윤리교육 강화, 기존 내부통제 시스템의 근본적인 활성화 등 업계 자체적인 노력 강화가 대안이 될 수 있다고 입을 모은다. 22일 금융업계에 따르면 지난 4월 말 불거진 우리은행 횡령 사건 이후 은행업계 내 직원들이 연루된 횡령 사건이 꾸준히 드러나고 있다.",
        "sentenceSize": 151
      },
      {
        "sentenceNo": 6,
        "sentenceContent": "대부분, 기존에 발생했던 사건으로 자체감사를 통해 문제를 인지한 은행들이 적극적으로 경찰에 수사를 의뢰하면서 사건의 실체가 알려지고 있는 것이다.",
        "sentenceSize": 81
      },
      {
        "sentenceNo": 7,
        "sentenceContent": "실제로 약 600억원 규모의 우리은행 직원 횡령 사건이 터진 이후, 시중은행뿐 아니라 저축은행, 상호금융 등 은행업계 전반에서 그간 누적된 횡령 사건이 드러나고 있다.",
        "sentenceSize": 93
      },
      {
        "sentenceNo": 8,
        "sentenceContent": "실제로 앞서 언급한 우리은행 뿐 아니라 신한은행(2억원), 새마을금고(40억원), KB저축은행(94억원), 지역농협(40억원) 등 불과 두 달 남짓 사이에 드러난 은행업계 내 횡령 규모만 800억원에 달한다.",
        "sentenceSize": 116
      },
      {
        "sentenceNo": 9,
        "sentenceContent": "물론 이는 공식적인 조사가 시작된 것에 한정된 수치다.",
        "sentenceSize": 30
      },
      {
        "sentenceNo": 10,
        "sentenceContent": "아직 모습을 드러내지 않은 횡령 사건을 고려하면 횡령의 규모와 이에 연루된 임직원 수는 더욱 많을 것으로 보인다.",
        "sentenceSize": 63
      },
      {
        "sentenceNo": 11,
        "sentenceContent": "금융감독원도 발 빠르게 움직이고 있다.",
        "sentenceSize": 21
      },
      {
        "sentenceNo": 12,
        "sentenceContent": "현재 금감원은 우리은행 횡령 사건이 외부에 알려진 직후, 신속하게 우리은행을 대상으로 한 현장검사를 시작했다.",
        "sentenceSize": 61
      },
      {
        "sentenceNo": 13,
        "sentenceContent": "현재 두 달 가까이 검사가 진행되고 있는데, 지금까지 알려진 바에 따르면 우리은행에 대한 현장검사는 일단 이달 말께 종료될 예정이다.",
        "sentenceSize": 74
      },
      {
        "sentenceNo": 14,
        "sentenceContent": "애초 예정된 검사 기간은 1주일이었지만 일정이 4차례 연장되면서 두 달 넘게 현장 검사가 진행된 것이다.",
        "sentenceSize": 58
      },
      {
        "sentenceNo": 15,
        "sentenceContent": "이준수 금감원 부원장보 역시 최근 \\\"우리은행 횡령 사건 검사가 막바지로 향하고 있다\\\"며 \\\"이달 말까지 예정대로 검사를 진행할 것\\\"이라고 말했다. '내부통제 강화' 경고장 보낸 당국 일단 횡령 사건이 발생한 금융사들은 지금까지 수습책 마련에 집중하고 있다.",
        "sentenceSize": 146
      },
      {
        "sentenceNo": 16,
        "sentenceContent": "저마다 환경은 다르지만, 기본적으로 횡령사건에 대한 반성과 함께 고객 신뢰 회복, 그리고 고객 피해를 최소화하겠다는 점에 일단 집중하고 있다.",
        "sentenceSize": 79
      },
      {
        "sentenceNo": 17,
        "sentenceContent": "우리은행의 경우에는 이원덕 행장이 직접 나서 고객 신뢰 회복을 위한 노력을 강조했고, 새마을금고 역시 고객 피해가 없도록 최선을 다하겠다는 점을 강조했다.",
        "sentenceSize": 86
      },
      {
        "sentenceNo": 18,
        "sentenceContent": "내부 직원에 의한 횡령 사건이 부각되면서, 이를 예방하기 위한 내부통제 시스템 강화 움직임도 본격화되고 있다.",
        "sentenceSize": 61
      },
      {
        "sentenceNo": 19,
        "sentenceContent": "횡령 사건이 발생한 금융사뿐 아니라 사건이 발생하지 않았거나 또는 아직 드러나지 않은 대다수 금융사 역시 내부통제 강화를 위한 고삐를 죄고 있다.",
        "sentenceSize": 81
      },
      {
        "sentenceNo": 20,
        "sentenceContent": "당장 은행업계는 내부통제 강화를 위해 기존 내부통제 시스템의 확대를 꾀하고 있는 모습이다.",
        "sentenceSize": 50
      },
      {
        "sentenceNo": 21,
        "sentenceContent": "실제로 국내 주요 시중은행들은 횡령 사건이 이슈로 떠오른 이후부터 내부통제 조치 중 하나인 '명령휴가제'의 대상 범위 및 시기를 넓히고 있다.",
        "sentenceSize": 79
      },
      {
        "sentenceNo": 22,
        "sentenceContent": "명령휴가제란 횡령을 포함한 금융사고가 발생할 수 있는 직무의 직원을 불시에 휴가를 보낸 뒤, 그 사이 직무 내용 등을 점검하는 조치를 일컫는다.",
        "sentenceSize": 80
      },
      {
        "sentenceNo": 23,
        "sentenceContent": "지금까지 명령휴가는 채권, 현금 등 실물자산을 관리하는 직원에 특정돼 운영돼왔다.",
        "sentenceSize": 45
      },
      {
        "sentenceNo": 24,
        "sentenceContent": "이를 개인금융, 기업금융뿐 아니라 영업점 내 ATM담당까지 거의 모든 실무직군으로 범위를 넓히겠다는 것이다.",
        "sentenceSize": 60
      },
      {
        "sentenceNo": 25,
        "sentenceContent": "이 밖에 거의 모든 은행이 지난 두 달여간 현재 적용 중인 내부통제 지침에 기반한 점검 및 자체 감독을 실시했다.",
        "sentenceSize": 63
      },
      {
        "sentenceNo": 26,
        "sentenceContent": "특히 최근 들어 주목되는 부분이 바로 각종 금융사건 및 사고를 관리‧감독하는 금감원의 역할이다.",
        "sentenceSize": 53
      },
      {
        "sentenceNo": 27,
        "sentenceContent": "이미 금감원은 이번 횡령 사건이 이슈화된 이후, 지속적으로 내부통제 조치 강화를 은행업계에 권고한 바 있다.",
        "sentenceSize": 60
      },
      {
        "sentenceNo": 28,
        "sentenceContent": "특히 검사 시절, 굵직한 금융사고를 직접 조사해본 경험이 있는 이복현 원장의 스탠스도 당장은 내부통제 강화라는 기존 금감원 입장에 맞춰져 있는 모습이다.",
        "sentenceSize": 85
      },
      {
        "sentenceNo": 29,
        "sentenceContent": "실제로 이복현 원장은 최근 시중은행장들을 만나 \\\"지금처럼 자산시장이 불안정한 상황에선 더욱 사고 예방을 위한 내부통제를 강화할 필요가 있다\\\"며 \\\"내부통제 자체 점검을 확대하고 필요시 내부통제 조직 및 역량을 강화하는 방안도 강구해야 한다\\\"고 말했다.",
        "sentenceSize": 143
      },
      {
        "sentenceNo": 30,
        "sentenceContent": "다만, 이 원장은 \\\"금감원은 금융위원회와 함께 금융사고 예방을 위한 내부통제제도 개선 방안을 마련해 추진할 계획\\\"이라며 업계의 자율적 조치를 넘어 당국의 직접적 개입의 가능성도 열어놨다.",
        "sentenceSize": 106
      },
      {
        "sentenceNo": 31,
        "sentenceContent": "공존하는 우려와 공감의 시선 한편, 이러한 금감원과 당국의 권고를 바라보는 은행권 내부의 시선에는 긍정과 부정이 섞여 있다.",
        "sentenceSize": 69
      },
      {
        "sentenceNo": 32,
        "sentenceContent": "횡령 사건 예방을 위한 내부통제 강화, 그리고 이에 대한 금감원의 권고에는 공감하면서도 현실적으로 내부통제 강화를 위한 조치를 추가하는 건 쉽지 않다는 이유에서다.",
        "sentenceSize": 91
      },
      {
        "sentenceNo": 33,
        "sentenceContent": "실제로 기자가 만난 대다수 은행업계 관계자들은 인적, 물적 측면에서 현실적 어려움을 토로했다.",
        "sentenceSize": 52
      },
      {
        "sentenceNo": 34,
        "sentenceContent": "한 시중은행 업계 관계자는 데일리임팩트에 \\\"아무리 내부통제 조치를 촘촘하게 마련한다고 해도 2만여 명에 가까운 일선 직원들의 비위 가능성을 모두 관리하기란 불가능하다\\\"며 \\\"금감원도 이러한 현실적 어려움을 모르지는 않을 것\\\"이라고 말했다.",
        "sentenceSize": 136
      },
      {
        "sentenceNo": 35,
        "sentenceContent": "그런 까닭에 업계 내부에선 직원 개개인의 도덕적 해이를 예방하기 위한 추가적인 내부 교육에 우선 집중하겠다는 입장이다.",
        "sentenceSize": 66
      },
      {
        "sentenceNo": 36,
        "sentenceContent": "실제로 대다수 은행들은 최근 신입 행원뿐 아니라 기존 직원들을 대상으로 한 의무 윤리교육을 한층 강화하고 있다.",
        "sentenceSize": 62
      },
      {
        "sentenceNo": 37,
        "sentenceContent": "또 다른 시중은행의 관계자 역시 \\\"현재 내부통제 시스템도 실제로 뜯어보면 상당히 꼼꼼하고 디테일하게 구성돼있다고 생각한다\\\"며 \\\"사실상 업계 내부에서도 시스템의 문제라기보단 모럴해저드에 빠진 특정인의 일탈행위로 생각하는 것이 일반적일 것\\\"이라고 설명했다.",
        "sentenceSize": 145
      }
    ]
  },
  "labeledDataInfo": {
    "newTitle": "은행권 횡령 사태 연이어 발견... 금감원 해결책은?",
    "clickbaitClass": 0,
    "referSentenceInfo": [
      {
        "sentenceNo": 1,
        "referSentenceyn": "Y"
      },
      {
        "sentenceNo": 2,
        "referSentenceyn": "N"
      },
      {
        "sentenceNo": 3,
        "referSentenceyn": "N"
      },
      {
        "sentenceNo": 4,
        "referSentenceyn": "N"
      },
      {
        "sentenceNo": 5,
        "referSentenceyn": "N"
      },
      {
        "sentenceNo": 6,
        "referSentenceyn": "N"
      },
      {
        "sentenceNo": 7,
        "referSentenceyn": "N"
      },
      {
        "sentenceNo": 8,
        "referSentenceyn": "N"
      },
      {
        "sentenceNo": 9,
        "referSentenceyn": "N"
      },
      {
        "sentenceNo": 10,
        "referSentenceyn": "N"
      },
      {
        "sentenceNo": 11,
        "referSentenceyn": "N"
      },
      {
        "sentenceNo": 12,
        "referSentenceyn": "N"
      },
      {
        "sentenceNo": 13,
        "referSentenceyn": "N"
      },
      {
        "sentenceNo": 14,
        "referSentenceyn": "N"
      },
      {
        "sentenceNo": 15,
        "referSentenceyn": "N"
      },
      {
        "sentenceNo": 16,
        "referSentenceyn": "N"
      },
      {
        "sentenceNo": 17,
        "referSentenceyn": "N"
      },
      {
        "sentenceNo": 18,
        "referSentenceyn": "N"
      },
      {
        "sentenceNo": 19,
        "referSentenceyn": "N"
      },
      {
        "sentenceNo": 20,
        "referSentenceyn": "N"
      },
      {
        "sentenceNo": 21,
        "referSentenceyn": "N"
      },
      {
        "sentenceNo": 22,
        "referSentenceyn": "N"
      },
      {
        "sentenceNo": 23,
        "referSentenceyn": "N"
      },
      {
        "sentenceNo": 24,
        "referSentenceyn": "N"
      },
      {
        "sentenceNo": 25,
        "referSentenceyn": "N"
      },
      {
        "sentenceNo": 26,
        "referSentenceyn": "N"
      },
      {
        "sentenceNo": 27,
        "referSentenceyn": "N"
      },
      {
        "sentenceNo": 28,
        "referSentenceyn": "N"
      },
      {
        "sentenceNo": 29,
        "referSentenceyn": "N"
      },
      {
        "sentenceNo": 30,
        "referSentenceyn": "N"
      },
      {
        "sentenceNo": 31,
        "referSentenceyn": "N"
      },
      {
        "sentenceNo": 32,
        "referSentenceyn": "N"
      },
      {
        "sentenceNo": 33,
        "referSentenceyn": "N"
      },
      {
        "sentenceNo": 34,
        "referSentenceyn": "N"
      },
      {
        "sentenceNo": 35,
        "referSentenceyn": "N"
      },
      {
        "sentenceNo": 36,
        "referSentenceyn": "N"
      },
      {
        "sentenceNo": 37,
        "referSentenceyn": "N"
      }
    ]
  }
}