{
  "sourceDataInfo": {
    "newsID": "EC_M02_157615",
    "newsCategory": "경제",
    "newsSubcategory": "산업",
    "newsTitle": "로터스, 환경 위한 '무라벨' 생수 출시…\\\"플라스틱 폐기물 절감\\\"",
    "newsSubTitle": "페트병에 부착된 라벨 제거해 환경 보호하는 순창샘물 선봬",
    "newsContent": "로터스는 이달 초 환경부가 '재활용가능자원의 분리수거 등에 관한 지침'을 시행함에 따라 시범제품을 제외하고 국내에서 첫번째로 환경을 위해 페트병에 부착돼 있는 라벨을 없앤 '무라벨' 생수 순창샘물을 출시했다고 22일 밝혔다.\n신제품 '무라벨' 순창샘물은 페트병을 감싸는 라벨을 없애 쓰레기 배출 시 별도로 라벨을 떼어내지 않고 손쉽게 재활용이 가능해 플라스틱 폐기물 발생을 줄여준다.\n기존 라벨에 적혀 있던 제품명, 수원지, 미네랄 성분 분석표 등 의무적으로 표기해야 하는 제품 관련 정보는 소포장 겉면 부분에 기재했으며 유통기한 등 주요정보는 용기에 별도로 표기했다.\n특히, 이달 25일부터 환경부의 지침에 따라 공동주택부터 시작되는 재활용 라벨 분리배출이 시행되는 만큼 무라벨 순창샘물은 라벨 제거의 번거로움 없이 바로 분리수거가 가능하게 하는 편리함을 제공한다.\n로터스 관계자는 미디어SR에 \\\"이번에 출시되는 무라벨2L 순창샘물은 코로나19로 인한 비대면 소비 트렌드가 증가함에 따라 순창샘물 공식 홈페이지 및 유명 온라인 채널에서 우선적으로 판매하며 추후 다양한 제품을 출시할 예정\\\"이라고 설명했다.\n로터스 관계자는 \\\"신제품 '무라벨' 순창샘물은 환경 보호를 위해 출시하는 제품으로 친환경은 물론 소비자들의 손쉬운 재활용 분리배출을 돕는다\\\"며 \\\"최근 친환경에 대한 관심이 높아짐에 따라 이번 무라벨 상품을 시작으로 고객의 편의성을 고려하며 환경적인 가치를 지키기 위한 노력을 지속해 나갈 것\\\"이라고 말했다.\n한편, 순창샘물은 대한민국 5대강 중 수질이 가장 깨끗한 섬진강의 발원지 근처에 위치해 있으며 쾌적하고 청량감 넘치는 물맛을 제공한다.\n수온, 수질의 변화가 적어 항상 안정된 수질 상태를 유지하고 천연 미네랄 성분으로 체내 활성화를 돕는다.",
    "partNum": "P1",
    "useType": 0,
    "processType": "D",
    "processPattern": "11",
    "processLevel": "하",
    "sentenceCount": 8,
    "sentenceInfo": [
      {
        "sentenceNo": 1,
        "sentenceContent": "로터스는 이달 초 환경부가 '재활용가능자원의 분리수거 등에 관한 지침'을 시행함에 따라 시범제품을 제외하고 국내에서 첫번째로 환경을 위해 페트병에 부착돼 있는 라벨을 없앤 '무라벨' 생수 순창샘물을 출시했다고 22일 밝혔다.",
        "sentenceSize": 125
      },
      {
        "sentenceNo": 2,
        "sentenceContent": "신제품 '무라벨' 순창샘물은 페트병을 감싸는 라벨을 없애 쓰레기 배출 시 별도로 라벨을 떼어내지 않고 손쉽게 재활용이 가능해 플라스틱 폐기물 발생을 줄여준다.",
        "sentenceSize": 88
      },
      {
        "sentenceNo": 3,
        "sentenceContent": "기존 라벨에 적혀 있던 제품명, 수원지, 미네랄 성분 분석표 등 의무적으로 표기해야 하는 제품 관련 정보는 소포장 겉면 부분에 기재했으며 유통기한 등 주요정보는 용기에 별도로 표기했다.",
        "sentenceSize": 103
      },
      {
        "sentenceNo": 4,
        "sentenceContent": "특히, 이달 25일부터 환경부의 지침에 따라 공동주택부터 시작되는 재활용 라벨 분리배출이 시행되는 만큼 무라벨 순창샘물은 라벨 제거의 번거로움 없이 바로 분리수거가 가능하게 하는 편리함을 제공한다.",
        "sentenceSize": 110
      },
      {
        "sentenceNo": 5,
        "sentenceContent": "로터스 관계자는 미디어SR에 \\\"이번에 출시되는 무라벨2L 순창샘물은 코로나19로 인한 비대면 소비 트렌드가 증가함에 따라 순창샘물 공식 홈페이지 및 유명 온라인 채널에서 우선적으로 판매하며 추후 다양한 제품을 출시할 예정\\\"이라고 설명했다.",
        "sentenceSize": 135
      },
      {
        "sentenceNo": 6,
        "sentenceContent": "로터스 관계자는 \\\"신제품 '무라벨' 순창샘물은 환경 보호를 위해 출시하는 제품으로 친환경은 물론 소비자들의 손쉬운 재활용 분리배출을 돕는다\\\"며 \\\"최근 친환경에 대한 관심이 높아짐에 따라 이번 무라벨 상품을 시작으로 고객의 편의성을 고려하며 환경적인 가치를 지키기 위한 노력을 지속해 나갈 것\\\"이라고 말했다.",
        "sentenceSize": 175
      },
      {
        "sentenceNo": 7,
        "sentenceContent": "한편, 순창샘물은 대한민국 5대강 중 수질이 가장 깨끗한 섬진강의 발원지 근처에 위치해 있으며 쾌적하고 청량감 넘치는 물맛을 제공한다.",
        "sentenceSize": 75
      },
      {
        "sentenceNo": 8,
        "sentenceContent": "수온, 수질의 변화가 적어 항상 안정된 수질 상태를 유지하고 천연 미네랄 성분으로 체내 활성화를 돕는다.",
        "sentenceSize": 58
      }
    ]
  },
  "labeledDataInfo": {
    "newTitle": "로터스, '무라벨' 생수 출시한 이유는?",
    "clickbaitClass": 0,
    "referSentenceInfo": [
      {
        "sentenceNo": 1,
        "referSentenceyn": "Y"
      },
      {
        "sentenceNo": 2,
        "referSentenceyn": "Y"
      },
      {
        "sentenceNo": 3,
        "referSentenceyn": "N"
      },
      {
        "sentenceNo": 4,
        "referSentenceyn": "N"
      },
      {
        "sentenceNo": 5,
        "referSentenceyn": "N"
      },
      {
        "sentenceNo": 6,
        "referSentenceyn": "N"
      },
      {
        "sentenceNo": 7,
        "referSentenceyn": "N"
      },
      {
        "sentenceNo": 8,
        "referSentenceyn": "N"
      }
    ]
  }
}