{
  "sourceDataInfo": {
    "newsID": "EC_M02_160651",
    "newsCategory": "경제",
    "newsSubcategory": "IT·통신",
    "newsTitle": "'먹튀 논란' 류영준 카카오 대표 내정자 결국 사퇴",
    "newsSubTitle": "상장 한 달 만에 대량 주식 매도해 주주 거센 반발 카카오 \\\"주주가치 제고·임직원 신뢰회복에 힘쓸 것\\\"",
    "newsContent": "'먹튀' 논란에 연루된 류영준 카카오 공동대표 내정자가 자진 사퇴 의사를 밝혔다.\n10일 카카오는 차기 최고경영자(CEO) 내정자인 류영준 카카오페이 대표가 사의를 표했다고 밝혔다.\n카카오는 \\\"카카오 이사회는 최근 크루(카카오 임직원)들이 다양한 채널로 주신 의견들을 종합적으로 숙고해 이 결정을 받아들이기로 했다\\\"라고 말했다.\n앞서 류 내정자는 지난해 11월 카카오의 신임 공동대표로 내정됐다.\n류 내정자가 개발자 출신으로 카카오의 음성전화 서비스 '보이스톡' 개발을 주도했고, 한국 최초의 간편결제 서비스인 '카카오페이'를 성공적으로 이끌며 기업공개까지 성사시킨 점이 높은 평가를 받았다.\n그는 오는 3월 카카오의 이사회 승인을 거쳐 임기를 시작할 예정이었다.\n그러나 류 내정자는 지난해 12월 10일 카카오페이 상장 약 한 달 만에 경영진들과 함께 카카오페이 주식 총 23만주를 약 900억원에 블록딜 방식으로 매각했다.\n이를 통해 류 내정자는 469억원의 차익을 거둔 것으로 알려졌다.\n카카오 노조는 지난 5일 성명을 내고, 류 내정자의 사퇴를 촉구했다.\n카카오 직원 1900여명도 노조의 성명 게시글에 실명으로 동의를 표했다.\n카카오 노조 관계자는 데일리임팩트에 \\\"카카오페이 경영진들은 집단 블록딜 사태 이후 약 한 달 만인 지난 4일 구성원을 대상으로 간담회를 개최하고 사과의사를 밝혔다\\\"면서도 \\\"그러나 류 내정자는 구체적인 책임 이행방안을 발표하지 않아 구성원들의 공분을 샀고, 노조의 사퇴요구까지 나왔다\\\"라고 설명했다.\n카카오는 \\\"앞으로 주주가치 제고와 임직원의 신뢰 회복을 위해 최선의 노력을 기울이겠다\\\"며 \\\"새로운 리더십에 대한 내부 논의와 절차를 거쳐 확정되는 대로 추후 재공시할 예정\\\"이라고 밝혔다.\n카카오 노조는 이날 \\\"이제는 회사·노동조합 모두 구성원들의 상처 회복을 위해 노력할 때\\\"라며 \\\"구성원들의 정당한 요구가 논의되고 수용된 것에 대해 긍정적으로 평가한다\\\"고 성명을 냈다.\n아울러 향후 유사 사례 방지를 위해 △상장 시 일정 기간 임원진의 매도 제한 규정 신설 △선량한 관리자 주의 의무 강화를 위한 내부 점검 프로세스 강화와 같은 예방 대책을 회사에 요구한다는 구상이다.",
    "partNum": "P1",
    "useType": 0,
    "processType": "D",
    "processPattern": "15",
    "processLevel": "중",
    "sentenceCount": 14,
    "sentenceInfo": [
      {
        "sentenceNo": 1,
        "sentenceContent": "'먹튀' 논란에 연루된 류영준 카카오 공동대표 내정자가 자진 사퇴 의사를 밝혔다.",
        "sentenceSize": 45
      },
      {
        "sentenceNo": 2,
        "sentenceContent": "10일 카카오는 차기 최고경영자(CEO) 내정자인 류영준 카카오페이 대표가 사의를 표했다고 밝혔다.",
        "sentenceSize": 55
      },
      {
        "sentenceNo": 3,
        "sentenceContent": "카카오는 \\\"카카오 이사회는 최근 크루(카카오 임직원)들이 다양한 채널로 주신 의견들을 종합적으로 숙고해 이 결정을 받아들이기로 했다\\\"라고 말했다.",
        "sentenceSize": 83
      },
      {
        "sentenceNo": 4,
        "sentenceContent": "앞서 류 내정자는 지난해 11월 카카오의 신임 공동대표로 내정됐다.",
        "sentenceSize": 37
      },
      {
        "sentenceNo": 5,
        "sentenceContent": "류 내정자가 개발자 출신으로 카카오의 음성전화 서비스 '보이스톡' 개발을 주도했고, 한국 최초의 간편결제 서비스인 '카카오페이'를 성공적으로 이끌며 기업공개까지 성사시킨 점이 높은 평가를 받았다.",
        "sentenceSize": 109
      },
      {
        "sentenceNo": 6,
        "sentenceContent": "그는 오는 3월 카카오의 이사회 승인을 거쳐 임기를 시작할 예정이었다.",
        "sentenceSize": 39
      },
      {
        "sentenceNo": 7,
        "sentenceContent": "그러나 류 내정자는 지난해 12월 10일 카카오페이 상장 약 한 달 만에 경영진들과 함께 카카오페이 주식 총 23만주를 약 900억원에 블록딜 방식으로 매각했다.",
        "sentenceSize": 90
      },
      {
        "sentenceNo": 8,
        "sentenceContent": "이를 통해 류 내정자는 469억원의 차익을 거둔 것으로 알려졌다.",
        "sentenceSize": 36
      },
      {
        "sentenceNo": 9,
        "sentenceContent": "카카오 노조는 지난 5일 성명을 내고, 류 내정자의 사퇴를 촉구했다.",
        "sentenceSize": 38
      },
      {
        "sentenceNo": 10,
        "sentenceContent": "카카오 직원 1900여명도 노조의 성명 게시글에 실명으로 동의를 표했다.",
        "sentenceSize": 40
      },
      {
        "sentenceNo": 11,
        "sentenceContent": "카카오 노조 관계자는 데일리임팩트에 \\\"카카오페이 경영진들은 집단 블록딜 사태 이후 약 한 달 만인 지난 4일 구성원을 대상으로 간담회를 개최하고 사과의사를 밝혔다\\\"면서도 \\\"그러나 류 내정자는 구체적인 책임 이행방안을 발표하지 않아 구성원들의 공분을 샀고, 노조의 사퇴요구까지 나왔다\\\"라고 설명했다.",
        "sentenceSize": 170
      },
      {
        "sentenceNo": 12,
        "sentenceContent": "카카오는 \\\"앞으로 주주가치 제고와 임직원의 신뢰 회복을 위해 최선의 노력을 기울이겠다\\\"며 \\\"새로운 리더십에 대한 내부 논의와 절차를 거쳐 확정되는 대로 추후 재공시할 예정\\\"이라고 밝혔다.",
        "sentenceSize": 108
      },
      {
        "sentenceNo": 13,
        "sentenceContent": "카카오 노조는 이날 \\\"이제는 회사·노동조합 모두 구성원들의 상처 회복을 위해 노력할 때\\\"라며 \\\"구성원들의 정당한 요구가 논의되고 수용된 것에 대해 긍정적으로 평가한다\\\"고 성명을 냈다.",
        "sentenceSize": 106
      },
      {
        "sentenceNo": 14,
        "sentenceContent": "아울러 향후 유사 사례 방지를 위해 △상장 시 일정 기간 임원진의 매도 제한 규정 신설 △선량한 관리자 주의 의무 강화를 위한 내부 점검 프로세스 강화와 같은 예방 대책을 회사에 요구한다는 구상이다.",
        "sentenceSize": 111
      }
    ]
  },
  "labeledDataInfo": {
    "newTitle": "'먹튀 왕' 류영준 카카오 공동대표, 자진 사퇴하다 ",
    "clickbaitClass": 0,
    "referSentenceInfo": [
      {
        "sentenceNo": 1,
        "referSentenceyn": "Y"
      },
      {
        "sentenceNo": 2,
        "referSentenceyn": "N"
      },
      {
        "sentenceNo": 3,
        "referSentenceyn": "N"
      },
      {
        "sentenceNo": 4,
        "referSentenceyn": "N"
      },
      {
        "sentenceNo": 5,
        "referSentenceyn": "N"
      },
      {
        "sentenceNo": 6,
        "referSentenceyn": "N"
      },
      {
        "sentenceNo": 7,
        "referSentenceyn": "N"
      },
      {
        "sentenceNo": 8,
        "referSentenceyn": "N"
      },
      {
        "sentenceNo": 9,
        "referSentenceyn": "N"
      },
      {
        "sentenceNo": 10,
        "referSentenceyn": "N"
      },
      {
        "sentenceNo": 11,
        "referSentenceyn": "N"
      },
      {
        "sentenceNo": 12,
        "referSentenceyn": "N"
      },
      {
        "sentenceNo": 13,
        "referSentenceyn": "N"
      },
      {
        "sentenceNo": 14,
        "referSentenceyn": "N"
      }
    ]
  }
}