{
  "sourceDataInfo": {
    "newsID": "EC_M02_157848",
    "newsCategory": "경제",
    "newsSubcategory": "은행",
    "newsTitle": "하나은행, 금융권 최초 '서류 없는 근저당권 서비스'시행",
    "newsSubTitle": "페이퍼리스 친환경 업무시스템…ESG 경영에도 속도",
    "newsContent": "하나은행은 금융권 최초로 공인전자문서센터와 연계해 실물 서류 없이 근저당권 말소·변경이 가능한 '근저당권 무(無)서류 관리 서비스'를 시행한다고 3일 밝혔다.\n근저당권 서류는 손님이 부동산 담보대출을 받을 경우 은행이 채권최고액 한도 내 우선변제를 받을 수 있는 근저당권 약정서(설정계약서)와 등기필증으로 구성된다.\n하나은행은 이번 서비스 시행으로 본점에 보관된 근저당권 실물 서류를 출고하는 대신, 공인전자문서화 된 근저당권 서류 이미지(전자문서)로 근저당권 말소 및 변경 업무를 수행한다.\n또한 실물 서류 보관이 필요없어 물류 시스템 부담이 감소하고, 실물 보관에 따른 운영 리스크(도난·분실·화재)를 사전 차단하는 효과도 기대된다.\n하나은행 관계자는 데일리임팩트에 \\\"이번 서비스를 통해 직원들의 업무 효율 개선과 더불어 금융서비스 신뢰도 제고에도 기여할 수 있을 것으로 기대한다\\\"고 설명했다.\n한편 하나은행은 이번 서비스를 통해 페이퍼리스(Paperless) 등 친환경 업무시스템을 구축, 에너지 절약과 탄소 배출 감소 등 ESG 경영 실천에도 기여한다는 전략이다.\n실제로 하나은행 측 관계자에 따르면 현재 문서고를 통해 연 평균 약 30만 건 이상의 근저당권 실물 서류가 입·출고 되고 있다.\n이번 서비스 시행으로 문서고 내 보관 및 입·출고에 소요되는 비용이 절감되는 효과도 예상된다는 것이 하나은행 측의 설명이다.\n하나은행 업무혁신섹션 관계자는 \\\"이번 무서류 관리 서비스를 통해 환경을 생각한 ESG 실천과 더불어 고객이 신뢰할 수 있는 안정적인 금융서비스 제공에 최선을 다하겠다\\\"고 밝혔다.",
    "partNum": "P1",
    "useType": 0,
    "processType": "D",
    "processPattern": "11",
    "processLevel": "하",
    "sentenceCount": 9,
    "sentenceInfo": [
      {
        "sentenceNo": 1,
        "sentenceContent": "하나은행은 금융권 최초로 공인전자문서센터와 연계해 실물 서류 없이 근저당권 말소·변경이 가능한 '근저당권 무(無)서류 관리 서비스'를 시행한다고 3일 밝혔다.",
        "sentenceSize": 88
      },
      {
        "sentenceNo": 2,
        "sentenceContent": "근저당권 서류는 손님이 부동산 담보대출을 받을 경우 은행이 채권최고액 한도 내 우선변제를 받을 수 있는 근저당권 약정서(설정계약서)와 등기필증으로 구성된다.",
        "sentenceSize": 87
      },
      {
        "sentenceNo": 3,
        "sentenceContent": "하나은행은 이번 서비스 시행으로 본점에 보관된 근저당권 실물 서류를 출고하는 대신, 공인전자문서화 된 근저당권 서류 이미지(전자문서)로 근저당권 말소 및 변경 업무를 수행한다.",
        "sentenceSize": 98
      },
      {
        "sentenceNo": 4,
        "sentenceContent": "또한 실물 서류 보관이 필요없어 물류 시스템 부담이 감소하고, 실물 보관에 따른 운영 리스크(도난·분실·화재)를 사전 차단하는 효과도 기대된다.",
        "sentenceSize": 80
      },
      {
        "sentenceNo": 5,
        "sentenceContent": "하나은행 관계자는 데일리임팩트에 \\\"이번 서비스를 통해 직원들의 업무 효율 개선과 더불어 금융서비스 신뢰도 제고에도 기여할 수 있을 것으로 기대한다\\\"고 설명했다.",
        "sentenceSize": 91
      },
      {
        "sentenceNo": 6,
        "sentenceContent": "한편 하나은행은 이번 서비스를 통해 페이퍼리스(Paperless) 등 친환경 업무시스템을 구축, 에너지 절약과 탄소 배출 감소 등 ESG 경영 실천에도 기여한다는 전략이다.",
        "sentenceSize": 96
      },
      {
        "sentenceNo": 7,
        "sentenceContent": "실제로 하나은행 측 관계자에 따르면 현재 문서고를 통해 연 평균 약 30만 건 이상의 근저당권 실물 서류가 입·출고 되고 있다.",
        "sentenceSize": 71
      },
      {
        "sentenceNo": 8,
        "sentenceContent": "이번 서비스 시행으로 문서고 내 보관 및 입·출고에 소요되는 비용이 절감되는 효과도 예상된다는 것이 하나은행 측의 설명이다.",
        "sentenceSize": 69
      },
      {
        "sentenceNo": 9,
        "sentenceContent": "하나은행 업무혁신섹션 관계자는 \\\"이번 무서류 관리 서비스를 통해 환경을 생각한 ESG 실천과 더불어 고객이 신뢰할 수 있는 안정적인 금융서비스 제공에 최선을 다하겠다\\\"고 밝혔다.",
        "sentenceSize": 101
      }
    ]
  },
  "labeledDataInfo": {
    "newTitle": "하나은행, 금융권 최초로 종이 없는 시스템 구축하나?",
    "clickbaitClass": 0,
    "referSentenceInfo": [
      {
        "sentenceNo": 1,
        "referSentenceyn": "N"
      },
      {
        "sentenceNo": 2,
        "referSentenceyn": "N"
      },
      {
        "sentenceNo": 3,
        "referSentenceyn": "N"
      },
      {
        "sentenceNo": 4,
        "referSentenceyn": "N"
      },
      {
        "sentenceNo": 5,
        "referSentenceyn": "N"
      },
      {
        "sentenceNo": 6,
        "referSentenceyn": "Y"
      },
      {
        "sentenceNo": 7,
        "referSentenceyn": "N"
      },
      {
        "sentenceNo": 8,
        "referSentenceyn": "N"
      },
      {
        "sentenceNo": 9,
        "referSentenceyn": "N"
      }
    ]
  }
}