{
  "sourceDataInfo": {
    "newsID": "EC_M02_157818",
    "newsCategory": "경제",
    "newsSubcategory": "은행",
    "newsTitle": "토스페이먼츠, 대규모 공개 채용…\\\"전 직장 연봉 최대 1.5배\\\"",
    "newsSubTitle": "토스페이먼츠 주식 혹은 사이닝보너스 지급 등 업계 최고 수준 대우",
    "newsContent": "모바일 금융 서비스 '토스'를 운영하는 비바리퍼블리카의 결제 사업(PG) 전문 계열사 '토스페이먼츠'가 회사의 급성장으로 대규모 공개 채용을 진행한다고 19일 밝혔다.\n토스페이먼츠는 이날 채용 웹사이트를 열고 엔지니어링, 데이터, 인프라, 디자인, 보안 등 총 21개 포지션에서 50여명의 경력직 인재를 채용한다고 밝혔다.\n학력 및 전공 무관이며, PG나 간편결제 부문 경력이 없어도 지원 가능하다.\n이번 공채는 회사의 급격한 성장에 따라 각 분야 전문 인력을 빠르게 충원하고자 진행됐다.\nLG유플러스의 전자지급결제 사업 부문을 인수해 지난해 8월 출범한 토스페이먼츠는 출범 당시 27명이었던 인원이 이달 기준 130명을 넘어설 정도로 4배 이상의 빠른 성장을 보였다.\n이달 기준 토스페이먼츠의 누적 거래액은 약 145조원, 월평균 거래액은 2조원을 넘어섰다.\n구글, 이베이코리아, 삼성전자, 배달의 민족, 마켓컬리, 티몬, 코스트코 등 8만개 이상의 가맹점을 보유하고 있다.\n토스페이먼츠 관계자는 미디어SR에 \\\"채용 과정은 코로나19 상황을 감안해 온라인으로 진행되며 지원서 접수부터 합격자 발표까지 3주 이내에 완료된다\\\"고 설명했다.\n서류접수는 다음달 1일까지 진행되며 1차 직무 인터뷰, 2차 문화 적합성 인터뷰를 거쳐 최종합격자가 발표된다.\n각 전형에 대한 평가 결과는 3일 이내에 개별적으로 안내된다.\n입사자에게는 전(前) 직장 연봉의 최대 1.5배의 업계 최고 수준의 대우, 토스페이먼츠 주식 증여(RSU) 혹은 사이닝보너스를 지급받을 수 있다.\n또한 토스와 동일한 수준의 복지혜택, 근무환경이 지원된다.\n한편 온라인 결제 시장은 2015년 이후 매년 약 20% 성장을 이어가고 있다.\n특히 모바일을 통한 결제 시장도 가파르게 성장해 지난해에는 온라인 쇼핑 중 모바일 거래액이 108조원에 달했다.\n토스페이먼츠는 사업자의 성장을 돕는 비즈니스 파트너로 가맹점과 사용자에게 새로운 차원의 결제 경험을 제공해오고 있다.\n정산주기 단축, 가입비 및 보증보험 무료, 업계 최초 연중무휴 고객센터 운영부터 시작해 가맹점 인지도 개선 및 데이터 기반 결제경험 제공으로 매출 성장 기여까지 비즈니스 성장에 필요한 전반적인 부분을 지원한다.\n김민표 토스페이먼츠 대표는 \\\"토스페이먼츠는 이미 뛰어난 동료들이 국내 전자결제산업에 활력을 불어넣고 온라인 결제의 새로운 장을 만들어 가고 있다\\\"며 \\\"이번 공개 채용에서 기술 PG 로켓에 올라타 온라인 결제시장의 혁신을 만들어갈 분들의 지원을 기다린다\\\"고 말했다.",
    "partNum": "P1",
    "useType": 0,
    "processType": "D",
    "processPattern": "11",
    "processLevel": "하",
    "sentenceCount": 17,
    "sentenceInfo": [
      {
        "sentenceNo": 1,
        "sentenceContent": "모바일 금융 서비스 '토스'를 운영하는 비바리퍼블리카의 결제 사업(PG) 전문 계열사 '토스페이먼츠'가 회사의 급성장으로 대규모 공개 채용을 진행한다고 19일 밝혔다.",
        "sentenceSize": 93
      },
      {
        "sentenceNo": 2,
        "sentenceContent": "토스페이먼츠는 이날 채용 웹사이트를 열고 엔지니어링, 데이터, 인프라, 디자인, 보안 등 총 21개 포지션에서 50여명의 경력직 인재를 채용한다고 밝혔다.",
        "sentenceSize": 86
      },
      {
        "sentenceNo": 3,
        "sentenceContent": "학력 및 전공 무관이며, PG나 간편결제 부문 경력이 없어도 지원 가능하다.",
        "sentenceSize": 42
      },
      {
        "sentenceNo": 4,
        "sentenceContent": "이번 공채는 회사의 급격한 성장에 따라 각 분야 전문 인력을 빠르게 충원하고자 진행됐다.",
        "sentenceSize": 49
      },
      {
        "sentenceNo": 5,
        "sentenceContent": "LG유플러스의 전자지급결제 사업 부문을 인수해 지난해 8월 출범한 토스페이먼츠는 출범 당시 27명이었던 인원이 이달 기준 130명을 넘어설 정도로 4배 이상의 빠른 성장을 보였다.",
        "sentenceSize": 100
      },
      {
        "sentenceNo": 6,
        "sentenceContent": "이달 기준 토스페이먼츠의 누적 거래액은 약 145조원, 월평균 거래액은 2조원을 넘어섰다.",
        "sentenceSize": 50
      },
      {
        "sentenceNo": 7,
        "sentenceContent": "구글, 이베이코리아, 삼성전자, 배달의 민족, 마켓컬리, 티몬, 코스트코 등 8만개 이상의 가맹점을 보유하고 있다.",
        "sentenceSize": 64
      },
      {
        "sentenceNo": 8,
        "sentenceContent": "토스페이먼츠 관계자는 미디어SR에 \\\"채용 과정은 코로나19 상황을 감안해 온라인으로 진행되며 지원서 접수부터 합격자 발표까지 3주 이내에 완료된다\\\"고 설명했다.",
        "sentenceSize": 91
      },
      {
        "sentenceNo": 9,
        "sentenceContent": "서류접수는 다음달 1일까지 진행되며 1차 직무 인터뷰, 2차 문화 적합성 인터뷰를 거쳐 최종합격자가 발표된다.",
        "sentenceSize": 61
      },
      {
        "sentenceNo": 10,
        "sentenceContent": "각 전형에 대한 평가 결과는 3일 이내에 개별적으로 안내된다.",
        "sentenceSize": 34
      },
      {
        "sentenceNo": 11,
        "sentenceContent": "입사자에게는 전(前) 직장 연봉의 최대 1.5배의 업계 최고 수준의 대우, 토스페이먼츠 주식 증여(RSU) 혹은 사이닝보너스를 지급받을 수 있다.",
        "sentenceSize": 81
      },
      {
        "sentenceNo": 12,
        "sentenceContent": "또한 토스와 동일한 수준의 복지혜택, 근무환경이 지원된다.",
        "sentenceSize": 32
      },
      {
        "sentenceNo": 13,
        "sentenceContent": "한편 온라인 결제 시장은 2015년 이후 매년 약 20% 성장을 이어가고 있다.",
        "sentenceSize": 44
      },
      {
        "sentenceNo": 14,
        "sentenceContent": "특히 모바일을 통한 결제 시장도 가파르게 성장해 지난해에는 온라인 쇼핑 중 모바일 거래액이 108조원에 달했다.",
        "sentenceSize": 62
      },
      {
        "sentenceNo": 15,
        "sentenceContent": "토스페이먼츠는 사업자의 성장을 돕는 비즈니스 파트너로 가맹점과 사용자에게 새로운 차원의 결제 경험을 제공해오고 있다.",
        "sentenceSize": 65
      },
      {
        "sentenceNo": 16,
        "sentenceContent": "정산주기 단축, 가입비 및 보증보험 무료, 업계 최초 연중무휴 고객센터 운영부터 시작해 가맹점 인지도 개선 및 데이터 기반 결제경험 제공으로 매출 성장 기여까지 비즈니스 성장에 필요한 전반적인 부분을 지원한다.",
        "sentenceSize": 117
      },
      {
        "sentenceNo": 17,
        "sentenceContent": "김민표 토스페이먼츠 대표는 \\\"토스페이먼츠는 이미 뛰어난 동료들이 국내 전자결제산업에 활력을 불어넣고 온라인 결제의 새로운 장을 만들어 가고 있다\\\"며 \\\"이번 공개 채용에서 기술 PG 로켓에 올라타 온라인 결제시장의 혁신을 만들어갈 분들의 지원을 기다린다\\\"고 말했다.",
        "sentenceSize": 151
      }
    ]
  },
  "labeledDataInfo": {
    "newTitle": "토스페이먼츠, 대규모 공개 채용... 지원자들 눈 사로 잡는 파격적 제안이? ",
    "clickbaitClass": 0,
    "referSentenceInfo": [
      {
        "sentenceNo": 1,
        "referSentenceyn": "N"
      },
      {
        "sentenceNo": 2,
        "referSentenceyn": "N"
      },
      {
        "sentenceNo": 3,
        "referSentenceyn": "N"
      },
      {
        "sentenceNo": 4,
        "referSentenceyn": "N"
      },
      {
        "sentenceNo": 5,
        "referSentenceyn": "N"
      },
      {
        "sentenceNo": 6,
        "referSentenceyn": "N"
      },
      {
        "sentenceNo": 7,
        "referSentenceyn": "N"
      },
      {
        "sentenceNo": 8,
        "referSentenceyn": "N"
      },
      {
        "sentenceNo": 9,
        "referSentenceyn": "N"
      },
      {
        "sentenceNo": 10,
        "referSentenceyn": "N"
      },
      {
        "sentenceNo": 11,
        "referSentenceyn": "Y"
      },
      {
        "sentenceNo": 12,
        "referSentenceyn": "N"
      },
      {
        "sentenceNo": 13,
        "referSentenceyn": "N"
      },
      {
        "sentenceNo": 14,
        "referSentenceyn": "N"
      },
      {
        "sentenceNo": 15,
        "referSentenceyn": "N"
      },
      {
        "sentenceNo": 16,
        "referSentenceyn": "N"
      },
      {
        "sentenceNo": 17,
        "referSentenceyn": "N"
      }
    ]
  }
}