{
  "sourceDataInfo": {
    "newsID": "EC_M02_157909",
    "newsCategory": "경제",
    "newsSubcategory": "은행",
    "newsTitle": "이번에는 부동산...KB국민은행, 생활플랫폼 강화 가속도",
    "newsSubTitle": "오늘의 집과 부동산 정보·인테리어 콘텐츠 접목 서비스 제공",
    "newsContent": "KB국민은행이 플랫폼 경쟁력 강화를 위해 인테리어플랫폼 '오늘의 집'과 손잡았다.\n이를 통해 부동산 관련 콘텐츠 및 서비스 강화와 더불어 생활금융 플랫폼으로의 도약에도 속도를 낸다는 계획이다.\nKB국민은행은 '오늘의집'을 운영하는 버킷플레이스와 플랫폼 비즈니스 모델 공동 개발을 위한 업무협약을 체결했다고 17일 밝혔다.\n이번 협약을 통해 양사는 시세, 매물 등 KB국민은행의 부동산 정보와 '오늘의집'의 인테리어 콘텐츠를 접목시킨 새로운 서비스를 출시할 계획이다.\n고객이 KB국민은행의 리브부동산을 통해 매물정보를 확인하면, 해당 매물의 평형과 연계해 '오늘의집'에 게시된 실제 인테리어 시공 사례와 온라인 집들이 등의 콘텐츠 정보를 제공하는 방식이다.\n특히 오늘의집 서비스와의 연계를 통해 고객들은 집 내부 구조 및 공간을 확인할 수 있고, 여기에 본인이 원하는 집 꾸미기의 인테리어 콘셉트까지 한번에 볼 수 있다.\n국민은행 관계자는 데일리임팩트에 \\\"이러한 서비스는 2차원 평면도만 제공해 실제 실내 공간을 파악하는 데 한계가 있었던 기존 부동산 플랫폼 내 매물정보의 단점을 보완해 줄 것으로 예상된다\\\"고 설명했다.\n이밖에 양사는 플랫폼 간 보유 정보 및 콘텐츠 연계, 대고객 공동 마케팅 협업 등 신규 협력 분야도 지속적으로 발굴해 나갈 예정이다.\nKB국민은행 관계자는 \\\"이번 협약으로 내 집 마련을 위한 은행의 전통적인 역할을 넘어 주거 및 생활에 필요한 정보까지 제공할 수 있을 것\\\"이라며 \\\"앞으로도 고객에게 필요한 생활 서비스를 연계할 수 있는 종합금융플랫폼 기업으로 발전해 나가겠다\\\"고 밝혔다.\n한편, 이날 협약식에는 이승종 KB국민은행 전략본부장과 강성주 버킷플레이스 운영 총괄 본부장 및 양사 관계자들이 참석했다.\n협약식은 서울시 서대문구 연희동에 소재한 '오늘의집'에서 소개되고 있는 단독주택에서 진행됐다.",
    "partNum": "P1",
    "useType": 0,
    "processType": "D",
    "processPattern": "11",
    "processLevel": "하",
    "sentenceCount": 11,
    "sentenceInfo": [
      {
        "sentenceNo": 1,
        "sentenceContent": "KB국민은행이 플랫폼 경쟁력 강화를 위해 인테리어플랫폼 '오늘의 집'과 손잡았다.",
        "sentenceSize": 45
      },
      {
        "sentenceNo": 2,
        "sentenceContent": "이를 통해 부동산 관련 콘텐츠 및 서비스 강화와 더불어 생활금융 플랫폼으로의 도약에도 속도를 낸다는 계획이다.",
        "sentenceSize": 61
      },
      {
        "sentenceNo": 3,
        "sentenceContent": "KB국민은행은 '오늘의집'을 운영하는 버킷플레이스와 플랫폼 비즈니스 모델 공동 개발을 위한 업무협약을 체결했다고 17일 밝혔다.",
        "sentenceSize": 71
      },
      {
        "sentenceNo": 4,
        "sentenceContent": "이번 협약을 통해 양사는 시세, 매물 등 KB국민은행의 부동산 정보와 '오늘의집'의 인테리어 콘텐츠를 접목시킨 새로운 서비스를 출시할 계획이다.",
        "sentenceSize": 80
      },
      {
        "sentenceNo": 5,
        "sentenceContent": "고객이 KB국민은행의 리브부동산을 통해 매물정보를 확인하면, 해당 매물의 평형과 연계해 '오늘의집'에 게시된 실제 인테리어 시공 사례와 온라인 집들이 등의 콘텐츠 정보를 제공하는 방식이다.",
        "sentenceSize": 105
      },
      {
        "sentenceNo": 6,
        "sentenceContent": "특히 오늘의집 서비스와의 연계를 통해 고객들은 집 내부 구조 및 공간을 확인할 수 있고, 여기에 본인이 원하는 집 꾸미기의 인테리어 콘셉트까지 한번에 볼 수 있다.",
        "sentenceSize": 91
      },
      {
        "sentenceNo": 7,
        "sentenceContent": "국민은행 관계자는 데일리임팩트에 \\\"이러한 서비스는 2차원 평면도만 제공해 실제 실내 공간을 파악하는 데 한계가 있었던 기존 부동산 플랫폼 내 매물정보의 단점을 보완해 줄 것으로 예상된다\\\"고 설명했다.",
        "sentenceSize": 113
      },
      {
        "sentenceNo": 8,
        "sentenceContent": "이밖에 양사는 플랫폼 간 보유 정보 및 콘텐츠 연계, 대고객 공동 마케팅 협업 등 신규 협력 분야도 지속적으로 발굴해 나갈 예정이다.",
        "sentenceSize": 74
      },
      {
        "sentenceNo": 9,
        "sentenceContent": "KB국민은행 관계자는 \\\"이번 협약으로 내 집 마련을 위한 은행의 전통적인 역할을 넘어 주거 및 생활에 필요한 정보까지 제공할 수 있을 것\\\"이라며 \\\"앞으로도 고객에게 필요한 생활 서비스를 연계할 수 있는 종합금융플랫폼 기업으로 발전해 나가겠다\\\"고 밝혔다.",
        "sentenceSize": 145
      },
      {
        "sentenceNo": 10,
        "sentenceContent": "한편, 이날 협약식에는 이승종 KB국민은행 전략본부장과 강성주 버킷플레이스 운영 총괄 본부장 및 양사 관계자들이 참석했다.",
        "sentenceSize": 68
      },
      {
        "sentenceNo": 11,
        "sentenceContent": "협약식은 서울시 서대문구 연희동에 소재한 '오늘의집'에서 소개되고 있는 단독주택에서 진행됐다.",
        "sentenceSize": 52
      }
    ]
  },
  "labeledDataInfo": {
    "newTitle": "KB국민은행, 부동산까지 노리나... 새로 협약 맺었다는 기업은? ",
    "clickbaitClass": 0,
    "referSentenceInfo": [
      {
        "sentenceNo": 1,
        "referSentenceyn": "N"
      },
      {
        "sentenceNo": 2,
        "referSentenceyn": "N"
      },
      {
        "sentenceNo": 3,
        "referSentenceyn": "N"
      },
      {
        "sentenceNo": 4,
        "referSentenceyn": "N"
      },
      {
        "sentenceNo": 5,
        "referSentenceyn": "N"
      },
      {
        "sentenceNo": 6,
        "referSentenceyn": "N"
      },
      {
        "sentenceNo": 7,
        "referSentenceyn": "Y"
      },
      {
        "sentenceNo": 8,
        "referSentenceyn": "N"
      },
      {
        "sentenceNo": 9,
        "referSentenceyn": "N"
      },
      {
        "sentenceNo": 10,
        "referSentenceyn": "N"
      },
      {
        "sentenceNo": 11,
        "referSentenceyn": "N"
      }
    ]
  }
}