{
  "sourceDataInfo": {
    "newsID": "EC_M02_156458",
    "newsCategory": "경제",
    "newsSubcategory": "산업",
    "newsTitle": "풀무원, 쫄깃한 식감 살린 냉동 떡볶이 '랭떡' 출시",
    "newsSubTitle": "쫄깃한 식감 자랑 '랭떡 밀떡볶이', 고소한 치즈 품은 '랭떡 치즈떡볶이' 온라인 시장이 성장함에 따라 풀무원은 온라인 전용 떡볶이 상품 출시",
    "newsContent": "풀무원식품(대표 박남주)은 방앗간에서 갓 만든 듯 쫄깃한 떡을 맛있게 즐길 수 있는 냉동 떡볶이 4종으로 '랭떡 밀떡볶이' 2종(매운맛, 아주 매운맛)과 '랭떡 치즈떡볶이' 2종(매운맛, 아주 매운맛)을 출시했다고 22일 밝혔다. '랭떡 밀떡볶이'와 '랭떡 치즈떡볶이'는 정통 방식의 공법과 급속냉동을 이용하여 신선함과 쫄깃함이 살아 있는 떡을 사용했다.\n냉동 떡볶이의 단점으로 꼽혀왔던 떡이 딱딱해지는 문제를 풀무원만의 노하우로 풀어낸 것이다.\n우선, 130℃ 스팀 증기로 떡을 쪄낸 후 정통 떡메치기와 동일한 효과를 내는 2중 치대기 공법으로 떡의 찰기는 높여 씹을수록 말랑하고 쫄깃한 식감을 만들었다.\n떡을 뽑아낸 직후에는 26m의 냉동 터널에서 단시간에 급속 냉동시켜 조리 시 떡의 갈라짐을 방지하고 갓 만들어진 듯한 신선함은 유지했다.\n떡의 수분이 매우 잘 유지돼 떡을 별도로 해동하지 않아도 바로 조리할 수 있다.\n여기에 쫄깃한 식감의 떡과 잘 어우러지는 전문점 수준의 특제 떡볶이 소스를 더했다.\n각 제품은 '매운맛'과 '아주 매운맛'으로 출시됐다.\n풀무원식품 관계자는 미디어SR에 \\\"최근 코로나19 장기화로 온라인 시장이 성장함에 따라 풀무원은 온라인 전용 떡볶이 상품을 선보이며 떡볶이 시장의 트렌드를 선도할 계획\\\"이라고 설명했다.\n풀무원식품 심웅섭 PM(Product Manager)은 \\\"그동안 아이들 간식으로 많이 즐기는 매콤달콤한 떡볶이를 주로 선보여왔는데, 소비자의 다양한 기호를 맞추기 위해 풀무원표 매운 냉동 떡볶이 4종을 온라인 채널에 출시하게 됐다\\\"며 \\\"현재는 어묵만 포함하여 출시했으나 앞으로는 튀김, 치즈볼 등 부재료의 종류도 다양화해 냉동 떡볶이의 프리미엄 라인을 확장할 계획\\\"이라고 말했다.",
    "partNum": "P1",
    "useType": 0,
    "processType": "D",
    "processPattern": "14",
    "processLevel": "중",
    "sentenceCount": 9,
    "sentenceInfo": [
      {
        "sentenceNo": 1,
        "sentenceContent": "풀무원식품(대표 박남주)은 방앗간에서 갓 만든 듯 쫄깃한 떡을 맛있게 즐길 수 있는 냉동 떡볶이 4종으로 '랭떡 밀떡볶이' 2종(매운맛, 아주 매운맛)과 '랭떡 치즈떡볶이' 2종(매운맛, 아주 매운맛)을 출시했다고 22일 밝혔다. '랭떡 밀떡볶이'와 '랭떡 치즈떡볶이'는 정통 방식의 공법과 급속냉동을 이용하여 신선함과 쫄깃함이 살아 있는 떡을 사용했다.",
        "sentenceSize": 198
      },
      {
        "sentenceNo": 2,
        "sentenceContent": "냉동 떡볶이의 단점으로 꼽혀왔던 떡이 딱딱해지는 문제를 풀무원만의 노하우로 풀어낸 것이다.",
        "sentenceSize": 50
      },
      {
        "sentenceNo": 3,
        "sentenceContent": "우선, 130℃ 스팀 증기로 떡을 쪄낸 후 정통 떡메치기와 동일한 효과를 내는 2중 치대기 공법으로 떡의 찰기는 높여 씹을수록 말랑하고 쫄깃한 식감을 만들었다.",
        "sentenceSize": 89
      },
      {
        "sentenceNo": 4,
        "sentenceContent": "떡을 뽑아낸 직후에는 26m의 냉동 터널에서 단시간에 급속 냉동시켜 조리 시 떡의 갈라짐을 방지하고 갓 만들어진 듯한 신선함은 유지했다.",
        "sentenceSize": 76
      },
      {
        "sentenceNo": 5,
        "sentenceContent": "떡의 수분이 매우 잘 유지돼 떡을 별도로 해동하지 않아도 바로 조리할 수 있다.",
        "sentenceSize": 44
      },
      {
        "sentenceNo": 6,
        "sentenceContent": "여기에 쫄깃한 식감의 떡과 잘 어우러지는 전문점 수준의 특제 떡볶이 소스를 더했다.",
        "sentenceSize": 46
      },
      {
        "sentenceNo": 7,
        "sentenceContent": "각 제품은 '매운맛'과 '아주 매운맛'으로 출시됐다.",
        "sentenceSize": 29
      },
      {
        "sentenceNo": 8,
        "sentenceContent": "풀무원식품 관계자는 미디어SR에 \\\"최근 코로나19 장기화로 온라인 시장이 성장함에 따라 풀무원은 온라인 전용 떡볶이 상품을 선보이며 떡볶이 시장의 트렌드를 선도할 계획\\\"이라고 설명했다.",
        "sentenceSize": 105
      },
      {
        "sentenceNo": 9,
        "sentenceContent": "풀무원식품 심웅섭 PM(Product Manager)은 \\\"그동안 아이들 간식으로 많이 즐기는 매콤달콤한 떡볶이를 주로 선보여왔는데, 소비자의 다양한 기호를 맞추기 위해 풀무원표 매운 냉동 떡볶이 4종을 온라인 채널에 출시하게 됐다\\\"며 \\\"현재는 어묵만 포함하여 출시했으나 앞으로는 튀김, 치즈볼 등 부재료의 종류도 다양화해 냉동 떡볶이의 프리미엄 라인을 확장할 계획\\\"이라고 말했다.",
        "sentenceSize": 216
      }
    ]
  },
  "labeledDataInfo": {
    "newTitle": "풀무원, 떡볶이계 월클 노린다... 회심의 '랭떡' 출시",
    "clickbaitClass": 0,
    "referSentenceInfo": [
      {
        "sentenceNo": 1,
        "referSentenceyn": "Y"
      },
      {
        "sentenceNo": 2,
        "referSentenceyn": "N"
      },
      {
        "sentenceNo": 3,
        "referSentenceyn": "N"
      },
      {
        "sentenceNo": 4,
        "referSentenceyn": "N"
      },
      {
        "sentenceNo": 5,
        "referSentenceyn": "N"
      },
      {
        "sentenceNo": 6,
        "referSentenceyn": "N"
      },
      {
        "sentenceNo": 7,
        "referSentenceyn": "N"
      },
      {
        "sentenceNo": 8,
        "referSentenceyn": "N"
      },
      {
        "sentenceNo": 9,
        "referSentenceyn": "N"
      }
    ]
  }
}