{
  "sourceDataInfo": {
    "newsID": "EC_M02_160547",
    "newsCategory": "경제",
    "newsSubcategory": "산업",
    "newsTitle": "깨끗한나라, 출근길 시민 대상 '마스크' 나눔 펼쳐",
    "newsSubTitle": "13일 마스크 착용 의무화 시행일에 맞춰 마스크 '무료 나눔' 마스크 착용의 중요성과 마스크 착용 생활화 독려할 예정",
    "newsContent": "종합제지기업 깨끗한나라는 13일 마스크 착용 의무화 시행일에 맞춰 시민들에게 마스크를 무료로 나눠주는 캠페인을 진행했다.\n이번 마스크 무료 나눔 캠페인은 마스크 착용 의무화 행정명령 시행에 대한 시민들의 인식을 높이고 마스크 착용의 중요성과 올바른 착용을 독려하기 위해 진행됐다.\n깨끗한나라 임직원들은 본사가 위치한 한남동 인근 버스 환승역과 공장이 자리한 청주 오송역에서 깨끗한나라 황사방역용 KF94 마스크 1만8000개, 마스크 착용을 독려하는 내용의 리플릿을 출근길 환승 중인 시민들에게 전달했다.\n캠페인은 개인별 방역수칙 준수 하에 진행됐다.\n깨끗한나라 관계자는 \\\"시행일에 맞춰 마스크 착용 의무화 동참을 독려하고자 캠페인을 진행하게 됐다\\\"면서 \\\"오늘 총 6000 여명의 시민들께 전한 메시지가 가족, 친구, 동료분들께도 전달되길 바란다\\\"고 말했다.\n깨끗한나라 관계자는 미디어SR에 \\\"깨끗한나라는 지난 2월부터 '코로나19' 극복을 위한 사회공헌활동을 지속적으로 전개하고 있다\\\"고 설명했다.\n깨끗한나라는 대구와 청주 지역에 1억 원 상당의 생활용품과 기부금을 전달했으며 서울 용산구, 서울의료원 소속 서남병원 등에 자원봉사자와 소외계층을 위한 마스크, 물티슈, 손소독 겔, 성인용 기저귀 등을 기부했다.\n이 밖에도 최근에는 국내 최대 규모 나눔 행사인 '제 11회 대한민국 나눔대축제'에 3000명분의 위생용품을 후원한 바 있다.",
    "partNum": "P1",
    "useType": 0,
    "processType": "D",
    "processPattern": "15",
    "processLevel": "중",
    "sentenceCount": 8,
    "sentenceInfo": [
      {
        "sentenceNo": 1,
        "sentenceContent": "종합제지기업 깨끗한나라는 13일 마스크 착용 의무화 시행일에 맞춰 시민들에게 마스크를 무료로 나눠주는 캠페인을 진행했다.",
        "sentenceSize": 67
      },
      {
        "sentenceNo": 2,
        "sentenceContent": "이번 마스크 무료 나눔 캠페인은 마스크 착용 의무화 행정명령 시행에 대한 시민들의 인식을 높이고 마스크 착용의 중요성과 올바른 착용을 독려하기 위해 진행됐다.",
        "sentenceSize": 88
      },
      {
        "sentenceNo": 3,
        "sentenceContent": "깨끗한나라 임직원들은 본사가 위치한 한남동 인근 버스 환승역과 공장이 자리한 청주 오송역에서 깨끗한나라 황사방역용 KF94 마스크 1만8000개, 마스크 착용을 독려하는 내용의 리플릿을 출근길 환승 중인 시민들에게 전달했다.",
        "sentenceSize": 125
      },
      {
        "sentenceNo": 4,
        "sentenceContent": "캠페인은 개인별 방역수칙 준수 하에 진행됐다.",
        "sentenceSize": 25
      },
      {
        "sentenceNo": 5,
        "sentenceContent": "깨끗한나라 관계자는 \\\"시행일에 맞춰 마스크 착용 의무화 동참을 독려하고자 캠페인을 진행하게 됐다\\\"면서 \\\"오늘 총 6000 여명의 시민들께 전한 메시지가 가족, 친구, 동료분들께도 전달되길 바란다\\\"고 말했다.",
        "sentenceSize": 119
      },
      {
        "sentenceNo": 6,
        "sentenceContent": "깨끗한나라 관계자는 미디어SR에 \\\"깨끗한나라는 지난 2월부터 '코로나19' 극복을 위한 사회공헌활동을 지속적으로 전개하고 있다\\\"고 설명했다.",
        "sentenceSize": 80
      },
      {
        "sentenceNo": 7,
        "sentenceContent": "깨끗한나라는 대구와 청주 지역에 1억 원 상당의 생활용품과 기부금을 전달했으며 서울 용산구, 서울의료원 소속 서남병원 등에 자원봉사자와 소외계층을 위한 마스크, 물티슈, 손소독 겔, 성인용 기저귀 등을 기부했다.",
        "sentenceSize": 118
      },
      {
        "sentenceNo": 8,
        "sentenceContent": "이 밖에도 최근에는 국내 최대 규모 나눔 행사인 '제 11회 대한민국 나눔대축제'에 3000명분의 위생용품을 후원한 바 있다.",
        "sentenceSize": 70
      }
    ]
  },
  "labeledDataInfo": {
    "newTitle": "깨끗한나라, 출근길 시민 대상 '마스크' 무료 나눔 행사에 시민들 격하게 환호",
    "clickbaitClass": 0,
    "referSentenceInfo": [
      {
        "sentenceNo": 1,
        "referSentenceyn": "Y"
      },
      {
        "sentenceNo": 2,
        "referSentenceyn": "N"
      },
      {
        "sentenceNo": 3,
        "referSentenceyn": "N"
      },
      {
        "sentenceNo": 4,
        "referSentenceyn": "N"
      },
      {
        "sentenceNo": 5,
        "referSentenceyn": "N"
      },
      {
        "sentenceNo": 6,
        "referSentenceyn": "N"
      },
      {
        "sentenceNo": 7,
        "referSentenceyn": "N"
      },
      {
        "sentenceNo": 8,
        "referSentenceyn": "N"
      }
    ]
  }
}