{
  "sourceDataInfo": {
    "newsID": "EC_M02_157979",
    "newsCategory": "경제",
    "newsSubcategory": "IT·통신",
    "newsTitle": "노트북에도 '갤럭시 생태계'...MWC에 쏠리는 눈",
    "newsSubTitle": "갤럭시북 프로 갤럭시북 프로 360 등 노트북 모델 전파인증 통과 삼성전자, 모바일과 PC 사용경험 통합... 원UI 적용범위 확대 방침",
    "newsContent": "삼성전자가 '갤럭시 생태계'를 노트북으로 본격 확장한다.\n이를 통해 스마트폰을 중심으로 웨어러블·PC·노트북에 이르는 삼성 모바일 제품 간의 연결성과 연속된 사용 경험을 제공해 '락인 효과'를 노리며 시장 경쟁력을 확보한다는 구상이다.\n25일 IT업계에 따르면, 삼성전자는 오는 2월 28일~3월 3일(현지시간) 스페인 바르셀로나에서 열리는 '모바일 월드 콩그레스(MWC) 2022'에서 노트북 언팩 행사를 고려하고 있다.\n또한 신종 코로나바이러스 감염증(코로나19) 상황을 고려해, 온라인과 실물 전시를 병행할 것으로 전망된다.\n언팩 행사는 삼성전자의 모바일 신제품 공개 행사로, 노트북이 언팩 라인업에 포함된 것은 지난해 4월이 처음이다.\n업계에 따르면, 삼성전자는 MWC2022에서 갤럭시북2프로, 갤럭시북2 프로360 등의 노트북 신제품을 공개할 것으로 보인다.\n갤럭시북 프로 라인업은 삼성전자가 지난해 새롭게 선보인 제품군으로, 그동안 '아티브', '플렉스' 등으로 여러 라인업으로 쪼개져 있던 프리미엄 노트북 제품군을 통합한 최상위 라인업이다.\n이날 국립전파인증원에 따르면, 삼성전자는 지난달 15일 노트북 신제품인 'NT950XEE'와 'NT951XEE'의 전파인증을 통과했다.\n이 모델은 갤럭시북 15.6형 제품이 유력하다.\n또한 최근에는 갤럭시북 프로 360 라인업을 뜻하는 'NT930QED' 모델도 전파인증을 받았다.\n갤럭시북2 프로와 갤럭시북2 프로 360은 각각 13.3형, 15.6형의 2가지 크기로 출시될 전망이다.\n또한 △인텔 12세대 엘더레이크 또는 AMD 젠4 기반 라이젠6000 정도의 최신 중앙처리장치(CPU) △아몰레드 디스플레이 △와이파이 6E △블루투스 5.2 등의 스펙을 갖췄을 것으로 예상된다.\n360도 회전이 가능한 갤럭시북 프로 360 모델의 경우, S펜이 기본 탑재될 것으로 보인다.\n삼성전자는 이번 언팩을 통해 스마트폰을 중심으로 갤럭시워치·갤럭시 버즈 등의 웨어러블 기기, 태블릿PC(갤럭시탭)에서 노트북으로 이어지는 갤럭시 생태계를 강조한다는 구상이다.\n아울러, 모바일 기기를 넘어 스마트홈 플랫폼인 '스마트싱스'를 통한 삼성 가전까지 모바일 기기를 통해 연결되는 생태계를 내세워 점유율 반등에 나선다는 전략이다.\n시장조사업체 스트래티지 애널리틱스에 따르면, 지난해 1분기 세계 노트북 시장 출하량은 레노버(1630만대)가 23.9%를 차지하며 1위를 기록했다.\n이어 HP(1540만대), 델(1000만대) 순으로 뒤를 이었다.\n4위는 애플로 지난해 1분기에만 570만대의 맥북에어와 맥북프로 제품을 출하했다.\n순위는 4위지만, 전년 동기 대비 출하량이 94% 성장했고, 시장점유율도 7.8%에서 8.4%로 증가했다.\n반면, 삼성전자는 상위 순위에 들지 못한 것으로 조사됐다.\n모바일 업계의 한 관계자는 데일리임팩트에 \\\"애플은 지난 2014년 이후로 약 8% 안팎의 세계 노트북 시장 점유율을 수성해왔다\\\"라며 \\\"지난해의 급격한 성장은 애플이 노트북에도 자체설계 칩셋을 탑재하며 모바일과 PC의 연동성을 강화한 것이 주효했을 것\\\"이라고 분석했다.\n삼성전자 역시 기기 연동성 확보를 위한 움직임을 지속하고 있다.\n노태문 삼성전자 MX사업부장 사장은 지난해 갤럭시북 언팩 행사 당시 \\\"왜 노트북은 스마트폰처럼 될 수 없을까\\\"라고 화두를 던졌다.\n당시 노 사장은 갤럭시북 프로 신제품을 \\\"스마트폰처럼 얇지만, 성능은 PC처럼 뛰어나며 제한 없는 연결성으로 어디서든 항상 자유롭게 원하는 때에 원하는 작업을 할 수 있다\\\"라고 소개했다.\n또한 \\\"갤럭시 북 프로는 초슬림 초경량 디자인, 강력한 성능, 갤럭시 기기와의 유기적인 연동을 통해 언제나 연결된 세상을 위한 진정한 모바일 컴퓨터\\\"라고 거듭 강조했다.\n실제로 삼성전자는 모바일 제품군의 소프트웨어 통합을 추진해 오고 있다.\n지난해 8월 출시한 '갤럭시워치4'에는 삼성전자의 기존의 타이젠 기반 운영체제 대신 스마트폰과 동일한 원UI 기반 운영체제가 탑재됐다.\n또한 지난해 10월에는 삼성 개발자 콘퍼런스 2021에서 노트북 전용 프로그램인 '원UI 북4'를 공개하기도 했다.\n삼성전자 관계자는 데일리임팩트에 \\\"갤럭시북 프로 신제품 공개 일정과 관련된 자세한 내용은 확인이 어렵다\\\"면서도 \\\"지난해 노태문 사장이 강조했듯, 향후 공개될 갤럭시북 신제품들은 갤럭시 생태계 라인업의 연장선이 될 것\\\"이라고 설명했다.\n그는 이어 \\\"또한 지난해 삼성전자는 무선사업부의 명칭을 '모바일 경험(MX)' 사업부로 변경한 만큼, 갤럭시 사용자들에게 스마트폰부터 태블릿, PC, 웨어러블 등 각종 모바일 제품과 소프트웨어, 고객 서비스를 연결하는 경험을 제공하는데 집중할 것\\\"이라고 귀띔했다.",
    "partNum": "P1",
    "useType": 0,
    "processType": "D",
    "processPattern": "11",
    "processLevel": "하",
    "sentenceCount": 30,
    "sentenceInfo": [
      {
        "sentenceNo": 1,
        "sentenceContent": "삼성전자가 '갤럭시 생태계'를 노트북으로 본격 확장한다.",
        "sentenceSize": 31
      },
      {
        "sentenceNo": 2,
        "sentenceContent": "이를 통해 스마트폰을 중심으로 웨어러블·PC·노트북에 이르는 삼성 모바일 제품 간의 연결성과 연속된 사용 경험을 제공해 '락인 효과'를 노리며 시장 경쟁력을 확보한다는 구상이다.",
        "sentenceSize": 99
      },
      {
        "sentenceNo": 3,
        "sentenceContent": "25일 IT업계에 따르면, 삼성전자는 오는 2월 28일~3월 3일(현지시간) 스페인 바르셀로나에서 열리는 '모바일 월드 콩그레스(MWC) 2022'에서 노트북 언팩 행사를 고려하고 있다.",
        "sentenceSize": 104
      },
      {
        "sentenceNo": 4,
        "sentenceContent": "또한 신종 코로나바이러스 감염증(코로나19) 상황을 고려해, 온라인과 실물 전시를 병행할 것으로 전망된다.",
        "sentenceSize": 59
      },
      {
        "sentenceNo": 5,
        "sentenceContent": "언팩 행사는 삼성전자의 모바일 신제품 공개 행사로, 노트북이 언팩 라인업에 포함된 것은 지난해 4월이 처음이다.",
        "sentenceSize": 62
      },
      {
        "sentenceNo": 6,
        "sentenceContent": "업계에 따르면, 삼성전자는 MWC2022에서 갤럭시북2프로, 갤럭시북2 프로360 등의 노트북 신제품을 공개할 것으로 보인다.",
        "sentenceSize": 70
      },
      {
        "sentenceNo": 7,
        "sentenceContent": "갤럭시북 프로 라인업은 삼성전자가 지난해 새롭게 선보인 제품군으로, 그동안 '아티브', '플렉스' 등으로 여러 라인업으로 쪼개져 있던 프리미엄 노트북 제품군을 통합한 최상위 라인업이다.",
        "sentenceSize": 103
      },
      {
        "sentenceNo": 8,
        "sentenceContent": "이날 국립전파인증원에 따르면, 삼성전자는 지난달 15일 노트북 신제품인 'NT950XEE'와 'NT951XEE'의 전파인증을 통과했다.",
        "sentenceSize": 75
      },
      {
        "sentenceNo": 9,
        "sentenceContent": "이 모델은 갤럭시북 15.6형 제품이 유력하다.",
        "sentenceSize": 26
      },
      {
        "sentenceNo": 10,
        "sentenceContent": "또한 최근에는 갤럭시북 프로 360 라인업을 뜻하는 'NT930QED' 모델도 전파인증을 받았다.",
        "sentenceSize": 54
      },
      {
        "sentenceNo": 11,
        "sentenceContent": "갤럭시북2 프로와 갤럭시북2 프로 360은 각각 13.3형, 15.6형의 2가지 크기로 출시될 전망이다.",
        "sentenceSize": 58
      },
      {
        "sentenceNo": 12,
        "sentenceContent": "또한 △인텔 12세대 엘더레이크 또는 AMD 젠4 기반 라이젠6000 정도의 최신 중앙처리장치(CPU) △아몰레드 디스플레이 △와이파이 6E △블루투스 5.2 등의 스펙을 갖췄을 것으로 예상된다.",
        "sentenceSize": 109
      },
      {
        "sentenceNo": 13,
        "sentenceContent": "360도 회전이 가능한 갤럭시북 프로 360 모델의 경우, S펜이 기본 탑재될 것으로 보인다.",
        "sentenceSize": 52
      },
      {
        "sentenceNo": 14,
        "sentenceContent": "삼성전자는 이번 언팩을 통해 스마트폰을 중심으로 갤럭시워치·갤럭시 버즈 등의 웨어러블 기기, 태블릿PC(갤럭시탭)에서 노트북으로 이어지는 갤럭시 생태계를 강조한다는 구상이다.",
        "sentenceSize": 97
      },
      {
        "sentenceNo": 15,
        "sentenceContent": "아울러, 모바일 기기를 넘어 스마트홈 플랫폼인 '스마트싱스'를 통한 삼성 가전까지 모바일 기기를 통해 연결되는 생태계를 내세워 점유율 반등에 나선다는 전략이다.",
        "sentenceSize": 89
      },
      {
        "sentenceNo": 16,
        "sentenceContent": "시장조사업체 스트래티지 애널리틱스에 따르면, 지난해 1분기 세계 노트북 시장 출하량은 레노버(1630만대)가 23.9%를 차지하며 1위를 기록했다.",
        "sentenceSize": 82
      },
      {
        "sentenceNo": 17,
        "sentenceContent": "이어 HP(1540만대), 델(1000만대) 순으로 뒤를 이었다.",
        "sentenceSize": 36
      },
      {
        "sentenceNo": 18,
        "sentenceContent": "4위는 애플로 지난해 1분기에만 570만대의 맥북에어와 맥북프로 제품을 출하했다.",
        "sentenceSize": 45
      },
      {
        "sentenceNo": 19,
        "sentenceContent": "순위는 4위지만, 전년 동기 대비 출하량이 94% 성장했고, 시장점유율도 7.8%에서 8.4%로 증가했다.",
        "sentenceSize": 59
      },
      {
        "sentenceNo": 20,
        "sentenceContent": "반면, 삼성전자는 상위 순위에 들지 못한 것으로 조사됐다.",
        "sentenceSize": 32
      },
      {
        "sentenceNo": 21,
        "sentenceContent": "모바일 업계의 한 관계자는 데일리임팩트에 \\\"애플은 지난 2014년 이후로 약 8% 안팎의 세계 노트북 시장 점유율을 수성해왔다\\\"라며 \\\"지난해의 급격한 성장은 애플이 노트북에도 자체설계 칩셋을 탑재하며 모바일과 PC의 연동성을 강화한 것이 주효했을 것\\\"이라고 분석했다.",
        "sentenceSize": 153
      },
      {
        "sentenceNo": 22,
        "sentenceContent": "삼성전자 역시 기기 연동성 확보를 위한 움직임을 지속하고 있다.",
        "sentenceSize": 35
      },
      {
        "sentenceNo": 23,
        "sentenceContent": "노태문 삼성전자 MX사업부장 사장은 지난해 갤럭시북 언팩 행사 당시 \\\"왜 노트북은 스마트폰처럼 될 수 없을까\\\"라고 화두를 던졌다.",
        "sentenceSize": 74
      },
      {
        "sentenceNo": 24,
        "sentenceContent": "당시 노 사장은 갤럭시북 프로 신제품을 \\\"스마트폰처럼 얇지만, 성능은 PC처럼 뛰어나며 제한 없는 연결성으로 어디서든 항상 자유롭게 원하는 때에 원하는 작업을 할 수 있다\\\"라고 소개했다.",
        "sentenceSize": 106
      },
      {
        "sentenceNo": 25,
        "sentenceContent": "또한 \\\"갤럭시 북 프로는 초슬림 초경량 디자인, 강력한 성능, 갤럭시 기기와의 유기적인 연동을 통해 언제나 연결된 세상을 위한 진정한 모바일 컴퓨터\\\"라고 거듭 강조했다.",
        "sentenceSize": 96
      },
      {
        "sentenceNo": 26,
        "sentenceContent": "실제로 삼성전자는 모바일 제품군의 소프트웨어 통합을 추진해 오고 있다.",
        "sentenceSize": 39
      },
      {
        "sentenceNo": 27,
        "sentenceContent": "지난해 8월 출시한 '갤럭시워치4'에는 삼성전자의 기존의 타이젠 기반 운영체제 대신 스마트폰과 동일한 원UI 기반 운영체제가 탑재됐다.",
        "sentenceSize": 75
      },
      {
        "sentenceNo": 28,
        "sentenceContent": "또한 지난해 10월에는 삼성 개발자 콘퍼런스 2021에서 노트북 전용 프로그램인 '원UI 북4'를 공개하기도 했다.",
        "sentenceSize": 64
      },
      {
        "sentenceNo": 29,
        "sentenceContent": "삼성전자 관계자는 데일리임팩트에 \\\"갤럭시북 프로 신제품 공개 일정과 관련된 자세한 내용은 확인이 어렵다\\\"면서도 \\\"지난해 노태문 사장이 강조했듯, 향후 공개될 갤럭시북 신제품들은 갤럭시 생태계 라인업의 연장선이 될 것\\\"이라고 설명했다.",
        "sentenceSize": 134
      },
      {
        "sentenceNo": 30,
        "sentenceContent": "그는 이어 \\\"또한 지난해 삼성전자는 무선사업부의 명칭을 '모바일 경험(MX)' 사업부로 변경한 만큼, 갤럭시 사용자들에게 스마트폰부터 태블릿, PC, 웨어러블 등 각종 모바일 제품과 소프트웨어, 고객 서비스를 연결하는 경험을 제공하는데 집중할 것\\\"이라고 귀띔했다.",
        "sentenceSize": 149
      }
    ]
  },
  "labeledDataInfo": {
    "newTitle": "삼성전자, 갤럭시 생태계 확장하려 만든 사업은?",
    "clickbaitClass": 0,
    "referSentenceInfo": [
      {
        "sentenceNo": 1,
        "referSentenceyn": "N"
      },
      {
        "sentenceNo": 2,
        "referSentenceyn": "Y"
      },
      {
        "sentenceNo": 3,
        "referSentenceyn": "N"
      },
      {
        "sentenceNo": 4,
        "referSentenceyn": "N"
      },
      {
        "sentenceNo": 5,
        "referSentenceyn": "N"
      },
      {
        "sentenceNo": 6,
        "referSentenceyn": "N"
      },
      {
        "sentenceNo": 7,
        "referSentenceyn": "N"
      },
      {
        "sentenceNo": 8,
        "referSentenceyn": "N"
      },
      {
        "sentenceNo": 9,
        "referSentenceyn": "N"
      },
      {
        "sentenceNo": 10,
        "referSentenceyn": "N"
      },
      {
        "sentenceNo": 11,
        "referSentenceyn": "N"
      },
      {
        "sentenceNo": 12,
        "referSentenceyn": "N"
      },
      {
        "sentenceNo": 13,
        "referSentenceyn": "N"
      },
      {
        "sentenceNo": 14,
        "referSentenceyn": "N"
      },
      {
        "sentenceNo": 15,
        "referSentenceyn": "N"
      },
      {
        "sentenceNo": 16,
        "referSentenceyn": "N"
      },
      {
        "sentenceNo": 17,
        "referSentenceyn": "N"
      },
      {
        "sentenceNo": 18,
        "referSentenceyn": "N"
      },
      {
        "sentenceNo": 19,
        "referSentenceyn": "N"
      },
      {
        "sentenceNo": 20,
        "referSentenceyn": "N"
      },
      {
        "sentenceNo": 21,
        "referSentenceyn": "N"
      },
      {
        "sentenceNo": 22,
        "referSentenceyn": "N"
      },
      {
        "sentenceNo": 23,
        "referSentenceyn": "N"
      },
      {
        "sentenceNo": 24,
        "referSentenceyn": "N"
      },
      {
        "sentenceNo": 25,
        "referSentenceyn": "N"
      },
      {
        "sentenceNo": 26,
        "referSentenceyn": "N"
      },
      {
        "sentenceNo": 27,
        "referSentenceyn": "N"
      },
      {
        "sentenceNo": 28,
        "referSentenceyn": "N"
      },
      {
        "sentenceNo": 29,
        "referSentenceyn": "N"
      },
      {
        "sentenceNo": 30,
        "referSentenceyn": "N"
      }
    ]
  }
}