{
  "sourceDataInfo": {
    "newsID": "EC_M02_157877",
    "newsCategory": "경제",
    "newsSubcategory": "산업",
    "newsTitle": "방역업계, \\\"SK그룹, '골목상권'인 방역시장 침해 심각\\\" 호소",
    "newsSubTitle": "한국방역협회, SK본사 방문해 호소문 전달",
    "newsContent": "중소방역소독업체들이 SK그룹에 무리한 골목상권 진입을 자제해달라고 호소했다.\n18일 한국방역협회 대기업시장진입대책위원회는 SK본사를 방문해, 회사의 방역소독시장 진입을 중단할 것을 촉구하는 호소문을 최태원 SK회장(대한상공회의소 회장), 박정호 SK텔레콤 사장 등에게 전달했다고 밝혔다.\n현재 국내 방역소독업은 총 매출 1조원 정도의 소규모 시장이다.\n대다수 업체는 연 매출 1억원 이하의 영세 소상공인이다.\n대책위는 호소문에서 \\\"SK그룹이 대외적으로는 공정과 상생 등 ESG의 모범 기업을 표방하고 있지만, 실제로는 그룹 산하 ADT캡스를 통해 기존 방역업체들의 생계를 위태롭게 하고 불공정 경쟁을 펴고 있다\\\"고 꼬집었다.\nADT캡스는 지난해 12월 국내 방역소독시장에 진입했다.\n당시, 방역협회는 우려를 전달했지만 SK그룹은 70만 고객과 140여개에 달하는 계열사를 대상으로 방역사업을 진행하겠다는 뜻을 밝혔다는 설명이다.\n대책위 관계자는 데일리임팩트에 \\\"대책위에 들어온 제보에 따르면 ADT캡스는 SK텔레콤 등 계열사 고객 및 일반 국민들에게 대량의 문자 발송과 전화 등 물량공세로 영업을 해 영세 방역업체에 통행세를 떼고 재하청을 주는 행태를 보이고 있다\\\"고 목소리를 높였다.\nSK그룹이 방역업체에게 걷는 통행료는 약 30%에 달하는 것으로 전해졌다.\n이와 관련, SK텔레콤 관계자는 데일리임팩트에 \\\"해당 의혹과 관련해 답변할 내용은 없다\\\"라고 일축했다.\n대책위는 \\\"연 매출 134조 원이 넘는 초일류기업 SK그룹이 방역소독시장까지 진입해 소상공인의 생업과 생태계를 위협하고 있다\\\"며 \\\"대기업은 방역소독시장 무임승차를 멈추고, 대자본과 인프라로 할 수 있는 3T(Test-Trace-Treat) 관점에서 백신과 치료제, 진단키트 개발 등 대규모 과제를 지원해달라\\\"라고 호소했다.\n이철 한국방역협회 부회장 겸 대책위 위원장은 \\\"코로나19 상황 속에서도 방역의 최전선에서 전문성과 자부심으로 임한 방역업체들이 전문산업으로 보호되고 육성될 수 있도록 대기업의 무분별한 진입을 중단할 것을 촉구한다\\\"라고 강조했다.\n한편, 대책위는 롯데, GS, KT, 넷마블, 에스텍시스템(삼성 관계사) 등에도 호소문을 전달할 계획이다.",
    "partNum": "P1",
    "useType": 0,
    "processType": "D",
    "processPattern": "11",
    "processLevel": "하",
    "sentenceCount": 13,
    "sentenceInfo": [
      {
        "sentenceNo": 1,
        "sentenceContent": "중소방역소독업체들이 SK그룹에 무리한 골목상권 진입을 자제해달라고 호소했다.",
        "sentenceSize": 42
      },
      {
        "sentenceNo": 2,
        "sentenceContent": "18일 한국방역협회 대기업시장진입대책위원회는 SK본사를 방문해, 회사의 방역소독시장 진입을 중단할 것을 촉구하는 호소문을 최태원 SK회장(대한상공회의소 회장), 박정호 SK텔레콤 사장 등에게 전달했다고 밝혔다.",
        "sentenceSize": 117
      },
      {
        "sentenceNo": 3,
        "sentenceContent": "현재 국내 방역소독업은 총 매출 1조원 정도의 소규모 시장이다.",
        "sentenceSize": 35
      },
      {
        "sentenceNo": 4,
        "sentenceContent": "대다수 업체는 연 매출 1억원 이하의 영세 소상공인이다.",
        "sentenceSize": 31
      },
      {
        "sentenceNo": 5,
        "sentenceContent": "대책위는 호소문에서 \\\"SK그룹이 대외적으로는 공정과 상생 등 ESG의 모범 기업을 표방하고 있지만, 실제로는 그룹 산하 ADT캡스를 통해 기존 방역업체들의 생계를 위태롭게 하고 불공정 경쟁을 펴고 있다\\\"고 꼬집었다.",
        "sentenceSize": 122
      },
      {
        "sentenceNo": 6,
        "sentenceContent": "ADT캡스는 지난해 12월 국내 방역소독시장에 진입했다.",
        "sentenceSize": 31
      },
      {
        "sentenceNo": 7,
        "sentenceContent": "당시, 방역협회는 우려를 전달했지만 SK그룹은 70만 고객과 140여개에 달하는 계열사를 대상으로 방역사업을 진행하겠다는 뜻을 밝혔다는 설명이다.",
        "sentenceSize": 81
      },
      {
        "sentenceNo": 8,
        "sentenceContent": "대책위 관계자는 데일리임팩트에 \\\"대책위에 들어온 제보에 따르면 ADT캡스는 SK텔레콤 등 계열사 고객 및 일반 국민들에게 대량의 문자 발송과 전화 등 물량공세로 영업을 해 영세 방역업체에 통행세를 떼고 재하청을 주는 행태를 보이고 있다\\\"고 목소리를 높였다.",
        "sentenceSize": 145
      },
      {
        "sentenceNo": 9,
        "sentenceContent": "SK그룹이 방역업체에게 걷는 통행료는 약 30%에 달하는 것으로 전해졌다.",
        "sentenceSize": 41
      },
      {
        "sentenceNo": 10,
        "sentenceContent": "이와 관련, SK텔레콤 관계자는 데일리임팩트에 \\\"해당 의혹과 관련해 답변할 내용은 없다\\\"라고 일축했다.",
        "sentenceSize": 59
      },
      {
        "sentenceNo": 11,
        "sentenceContent": "대책위는 \\\"연 매출 134조 원이 넘는 초일류기업 SK그룹이 방역소독시장까지 진입해 소상공인의 생업과 생태계를 위협하고 있다\\\"며 \\\"대기업은 방역소독시장 무임승차를 멈추고, 대자본과 인프라로 할 수 있는 3T(Test-Trace-Treat) 관점에서 백신과 치료제, 진단키트 개발 등 대규모 과제를 지원해달라\\\"라고 호소했다.",
        "sentenceSize": 184
      },
      {
        "sentenceNo": 12,
        "sentenceContent": "이철 한국방역협회 부회장 겸 대책위 위원장은 \\\"코로나19 상황 속에서도 방역의 최전선에서 전문성과 자부심으로 임한 방역업체들이 전문산업으로 보호되고 육성될 수 있도록 대기업의 무분별한 진입을 중단할 것을 촉구한다\\\"라고 강조했다.",
        "sentenceSize": 129
      },
      {
        "sentenceNo": 13,
        "sentenceContent": "한편, 대책위는 롯데, GS, KT, 넷마블, 에스텍시스템(삼성 관계사) 등에도 호소문을 전달할 계획이다.",
        "sentenceSize": 59
      }
    ]
  },
  "labeledDataInfo": {
    "newTitle": "방역업계,\"골목상권'인 방역시장 침해 심각\"... 대기업의 만행 어떻길래?",
    "clickbaitClass": 0,
    "referSentenceInfo": [
      {
        "sentenceNo": 1,
        "referSentenceyn": "N"
      },
      {
        "sentenceNo": 2,
        "referSentenceyn": "N"
      },
      {
        "sentenceNo": 3,
        "referSentenceyn": "N"
      },
      {
        "sentenceNo": 4,
        "referSentenceyn": "N"
      },
      {
        "sentenceNo": 5,
        "referSentenceyn": "N"
      },
      {
        "sentenceNo": 6,
        "referSentenceyn": "N"
      },
      {
        "sentenceNo": 7,
        "referSentenceyn": "N"
      },
      {
        "sentenceNo": 8,
        "referSentenceyn": "N"
      },
      {
        "sentenceNo": 9,
        "referSentenceyn": "N"
      },
      {
        "sentenceNo": 10,
        "referSentenceyn": "N"
      },
      {
        "sentenceNo": 11,
        "referSentenceyn": "Y"
      },
      {
        "sentenceNo": 12,
        "referSentenceyn": "N"
      },
      {
        "sentenceNo": 13,
        "referSentenceyn": "N"
      }
    ]
  }
}