{
  "sourceDataInfo": {
    "newsID": "EC_M02_156472",
    "newsCategory": "경제",
    "newsSubcategory": "은행",
    "newsTitle": "NH농협생명, '행복두배NH통합암보험' 신상품 출시",
    "newsSubTitle": "암 발병 전부터 진단, 치료까지 종합보장",
    "newsContent": "NH농협생명은 1일 암 발병 전부터 진단, 치료까지 종합적으로 보장하는 '행복두배NH통합암보험(갱, 비갱, 무)'을 출시한다고 밝혔다.\n이 보험은 주계약으로 일반암 진단비를 보장하며 '소액암진단특약(갱, 비갱, 무)'을 통해 소액암에 진단됐을 때 보험금을 지급한다. '9대고액암진단특약(갱, 무)'에 가입했다면 뇌, 폐, 췌장, 식도 등 9대 고액암에 대한 진단비를 추가로 지급한다. '재진단암보장특약(갱, 무)'을 가입하면 암 재발에 대한 걱정을 덜 수 있는 것도 장점이다.\n암을 진단받고 2년 경과 후 암(전립선암, 기타피부암, 갑상선암 및 대장점막내암 제외)을 재진단 받을 경우 보험금을 추가 지급한다.\n또 암이 치유되지 않은 경우에도 완치될 때까지 2년마다 계속해서 암 진단비를 받을 수 있다.\n이 상품은 암 발생 진단비 뿐만 아니라 암 발병 전에 대한 보장 특약도 신설했다. '특정양성신생물진단특약(갱, 무)'과 '갑상선기능항진증치료특약(갱, 무)'으로 암 발병 전 전조증상에 대해 위·대장 용종 제거와 갑상선기능항진증 치료를 보장한다.\n또한 전립선과 갑상선 생체 세포 및 조직 일부를 바늘을 이용해 추출하는 바늘생검 조직병리진단을 받았을 때도 '전립선바늘생검조직병리진단특약(갱, 무)'과 '갑상선바늘생검조직병리진단특약(갱, 무)'을 통해 보장받을 수 있다.\nNH농협생명 관계자는 미디어SR에 \\\"암 발병 이후 치료에 전념할 수 있도록 입원, 수술, 항암치료 등에 대한 치료비도 보장한다\\\"며 \\\"정상세포 손상을 최소화하는 치료법인 '표적항암약물허가치료'와 암세포 성장과 확산을 억제해 진행 속도를 늦추기 위해 호르몬을 차단 및 감소시키는 '특정항암호르몬약물허가치료' 등 신의료기술 치료에 대한 보장 특약도 탑재했다\\\"고 말했다.\n갱신 유무에 따라 갱신형과 비갱신형이 있어 개인의 경제 상황에 따라 선택 가능하다.\n또한 가입유형에 따라 일반가입형과 간편가입형으로 구분돼 간편가입형을 통해 고혈압·당뇨가 있는 유병력자도 상품에 가입할 수 있다.\n△3개월 이내 입원, 수술, 추가검사에 대한 의사 필요소견 △2년 이내 입원, 수술(제왕절개 포함) △5년 이내 암으로 진단, 입원, 수술 등 위 세 가지 사항에 대해 해당사항이 없다면 가입 가능하다.\n일반가입형의 경우 암 이외에도 3대 질병인 뇌혈관질환과 허혈성심질환에 대한 보장특약을 부가해 고객 선택의 폭을 넓혔다.\n가입연령은 최소 15세에서 최대 80세까지다.\n보험료는 주계약 가입금액 2500만원 2형(일반가입형) 기준 갱신형(15년만기 전기납)은 남성 2만750원, 여성 2만6250원이며 비갱신형(90세만기 20년납)은 남성 8만9500원, 여성 6만8750원이다.\n김인태 NH농협생명 대표이사는 \\\"이번 신상품은 암 발병으로 인한 고액의 신의료기술 치료비를 보장해 고객이 암 치료에 전념할 수 있도록 보장을 확대했다\\\"며 \\\"앞으로도 고객의 든든한 보장을 책임질 수 있는 상품으로 찾아뵙겠다\\\"고 말했다.",
    "partNum": "P1",
    "useType": 0,
    "processType": "D",
    "processPattern": "14",
    "processLevel": "중",
    "sentenceCount": 14,
    "sentenceInfo": [
      {
        "sentenceNo": 1,
        "sentenceContent": "NH농협생명은 1일 암 발병 전부터 진단, 치료까지 종합적으로 보장하는 '행복두배NH통합암보험(갱, 비갱, 무)'을 출시한다고 밝혔다.",
        "sentenceSize": 75
      },
      {
        "sentenceNo": 2,
        "sentenceContent": "이 보험은 주계약으로 일반암 진단비를 보장하며 '소액암진단특약(갱, 비갱, 무)'을 통해 소액암에 진단됐을 때 보험금을 지급한다. '9대고액암진단특약(갱, 무)'에 가입했다면 뇌, 폐, 췌장, 식도 등 9대 고액암에 대한 진단비를 추가로 지급한다. '재진단암보장특약(갱, 무)'을 가입하면 암 재발에 대한 걱정을 덜 수 있는 것도 장점이다.",
        "sentenceSize": 190
      },
      {
        "sentenceNo": 3,
        "sentenceContent": "암을 진단받고 2년 경과 후 암(전립선암, 기타피부암, 갑상선암 및 대장점막내암 제외)을 재진단 받을 경우 보험금을 추가 지급한다.",
        "sentenceSize": 73
      },
      {
        "sentenceNo": 4,
        "sentenceContent": "또 암이 치유되지 않은 경우에도 완치될 때까지 2년마다 계속해서 암 진단비를 받을 수 있다.",
        "sentenceSize": 51
      },
      {
        "sentenceNo": 5,
        "sentenceContent": "이 상품은 암 발생 진단비 뿐만 아니라 암 발병 전에 대한 보장 특약도 신설했다. '특정양성신생물진단특약(갱, 무)'과 '갑상선기능항진증치료특약(갱, 무)'으로 암 발병 전 전조증상에 대해 위·대장 용종 제거와 갑상선기능항진증 치료를 보장한다.",
        "sentenceSize": 136
      },
      {
        "sentenceNo": 6,
        "sentenceContent": "또한 전립선과 갑상선 생체 세포 및 조직 일부를 바늘을 이용해 추출하는 바늘생검 조직병리진단을 받았을 때도 '전립선바늘생검조직병리진단특약(갱, 무)'과 '갑상선바늘생검조직병리진단특약(갱, 무)'을 통해 보장받을 수 있다.",
        "sentenceSize": 123
      },
      {
        "sentenceNo": 7,
        "sentenceContent": "NH농협생명 관계자는 미디어SR에 \\\"암 발병 이후 치료에 전념할 수 있도록 입원, 수술, 항암치료 등에 대한 치료비도 보장한다\\\"며 \\\"정상세포 손상을 최소화하는 치료법인 '표적항암약물허가치료'와 암세포 성장과 확산을 억제해 진행 속도를 늦추기 위해 호르몬을 차단 및 감소시키는 '특정항암호르몬약물허가치료' 등 신의료기술 치료에 대한 보장 특약도 탑재했다\\\"고 말했다.",
        "sentenceSize": 207
      },
      {
        "sentenceNo": 8,
        "sentenceContent": "갱신 유무에 따라 갱신형과 비갱신형이 있어 개인의 경제 상황에 따라 선택 가능하다.",
        "sentenceSize": 46
      },
      {
        "sentenceNo": 9,
        "sentenceContent": "또한 가입유형에 따라 일반가입형과 간편가입형으로 구분돼 간편가입형을 통해 고혈압·당뇨가 있는 유병력자도 상품에 가입할 수 있다.",
        "sentenceSize": 71
      },
      {
        "sentenceNo": 10,
        "sentenceContent": "△3개월 이내 입원, 수술, 추가검사에 대한 의사 필요소견 △2년 이내 입원, 수술(제왕절개 포함) △5년 이내 암으로 진단, 입원, 수술 등 위 세 가지 사항에 대해 해당사항이 없다면 가입 가능하다.",
        "sentenceSize": 112
      },
      {
        "sentenceNo": 11,
        "sentenceContent": "일반가입형의 경우 암 이외에도 3대 질병인 뇌혈관질환과 허혈성심질환에 대한 보장특약을 부가해 고객 선택의 폭을 넓혔다.",
        "sentenceSize": 66
      },
      {
        "sentenceNo": 12,
        "sentenceContent": "가입연령은 최소 15세에서 최대 80세까지다.",
        "sentenceSize": 25
      },
      {
        "sentenceNo": 13,
        "sentenceContent": "보험료는 주계약 가입금액 2500만원 2형(일반가입형) 기준 갱신형(15년만기 전기납)은 남성 2만750원, 여성 2만6250원이며 비갱신형(90세만기 20년납)은 남성 8만9500원, 여성 6만8750원이다.",
        "sentenceSize": 117
      },
      {
        "sentenceNo": 14,
        "sentenceContent": "김인태 NH농협생명 대표이사는 \\\"이번 신상품은 암 발병으로 인한 고액의 신의료기술 치료비를 보장해 고객이 암 치료에 전념할 수 있도록 보장을 확대했다\\\"며 \\\"앞으로도 고객의 든든한 보장을 책임질 수 있는 상품으로 찾아뵙겠다\\\"고 말했다.",
        "sentenceSize": 134
      }
    ]
  },
  "labeledDataInfo": {
    "newTitle": "NH농협생명, \"난 보험업계를 찢어\"... 종합 보장형 '행복두배NH통합암보험' 출시",
    "clickbaitClass": 0,
    "referSentenceInfo": [
      {
        "sentenceNo": 1,
        "referSentenceyn": "Y"
      },
      {
        "sentenceNo": 2,
        "referSentenceyn": "N"
      },
      {
        "sentenceNo": 3,
        "referSentenceyn": "N"
      },
      {
        "sentenceNo": 4,
        "referSentenceyn": "N"
      },
      {
        "sentenceNo": 5,
        "referSentenceyn": "N"
      },
      {
        "sentenceNo": 6,
        "referSentenceyn": "N"
      },
      {
        "sentenceNo": 7,
        "referSentenceyn": "N"
      },
      {
        "sentenceNo": 8,
        "referSentenceyn": "N"
      },
      {
        "sentenceNo": 9,
        "referSentenceyn": "N"
      },
      {
        "sentenceNo": 10,
        "referSentenceyn": "N"
      },
      {
        "sentenceNo": 11,
        "referSentenceyn": "N"
      },
      {
        "sentenceNo": 12,
        "referSentenceyn": "N"
      },
      {
        "sentenceNo": 13,
        "referSentenceyn": "N"
      },
      {
        "sentenceNo": 14,
        "referSentenceyn": "N"
      }
    ]
  }
}