{
  "sourceDataInfo": {
    "newsID": "EC_M02_157535",
    "newsCategory": "경제",
    "newsSubcategory": "산업",
    "newsTitle": "넷마블, 2분기 영업익 146%↑...해외 시장 공략덕",
    "newsSubTitle": "'일곱 개의 대죄: GRAND CROSS' 매출 비중 21% '마블 콘테스트 오브 챔피언스' 매출 비중 13%",
    "newsContent": "넷마블이 신작 '일곱 개의 대죄: GRAND CROSS'의 선전에 힘입어 2분기 시장 전망치를 뛰어 넘는 실적을 올렸다.\n넷마블은 2분기 매출 6857억원, 영업이익 817억원, 순이익 852억원을 달성했다고 12일 밝혔다.\n2분기 매출 6857억원은 전년 동기보다 보다 30.3%, 전 분기보다 28.7% 증가, 영업이익 817억원은 전년 동기 대비 146.1%, 전 분기보다 300.5% 증가한 수치다.\n순이익은 전년 동기 대비 124.2%, 전 분기보다 48.2% 올랐다.\n넷마블의 올 상반기 매출은 1조 2186억, 영업이익은 1021억원이다.\n넷마블은 2분기 매출 중 2분기 매출 중 해외 매출 비중은 75%(5144억원)으로 분기 기준 역대 최고치를 기록했다.\n넷마블 관계자는 미디어SR에 \\\"'일곱 개의 대죄: GRAND CROSS', '마블 콘테스트 오브 챔피언스(Kabam)', '리니지2 레볼루션', '블레이드 & 소울 레볼루션', '쿠키잼(Jam City)' 등이 북미, 일본 등 주요 글로벌 시장에서 꾸준한 성과를 내고 있다\\\"고 밝혔다.\n넷마블은 또한 지난 7월 8일 '자체 IP' 활용 모바일 야구 게임 '마구마구 2020 모바일'을 필두로 넷마블과 빅히트의 두 번째 협업 작품인 'BTS 유니버스 스토리'의 전세계 동시 출시를 3분기 내 목표로 준비하고 있다.\n넷마블 권영식 대표는 \\\"'일곱 개의 대죄: GRAND CROSS'(글로벌), 'A3: 스틸얼라이브'(국내) 등 상반기 출시작들이 견조한 성과를 올리고 있고, 하반기에도 자체 및 글로벌 인기 IP를 앞세운 다양한 장르의 신작들이 출시를 앞두고 있어 기대를 하고 있다\\\"라고 말했다.\n넷마블은 하반기에도 자체 및 인지도 높은 IP 기반의 신작을 앞세워 국내 및 해외 시장 공략을 이어나갈 계획이다.",
    "partNum": "P1",
    "useType": 0,
    "processType": "D",
    "processPattern": "11",
    "processLevel": "하",
    "sentenceCount": 10,
    "sentenceInfo": [
      {
        "sentenceNo": 1,
        "sentenceContent": "넷마블이 신작 '일곱 개의 대죄: GRAND CROSS'의 선전에 힘입어 2분기 시장 전망치를 뛰어 넘는 실적을 올렸다.",
        "sentenceSize": 67
      },
      {
        "sentenceNo": 2,
        "sentenceContent": "넷마블은 2분기 매출 6857억원, 영업이익 817억원, 순이익 852억원을 달성했다고 12일 밝혔다.",
        "sentenceSize": 57
      },
      {
        "sentenceNo": 3,
        "sentenceContent": "2분기 매출 6857억원은 전년 동기보다 보다 30.3%, 전 분기보다 28.7% 증가, 영업이익 817억원은 전년 동기 대비 146.1%, 전 분기보다 300.5% 증가한 수치다.",
        "sentenceSize": 101
      },
      {
        "sentenceNo": 4,
        "sentenceContent": "순이익은 전년 동기 대비 124.2%, 전 분기보다 48.2% 올랐다.",
        "sentenceSize": 39
      },
      {
        "sentenceNo": 5,
        "sentenceContent": "넷마블의 올 상반기 매출은 1조 2186억, 영업이익은 1021억원이다.",
        "sentenceSize": 40
      },
      {
        "sentenceNo": 6,
        "sentenceContent": "넷마블은 2분기 매출 중 2분기 매출 중 해외 매출 비중은 75%(5144억원)으로 분기 기준 역대 최고치를 기록했다.",
        "sentenceSize": 66
      },
      {
        "sentenceNo": 7,
        "sentenceContent": "넷마블 관계자는 미디어SR에 \\\"'일곱 개의 대죄: GRAND CROSS', '마블 콘테스트 오브 챔피언스(Kabam)', '리니지2 레볼루션', '블레이드 & 소울 레볼루션', '쿠키잼(Jam City)' 등이 북미, 일본 등 주요 글로벌 시장에서 꾸준한 성과를 내고 있다\\\"고 밝혔다.",
        "sentenceSize": 161
      },
      {
        "sentenceNo": 8,
        "sentenceContent": "넷마블은 또한 지난 7월 8일 '자체 IP' 활용 모바일 야구 게임 '마구마구 2020 모바일'을 필두로 넷마블과 빅히트의 두 번째 협업 작품인 'BTS 유니버스 스토리'의 전세계 동시 출시를 3분기 내 목표로 준비하고 있다.",
        "sentenceSize": 126
      },
      {
        "sentenceNo": 9,
        "sentenceContent": "넷마블 권영식 대표는 \\\"'일곱 개의 대죄: GRAND CROSS'(글로벌), 'A3: 스틸얼라이브'(국내) 등 상반기 출시작들이 견조한 성과를 올리고 있고, 하반기에도 자체 및 글로벌 인기 IP를 앞세운 다양한 장르의 신작들이 출시를 앞두고 있어 기대를 하고 있다\\\"라고 말했다.",
        "sentenceSize": 157
      },
      {
        "sentenceNo": 10,
        "sentenceContent": "넷마블은 하반기에도 자체 및 인지도 높은 IP 기반의 신작을 앞세워 국내 및 해외 시장 공략을 이어나갈 계획이다.",
        "sentenceSize": 63
      }
    ]
  },
  "labeledDataInfo": {
    "newTitle": "넷마블, 비결이 어떻기에 2분기 영업익 시장 전망치 뛰어넘었나?",
    "clickbaitClass": 0,
    "referSentenceInfo": [
      {
        "sentenceNo": 1,
        "referSentenceyn": "Y"
      },
      {
        "sentenceNo": 2,
        "referSentenceyn": "N"
      },
      {
        "sentenceNo": 3,
        "referSentenceyn": "N"
      },
      {
        "sentenceNo": 4,
        "referSentenceyn": "N"
      },
      {
        "sentenceNo": 5,
        "referSentenceyn": "N"
      },
      {
        "sentenceNo": 6,
        "referSentenceyn": "Y"
      },
      {
        "sentenceNo": 7,
        "referSentenceyn": "Y"
      },
      {
        "sentenceNo": 8,
        "referSentenceyn": "N"
      },
      {
        "sentenceNo": 9,
        "referSentenceyn": "N"
      },
      {
        "sentenceNo": 10,
        "referSentenceyn": "N"
      }
    ]
  }
}