{
  "sourceDataInfo": {
    "newsID": "EC_M02_158246",
    "newsCategory": "경제",
    "newsSubcategory": "IT·통신",
    "newsTitle": "'우영우' 웹툰으로 만난다...네이버웹툰서 정식 연재",
    "newsSubTitle": "원작 드라마 웹툰으로 각색... 오리지널 에피소드 추가 네이버웹툰 글로벌 서비스 통해 전 세계 연재 예정",
    "newsContent": "인기 드라마 '이상한 변호사 우영우'가 네이버웹툰으로 제작된다.\n27일 네이버웹툰은 신작 웹툰 이상한 변호사 우영우를 매주 목요 웹툰으로 정식 연재된다고 밝혔다.\n1화 공개는 이날 밤 10시다.\n이상한 변호사 우영우는 천재적인 두뇌와 자폐 스펙트럼 장애를 가진 신입 변호사 '우영우'의 대형 로펌 성장기를 그린다.\n매회 자체 최고 시청률을 경신 중인 박은빈·강태오 주연의 동명의 드라마를 원작으로 하며, 원작 드라마 스토리를 웹툰 특유의 속도감 있는 전개와 연출로 각색했다.\n웹툰은 총 60화 분량으로 원작 드라마의 스토리뿐만 아니라 드라마에서 볼 수 없었던 에피소드도 추가로 선보인다.\n웹툰 이상한 변호사 우영우는 네이버웹툰과 네이버시리즈 PC홈페이지, 모바일 웹, 애플리케이션 등을 통해 감상할 수 있다.\n네이버웹툰은 이상한 변호사 우영우 웹툰을 국내 연재뿐만 아니라, 글로벌 서비스를 통해 영어, 일본어, 중국어 등으로 번역해 해외에서도 공개할 계획이다.\n네이버웹툰 관계자는 데일리임팩트에 \\\"이번 이상한 변호사 우영우 웹툰 제작은 드라마와 웹툰을 연계한 새로운 콘텐츠 지식재산권(IP) 사업 확장의 일환\\\"이라며 \\\"단순히 웹툰을 원천 IP로 공급하는 것을 넘어, '굿닥터'(KBS) 등의 드라마를 웹툰으로 제작하거나, '그 해 우리는'처럼 드라마 방영과 동시에 프리퀄 웹툰을 제작해 공개하는 등의 시도를 해왔다\\\"라고 설명했다.\n한편, ENA를 통해 방영되고 있는 드라마 이상한 변호사 우영우는 최고 시청률 13% 돌파, 2주 연속 넷플릭스 비영어 TV부문 가장 많이 본 콘텐츠 글로벌 1위를 기록하며 흥행세를 이어가고 있다.",
    "partNum": "P1",
    "useType": 0,
    "processType": "D",
    "processPattern": "11",
    "processLevel": "하",
    "sentenceCount": 10,
    "sentenceInfo": [
      {
        "sentenceNo": 1,
        "sentenceContent": "인기 드라마 '이상한 변호사 우영우'가 네이버웹툰으로 제작된다.",
        "sentenceSize": 35
      },
      {
        "sentenceNo": 2,
        "sentenceContent": "27일 네이버웹툰은 신작 웹툰 이상한 변호사 우영우를 매주 목요 웹툰으로 정식 연재된다고 밝혔다.",
        "sentenceSize": 54
      },
      {
        "sentenceNo": 3,
        "sentenceContent": "1화 공개는 이날 밤 10시다.",
        "sentenceSize": 17
      },
      {
        "sentenceNo": 4,
        "sentenceContent": "이상한 변호사 우영우는 천재적인 두뇌와 자폐 스펙트럼 장애를 가진 신입 변호사 '우영우'의 대형 로펌 성장기를 그린다.",
        "sentenceSize": 66
      },
      {
        "sentenceNo": 5,
        "sentenceContent": "매회 자체 최고 시청률을 경신 중인 박은빈·강태오 주연의 동명의 드라마를 원작으로 하며, 원작 드라마 스토리를 웹툰 특유의 속도감 있는 전개와 연출로 각색했다.",
        "sentenceSize": 89
      },
      {
        "sentenceNo": 6,
        "sentenceContent": "웹툰은 총 60화 분량으로 원작 드라마의 스토리뿐만 아니라 드라마에서 볼 수 없었던 에피소드도 추가로 선보인다.",
        "sentenceSize": 62
      },
      {
        "sentenceNo": 7,
        "sentenceContent": "웹툰 이상한 변호사 우영우는 네이버웹툰과 네이버시리즈 PC홈페이지, 모바일 웹, 애플리케이션 등을 통해 감상할 수 있다.",
        "sentenceSize": 67
      },
      {
        "sentenceNo": 8,
        "sentenceContent": "네이버웹툰은 이상한 변호사 우영우 웹툰을 국내 연재뿐만 아니라, 글로벌 서비스를 통해 영어, 일본어, 중국어 등으로 번역해 해외에서도 공개할 계획이다.",
        "sentenceSize": 84
      },
      {
        "sentenceNo": 9,
        "sentenceContent": "네이버웹툰 관계자는 데일리임팩트에 \\\"이번 이상한 변호사 우영우 웹툰 제작은 드라마와 웹툰을 연계한 새로운 콘텐츠 지식재산권(IP) 사업 확장의 일환\\\"이라며 \\\"단순히 웹툰을 원천 IP로 공급하는 것을 넘어, '굿닥터'(KBS) 등의 드라마를 웹툰으로 제작하거나, '그 해 우리는'처럼 드라마 방영과 동시에 프리퀄 웹툰을 제작해 공개하는 등의 시도를 해왔다\\\"라고 설명했다.",
        "sentenceSize": 210
      },
      {
        "sentenceNo": 10,
        "sentenceContent": "한편, ENA를 통해 방영되고 있는 드라마 이상한 변호사 우영우는 최고 시청률 13% 돌파, 2주 연속 넷플릭스 비영어 TV부문 가장 많이 본 콘텐츠 글로벌 1위를 기록하며 흥행세를 이어가고 있다.",
        "sentenceSize": 110
      }
    ]
  },
  "labeledDataInfo": {
    "newTitle": " '이상한 변호사 우영우'를 웹툰에서도 만나볼 수 있다고?",
    "clickbaitClass": 0,
    "referSentenceInfo": [
      {
        "sentenceNo": 1,
        "referSentenceyn": "N"
      },
      {
        "sentenceNo": 2,
        "referSentenceyn": "Y"
      },
      {
        "sentenceNo": 3,
        "referSentenceyn": "N"
      },
      {
        "sentenceNo": 4,
        "referSentenceyn": "N"
      },
      {
        "sentenceNo": 5,
        "referSentenceyn": "N"
      },
      {
        "sentenceNo": 6,
        "referSentenceyn": "N"
      },
      {
        "sentenceNo": 7,
        "referSentenceyn": "N"
      },
      {
        "sentenceNo": 8,
        "referSentenceyn": "N"
      },
      {
        "sentenceNo": 9,
        "referSentenceyn": "N"
      },
      {
        "sentenceNo": 10,
        "referSentenceyn": "N"
      }
    ]
  }
}