{
  "sourceDataInfo": {
    "newsID": "EC_M02_157587",
    "newsCategory": "경제",
    "newsSubcategory": "산업",
    "newsTitle": "CJ제일제당, '혁신성장' 통했다…3Q 영업익 47.5% ↑",
    "newsSubTitle": "글로벌 식품 및 바이오 사업 성장 지속, 영업이익 72.2% 늘어 해외 사업 경쟁력 확대 가속화로 '글로벌 기업' 위상 다져",
    "newsContent": "CJ제일제당은 10일 실적발표를 통해 올해 3분기 매출이 전년 동기 대비 8.2% 성장한 6조 3425억원, 영업이익은 47.5% 늘어난 4021억원(연결기준)을 달성했다고 10일 밝혔다.\nCJ대한통운 실적 제외시, 매출은 8.8% 늘어난 3조 7484억원, 영업이익은 72.2% 늘어난 3117억 원을 기록했다.\nCJ제일제당 관계자는 미디어SR에 \\\"식품∙바이오 등 해외 사업과 국내 가공식품 매출이 고르게 성장했다\\\"며 \\\"전 사업부문에 걸쳐 사업구조 혁신의 성과가 구체적으로 나타나면서 영업이익이 크게 늘었다\\\"고 설명했다.\n식품사업부문은 지난해에 비해 7.4% 증가한 2조 3891억 원의 매출을 올렸다.\n글로벌 식품 매출(슈완스 매출 6646억 원 포함)이 13% 늘어난 1조 204억원을 달성하며 올해 들어 세 분기 연속 1조원을 넘었다.\n국내에서는 '집밥' 트렌드의 지속으로 가정간편식(HMR) 판매가 늘었고, 선물세트 실적도 지난해 수준을 유지하며 가공식품 매출이 6% 늘었다.\n지난해부터 강도 높게 진행해온 수익성 개선 전략이 성과로 이어지면서, 영업이익은 34% 늘어난 1758억원을 달성했다.\n특히, 슈완스 영업이익은 지난해 같은 기간에 비해 두배 이상 규모로 크게 증가했다.\n아미노산과 조미소재 등이 주력인 바이오사업부문 매출은 7713억원으로 지난해 대비 7.3% 늘었고 수익성이 크게 개선되며 약 51% 늘어난 792억원의 영업이익을 기록했다.\n글로벌 사료용 아미노산 시장에서 시장 지배력이 확대됐고, 트립토판ㆍ발린ㆍ알지닌ㆍ핵산 등 고수익 제품군의 판매 비중이 30%까지 늘며 영업이익 증가를 견인했다.\n이는 글로벌 최고 수준의 R&D 경쟁력을 토대로 포트폴리오를 다각화하고 원가 경쟁력을 강화한 것이 주효했다는 평가다.\nCJ Feed&Care(사료+축산)는 중국과 베트남의 수요 확대 등에 힘입어 전년 대비 17.0% 늘어난 5880억원의 매출을 기록했다.\n베트남 시황 호조 등으로 영업이익은 전년 같은 기간 대비 약 600억원 증가하며 흑자전환했다.\nCJ제일제당은 지난해 하반기부터 수익성 강화와 재무구조 개선 등 고강도 체질개선을 통한 선제적 위기 대응에 나섰다.\n코로나19발(發) 글로벌 불확실성이 계속되고 있음에도 위기를 기회로 만들며 외형 성장뿐 아니라 내실까지 다졌다.\n국내외 집밥 수요 확대에 따라 간편식 중심의 소비 트렌드가 가속화되고 있는 만큼, 4분기에도 성장을 이어갈 전망이다.\nCJ제일제당은 \\\"수익성 강화에 중점을 둔 '혁신성장'에 주력한 결과, 글로벌 위기 상황에도 꾸준한 성과를 냈다\\\"면서 \\\"핵심 제품과 사업에 역량을 집중하고 전략적 R&D투자 및 구조적 경쟁력 확보를 통해 미래 성장을 이어갈 것\\\"이라고 밝혔다.",
    "partNum": "P1",
    "useType": 0,
    "processType": "D",
    "processPattern": "11",
    "processLevel": "하",
    "sentenceCount": 17,
    "sentenceInfo": [
      {
        "sentenceNo": 1,
        "sentenceContent": "CJ제일제당은 10일 실적발표를 통해 올해 3분기 매출이 전년 동기 대비 8.2% 성장한 6조 3425억원, 영업이익은 47.5% 늘어난 4021억원(연결기준)을 달성했다고 10일 밝혔다.",
        "sentenceSize": 105
      },
      {
        "sentenceNo": 2,
        "sentenceContent": "CJ대한통운 실적 제외시, 매출은 8.8% 늘어난 3조 7484억원, 영업이익은 72.2% 늘어난 3117억 원을 기록했다.",
        "sentenceSize": 69
      },
      {
        "sentenceNo": 3,
        "sentenceContent": "CJ제일제당 관계자는 미디어SR에 \\\"식품∙바이오 등 해외 사업과 국내 가공식품 매출이 고르게 성장했다\\\"며 \\\"전 사업부문에 걸쳐 사업구조 혁신의 성과가 구체적으로 나타나면서 영업이익이 크게 늘었다\\\"고 설명했다.",
        "sentenceSize": 120
      },
      {
        "sentenceNo": 4,
        "sentenceContent": "식품사업부문은 지난해에 비해 7.4% 증가한 2조 3891억 원의 매출을 올렸다.",
        "sentenceSize": 45
      },
      {
        "sentenceNo": 5,
        "sentenceContent": "글로벌 식품 매출(슈완스 매출 6646억 원 포함)이 13% 늘어난 1조 204억원을 달성하며 올해 들어 세 분기 연속 1조원을 넘었다.",
        "sentenceSize": 76
      },
      {
        "sentenceNo": 6,
        "sentenceContent": "국내에서는 '집밥' 트렌드의 지속으로 가정간편식(HMR) 판매가 늘었고, 선물세트 실적도 지난해 수준을 유지하며 가공식품 매출이 6% 늘었다.",
        "sentenceSize": 79
      },
      {
        "sentenceNo": 7,
        "sentenceContent": "지난해부터 강도 높게 진행해온 수익성 개선 전략이 성과로 이어지면서, 영업이익은 34% 늘어난 1758억원을 달성했다.",
        "sentenceSize": 66
      },
      {
        "sentenceNo": 8,
        "sentenceContent": "특히, 슈완스 영업이익은 지난해 같은 기간에 비해 두배 이상 규모로 크게 증가했다.",
        "sentenceSize": 46
      },
      {
        "sentenceNo": 9,
        "sentenceContent": "아미노산과 조미소재 등이 주력인 바이오사업부문 매출은 7713억원으로 지난해 대비 7.3% 늘었고 수익성이 크게 개선되며 약 51% 늘어난 792억원의 영업이익을 기록했다.",
        "sentenceSize": 96
      },
      {
        "sentenceNo": 10,
        "sentenceContent": "글로벌 사료용 아미노산 시장에서 시장 지배력이 확대됐고, 트립토판ㆍ발린ㆍ알지닌ㆍ핵산 등 고수익 제품군의 판매 비중이 30%까지 늘며 영업이익 증가를 견인했다.",
        "sentenceSize": 88
      },
      {
        "sentenceNo": 11,
        "sentenceContent": "이는 글로벌 최고 수준의 R&D 경쟁력을 토대로 포트폴리오를 다각화하고 원가 경쟁력을 강화한 것이 주효했다는 평가다.",
        "sentenceSize": 65
      },
      {
        "sentenceNo": 12,
        "sentenceContent": "CJ Feed&Care(사료+축산)는 중국과 베트남의 수요 확대 등에 힘입어 전년 대비 17.0% 늘어난 5880억원의 매출을 기록했다.",
        "sentenceSize": 76
      },
      {
        "sentenceNo": 13,
        "sentenceContent": "베트남 시황 호조 등으로 영업이익은 전년 같은 기간 대비 약 600억원 증가하며 흑자전환했다.",
        "sentenceSize": 52
      },
      {
        "sentenceNo": 14,
        "sentenceContent": "CJ제일제당은 지난해 하반기부터 수익성 강화와 재무구조 개선 등 고강도 체질개선을 통한 선제적 위기 대응에 나섰다.",
        "sentenceSize": 64
      },
      {
        "sentenceNo": 15,
        "sentenceContent": "코로나19발(發) 글로벌 불확실성이 계속되고 있음에도 위기를 기회로 만들며 외형 성장뿐 아니라 내실까지 다졌다.",
        "sentenceSize": 62
      },
      {
        "sentenceNo": 16,
        "sentenceContent": "국내외 집밥 수요 확대에 따라 간편식 중심의 소비 트렌드가 가속화되고 있는 만큼, 4분기에도 성장을 이어갈 전망이다.",
        "sentenceSize": 65
      },
      {
        "sentenceNo": 17,
        "sentenceContent": "CJ제일제당은 \\\"수익성 강화에 중점을 둔 '혁신성장'에 주력한 결과, 글로벌 위기 상황에도 꾸준한 성과를 냈다\\\"면서 \\\"핵심 제품과 사업에 역량을 집중하고 전략적 R&D투자 및 구조적 경쟁력 확보를 통해 미래 성장을 이어갈 것\\\"이라고 밝혔다.",
        "sentenceSize": 138
      }
    ]
  },
  "labeledDataInfo": {
    "newTitle": "CJ제일제당, 마침내 '혁신성장' 이룩한 비결은?",
    "clickbaitClass": 0,
    "referSentenceInfo": [
      {
        "sentenceNo": 1,
        "referSentenceyn": "N"
      },
      {
        "sentenceNo": 2,
        "referSentenceyn": "N"
      },
      {
        "sentenceNo": 3,
        "referSentenceyn": "N"
      },
      {
        "sentenceNo": 4,
        "referSentenceyn": "N"
      },
      {
        "sentenceNo": 5,
        "referSentenceyn": "N"
      },
      {
        "sentenceNo": 6,
        "referSentenceyn": "N"
      },
      {
        "sentenceNo": 7,
        "referSentenceyn": "N"
      },
      {
        "sentenceNo": 8,
        "referSentenceyn": "N"
      },
      {
        "sentenceNo": 9,
        "referSentenceyn": "N"
      },
      {
        "sentenceNo": 10,
        "referSentenceyn": "N"
      },
      {
        "sentenceNo": 11,
        "referSentenceyn": "N"
      },
      {
        "sentenceNo": 12,
        "referSentenceyn": "N"
      },
      {
        "sentenceNo": 13,
        "referSentenceyn": "N"
      },
      {
        "sentenceNo": 14,
        "referSentenceyn": "Y"
      },
      {
        "sentenceNo": 15,
        "referSentenceyn": "Y"
      },
      {
        "sentenceNo": 16,
        "referSentenceyn": "Y"
      },
      {
        "sentenceNo": 17,
        "referSentenceyn": "Y"
      }
    ]
  }
}