{
  "sourceDataInfo": {
    "newsID": "EC_M02_156536",
    "newsCategory": "경제",
    "newsSubcategory": "산업",
    "newsTitle": "SK, '이사회 역량지표' 도입… 최태원 회장도 평가받는다",
    "newsSubTitle": "이사진 전문성·지식 역량 현황표 BSM 도입 검토 중 사외·사내이사 모두 평가 대상… 투자자·주주와 공유 글로벌 수준의 지배구조 혁신으로 ESG 역량 강화",
    "newsContent": "SK그룹이 이사진의 역량을 측정해 공개하는 방안을 추진한다.\n이를 통해 사외이사들의 기업 경영이나 전문 지식 등의 역량을 투자자 등의 이해관계자들과 공유한다는 구상이다.\n28일 재계에 따르면, SK그룹의 투자형 지주회사 SK㈜는 '이사회 역량 현황표' (BSM) 도입을 검토하고 있다.\nBSM은 투자자들과 주주들이 이사회의 역량과 구성을 쉽게 알 수 있도록 이사회의 전문성을 시각 자료로 정리한일종의 현황표이다.\nBSM에는 주로 이사회 구성원들의 역량과 인종과 성별 등의 정보가 포함된다.\n다만 이사진 개개인에 대한 평가 기준을 세부적으로 공개하지는 않는다.\nSK㈜ 관계자는 데일리임팩트에 \\\"BSM 기반의 이사진 역량 측정 지표 도입을 고려하고 있다\\\"라며 \\\"다만, 점수 등으로 이사 개개인을 평가하기 보다는 주요 역량에 대한 측정의 성격이 강하다\\\"라고 밝혔다.\n이어 \\\"BSM 도입을 통해 보다 투명하게 회사의 경영 정보를 시장에 공유하고, 일반주주들이 낯설게 느낄 수 있는 이사회 구성 등을 알기 쉽게 공개할 수 있을 것\\\"이라고 밝혔다.\nSK㈜는 BSM 도입을 통해 ESG(환경·사회·지배구조) 경영을 실현한다는 구상이다.\n특히 사외이사의 고유 권한인 견제와 심의 기능을 강화하고, 글로벌 수준에 맞는 투명한 지배구조를 마련한다는 방침이다.\n실제로 SK㈜는 이사회 중심 경영을 골자로 하는 '거버넌스 스토리'에 따라 지난 2018년 '지배구조헌장'을 제정했다.\n지배구조헌장에는 주주의 권리, 이사회·감사기구의 역할 등 건전한 지배구조 확립을 위한 회사의 의무와 역할이 고루 담겼다.\n2019년에는 사외이사를 포함해 등기이사 누구나 이사회 의장을 맡을 수 있도록 자격 요건을 확대했다.\n이번 BSM 도입은 SK㈜ 사외이사들의 제안했고, 이를 최태원 SK그룹 회장이 동의하며 추진된 것으로 알려졌다.\n또한 평가 대상도 사외이사뿐만 아니라 사내 이사도 포함할 것으로 보인다.\n이에 따라 최 회장 역시 BSM 평가를 받게 될 전망이다.\n재계의 한 관계자는 데일리임팩트에 \\\"최 회장 역시 BSM 역량 측정 대상에 포함될 것으로 보인다\\\"라며 \\\"최 회장은 코카콜라나 마이크로소프트 등 글로벌 기업들의 BSM 도입 사례에 깊은 관심을 보여왔고, ESG 실현 의지를 여러 차례 강조한 바 있다\\\"라고 귀띔했다.\n재계는 SK㈜가 내달 3일 정기 주주총회에서 BSM과 관련한 세부 사안을 공개할 것이라고 전망하고 있다.\n아울러, SK㈜의 BSM 도입 이후, SK그룹 계열사들의 동참 여부에도 관심이 쏠리고 있다.",
    "partNum": "P1",
    "useType": 0,
    "processType": "D",
    "processPattern": "14",
    "processLevel": "중",
    "sentenceCount": 19,
    "sentenceInfo": [
      {
        "sentenceNo": 1,
        "sentenceContent": "SK그룹이 이사진의 역량을 측정해 공개하는 방안을 추진한다.",
        "sentenceSize": 33
      },
      {
        "sentenceNo": 2,
        "sentenceContent": "이를 통해 사외이사들의 기업 경영이나 전문 지식 등의 역량을 투자자 등의 이해관계자들과 공유한다는 구상이다.",
        "sentenceSize": 60
      },
      {
        "sentenceNo": 3,
        "sentenceContent": "28일 재계에 따르면, SK그룹의 투자형 지주회사 SK㈜는 '이사회 역량 현황표' (BSM) 도입을 검토하고 있다.",
        "sentenceSize": 64
      },
      {
        "sentenceNo": 4,
        "sentenceContent": "BSM은 투자자들과 주주들이 이사회의 역량과 구성을 쉽게 알 수 있도록 이사회의 전문성을 시각 자료로 정리한일종의 현황표이다.",
        "sentenceSize": 70
      },
      {
        "sentenceNo": 5,
        "sentenceContent": "BSM에는 주로 이사회 구성원들의 역량과 인종과 성별 등의 정보가 포함된다.",
        "sentenceSize": 42
      },
      {
        "sentenceNo": 6,
        "sentenceContent": "다만 이사진 개개인에 대한 평가 기준을 세부적으로 공개하지는 않는다.",
        "sentenceSize": 38
      },
      {
        "sentenceNo": 7,
        "sentenceContent": "SK㈜ 관계자는 데일리임팩트에 \\\"BSM 기반의 이사진 역량 측정 지표 도입을 고려하고 있다\\\"라며 \\\"다만, 점수 등으로 이사 개개인을 평가하기 보다는 주요 역량에 대한 측정의 성격이 강하다\\\"라고 밝혔다.",
        "sentenceSize": 116
      },
      {
        "sentenceNo": 8,
        "sentenceContent": "이어 \\\"BSM 도입을 통해 보다 투명하게 회사의 경영 정보를 시장에 공유하고, 일반주주들이 낯설게 느낄 수 있는 이사회 구성 등을 알기 쉽게 공개할 수 있을 것\\\"이라고 밝혔다.",
        "sentenceSize": 100
      },
      {
        "sentenceNo": 9,
        "sentenceContent": "SK㈜는 BSM 도입을 통해 ESG(환경·사회·지배구조) 경영을 실현한다는 구상이다.",
        "sentenceSize": 47
      },
      {
        "sentenceNo": 10,
        "sentenceContent": "특히 사외이사의 고유 권한인 견제와 심의 기능을 강화하고, 글로벌 수준에 맞는 투명한 지배구조를 마련한다는 방침이다.",
        "sentenceSize": 65
      },
      {
        "sentenceNo": 11,
        "sentenceContent": "실제로 SK㈜는 이사회 중심 경영을 골자로 하는 '거버넌스 스토리'에 따라 지난 2018년 '지배구조헌장'을 제정했다.",
        "sentenceSize": 66
      },
      {
        "sentenceNo": 12,
        "sentenceContent": "지배구조헌장에는 주주의 권리, 이사회·감사기구의 역할 등 건전한 지배구조 확립을 위한 회사의 의무와 역할이 고루 담겼다.",
        "sentenceSize": 67
      },
      {
        "sentenceNo": 13,
        "sentenceContent": "2019년에는 사외이사를 포함해 등기이사 누구나 이사회 의장을 맡을 수 있도록 자격 요건을 확대했다.",
        "sentenceSize": 56
      },
      {
        "sentenceNo": 14,
        "sentenceContent": "이번 BSM 도입은 SK㈜ 사외이사들의 제안했고, 이를 최태원 SK그룹 회장이 동의하며 추진된 것으로 알려졌다.",
        "sentenceSize": 62
      },
      {
        "sentenceNo": 15,
        "sentenceContent": "또한 평가 대상도 사외이사뿐만 아니라 사내 이사도 포함할 것으로 보인다.",
        "sentenceSize": 40
      },
      {
        "sentenceNo": 16,
        "sentenceContent": "이에 따라 최 회장 역시 BSM 평가를 받게 될 전망이다.",
        "sentenceSize": 32
      },
      {
        "sentenceNo": 17,
        "sentenceContent": "재계의 한 관계자는 데일리임팩트에 \\\"최 회장 역시 BSM 역량 측정 대상에 포함될 것으로 보인다\\\"라며 \\\"최 회장은 코카콜라나 마이크로소프트 등 글로벌 기업들의 BSM 도입 사례에 깊은 관심을 보여왔고, ESG 실현 의지를 여러 차례 강조한 바 있다\\\"라고 귀띔했다.",
        "sentenceSize": 151
      },
      {
        "sentenceNo": 18,
        "sentenceContent": "재계는 SK㈜가 내달 3일 정기 주주총회에서 BSM과 관련한 세부 사안을 공개할 것이라고 전망하고 있다.",
        "sentenceSize": 58
      },
      {
        "sentenceNo": 19,
        "sentenceContent": "아울러, SK㈜의 BSM 도입 이후, SK그룹 계열사들의 동참 여부에도 관심이 쏠리고 있다.",
        "sentenceSize": 51
      }
    ]
  },
  "labeledDataInfo": {
    "newTitle": "SK그룹, 이사진의 역량을 측정해 공개하는 방안을 추진 대박... ",
    "clickbaitClass": 0,
    "referSentenceInfo": [
      {
        "sentenceNo": 1,
        "referSentenceyn": "Y"
      },
      {
        "sentenceNo": 2,
        "referSentenceyn": "N"
      },
      {
        "sentenceNo": 3,
        "referSentenceyn": "N"
      },
      {
        "sentenceNo": 4,
        "referSentenceyn": "N"
      },
      {
        "sentenceNo": 5,
        "referSentenceyn": "N"
      },
      {
        "sentenceNo": 6,
        "referSentenceyn": "N"
      },
      {
        "sentenceNo": 7,
        "referSentenceyn": "N"
      },
      {
        "sentenceNo": 8,
        "referSentenceyn": "N"
      },
      {
        "sentenceNo": 9,
        "referSentenceyn": "N"
      },
      {
        "sentenceNo": 10,
        "referSentenceyn": "N"
      },
      {
        "sentenceNo": 11,
        "referSentenceyn": "N"
      },
      {
        "sentenceNo": 12,
        "referSentenceyn": "N"
      },
      {
        "sentenceNo": 13,
        "referSentenceyn": "N"
      },
      {
        "sentenceNo": 14,
        "referSentenceyn": "N"
      },
      {
        "sentenceNo": 15,
        "referSentenceyn": "N"
      },
      {
        "sentenceNo": 16,
        "referSentenceyn": "N"
      },
      {
        "sentenceNo": 17,
        "referSentenceyn": "N"
      },
      {
        "sentenceNo": 18,
        "referSentenceyn": "N"
      },
      {
        "sentenceNo": 19,
        "referSentenceyn": "N"
      }
    ]
  }
}