{
  "sourceDataInfo": {
    "newsID": "EC_M02_160632",
    "newsCategory": "경제",
    "newsSubcategory": "산업",
    "newsTitle": "'롤의 전설' 페이커, 카카오페이지 웹툰으로 등장",
    "newsSubTitle": "카카오엔터, 게임과 웹툰 결합해 현실과 게임 경계 허무는 콘텐츠 경쟁력 갖춘다",
    "newsContent": "카카오엔터테인먼트는 게임 '리그 오브 레전드'(이하 롤)의 대표 프로게이머 페이커를 모티브로 한 웹툰 '더 챌린저'를 제작해 카카오페이지에서 공개했다고 24일 밝혔다.\n카카오엔터는 게임·영화·드라마 등 콘텐츠 간의 벽을 허무는 웹툰 콘텐츠 제작을 통해 콘텐츠 경쟁력을 확보하겠다는 전략이다.\n더 챌린저에는 유명 롤 프로게이머 페이커를 모티브로 제작된 캐릭터가 등장한다.\n이 캐릭터는 주인공 '박노아'를 도와 그를 프로게이머로 성장시키는 교수 역할이다.\n이 작품은 주인공이 현실의 좌절과 고난을 이겨내고, 한 분야에서 최고의 인물로 성장하는 스토리를 담고 있어, 게임이 익숙하지 않은 독자도 부담없이 즐길 수 있다.\n더 챌린저는 페이커의 실제 소속사인 T1에서 기획했으며, 카카오엔터테인먼트의 인기 IP(지식재산권) '나 혼자만 레벨업', '템빨' 등의 작품을 만든 레드아이스튜디오가 제작을 맡았다.\n페이커는 \\\"게임과 나를 소재로 한 웹툰을 보는 것은 매우 신선한 경험\\\"이라며 \\\"소속사와 다양한 논의를 거쳐 더 챌린저가 탄생했다. 많은 기대를 부탁드린다\\\"고 말했다.\n카카오엔터는 최근 출판만화, 게임 등을 웹툰과 결합시키는 다양한 시도를 내놓고 있다.\n카카오엔터는 카카오페이지를 통해 '원더우먼' '배트맨' '슈퍼맨' '저스티스 리그' 등 DC코믹스 출판만화 작품을 웹툰 방식으로 제공하고 있다.\n또한 드라마와 영화 등 다양한 콘텐츠도 웹툰으로 선보이고 있다.\n카카오엔터 관계자는 데일리임팩트에 \\\"회사는 이번 더 챌린저 외에도 인기 게임 롤을 소재로 한 작품 역시 연재하고 있다\\\"며 \\\"앞으로도 웹툰을 중심으로 한 다채롭고 신선한 콘텐츠 실험을 꾸준히 이어가겠다\\\"고 밝혔다.",
    "partNum": "P1",
    "useType": 0,
    "processType": "D",
    "processPattern": "15",
    "processLevel": "중",
    "sentenceCount": 11,
    "sentenceInfo": [
      {
        "sentenceNo": 1,
        "sentenceContent": "카카오엔터테인먼트는 게임 '리그 오브 레전드'(이하 롤)의 대표 프로게이머 페이커를 모티브로 한 웹툰 '더 챌린저'를 제작해 카카오페이지에서 공개했다고 24일 밝혔다.",
        "sentenceSize": 93
      },
      {
        "sentenceNo": 2,
        "sentenceContent": "카카오엔터는 게임·영화·드라마 등 콘텐츠 간의 벽을 허무는 웹툰 콘텐츠 제작을 통해 콘텐츠 경쟁력을 확보하겠다는 전략이다.",
        "sentenceSize": 68
      },
      {
        "sentenceNo": 3,
        "sentenceContent": "더 챌린저에는 유명 롤 프로게이머 페이커를 모티브로 제작된 캐릭터가 등장한다.",
        "sentenceSize": 43
      },
      {
        "sentenceNo": 4,
        "sentenceContent": "이 캐릭터는 주인공 '박노아'를 도와 그를 프로게이머로 성장시키는 교수 역할이다.",
        "sentenceSize": 45
      },
      {
        "sentenceNo": 5,
        "sentenceContent": "이 작품은 주인공이 현실의 좌절과 고난을 이겨내고, 한 분야에서 최고의 인물로 성장하는 스토리를 담고 있어, 게임이 익숙하지 않은 독자도 부담없이 즐길 수 있다.",
        "sentenceSize": 90
      },
      {
        "sentenceNo": 6,
        "sentenceContent": "더 챌린저는 페이커의 실제 소속사인 T1에서 기획했으며, 카카오엔터테인먼트의 인기 IP(지식재산권) '나 혼자만 레벨업', '템빨' 등의 작품을 만든 레드아이스튜디오가 제작을 맡았다.",
        "sentenceSize": 102
      },
      {
        "sentenceNo": 7,
        "sentenceContent": "페이커는 \\\"게임과 나를 소재로 한 웹툰을 보는 것은 매우 신선한 경험\\\"이라며 \\\"소속사와 다양한 논의를 거쳐 더 챌린저가 탄생했다. 많은 기대를 부탁드린다\\\"고 말했다.",
        "sentenceSize": 96
      },
      {
        "sentenceNo": 8,
        "sentenceContent": "카카오엔터는 최근 출판만화, 게임 등을 웹툰과 결합시키는 다양한 시도를 내놓고 있다.",
        "sentenceSize": 47
      },
      {
        "sentenceNo": 9,
        "sentenceContent": "카카오엔터는 카카오페이지를 통해 '원더우먼' '배트맨' '슈퍼맨' '저스티스 리그' 등 DC코믹스 출판만화 작품을 웹툰 방식으로 제공하고 있다.",
        "sentenceSize": 80
      },
      {
        "sentenceNo": 10,
        "sentenceContent": "또한 드라마와 영화 등 다양한 콘텐츠도 웹툰으로 선보이고 있다.",
        "sentenceSize": 35
      },
      {
        "sentenceNo": 11,
        "sentenceContent": "카카오엔터 관계자는 데일리임팩트에 \\\"회사는 이번 더 챌린저 외에도 인기 게임 롤을 소재로 한 작품 역시 연재하고 있다\\\"며 \\\"앞으로도 웹툰을 중심으로 한 다채롭고 신선한 콘텐츠 실험을 꾸준히 이어가겠다\\\"고 밝혔다.",
        "sentenceSize": 122
      }
    ]
  },
  "labeledDataInfo": {
    "newTitle": "카카오엔터, 콘텐츠 간 장벽 허물어... 조회수 70억 노린다",
    "clickbaitClass": 0,
    "referSentenceInfo": [
      {
        "sentenceNo": 1,
        "referSentenceyn": "N"
      },
      {
        "sentenceNo": 2,
        "referSentenceyn": "Y"
      },
      {
        "sentenceNo": 3,
        "referSentenceyn": "N"
      },
      {
        "sentenceNo": 4,
        "referSentenceyn": "N"
      },
      {
        "sentenceNo": 5,
        "referSentenceyn": "N"
      },
      {
        "sentenceNo": 6,
        "referSentenceyn": "N"
      },
      {
        "sentenceNo": 7,
        "referSentenceyn": "N"
      },
      {
        "sentenceNo": 8,
        "referSentenceyn": "N"
      },
      {
        "sentenceNo": 9,
        "referSentenceyn": "N"
      },
      {
        "sentenceNo": 10,
        "referSentenceyn": "N"
      },
      {
        "sentenceNo": 11,
        "referSentenceyn": "N"
      }
    ]
  }
}