{
  "sourceDataInfo": {
    "newsID": "EC_M02_160549",
    "newsCategory": "경제",
    "newsSubcategory": "일반",
    "newsTitle": "수자원공사, 2441억원 받을 수 있을까…17개 건설사와 4대강 담합 소송",
    "newsSubTitle": "",
    "newsContent": "한국수자원공사가 GS건설과 대우건설 등 17개 건설업체에 제기한 4대강 사업담합에 대한 손해배상 소송이 지지부진한 상태다.\n소송에 휘말린 각 건설사는 대체로 1심이 아직 끝나지 않았기 때문에 섣불리 판단을 예측할 수 없다는 분위기다.\n16일 건설업계에 따르면 다음 달 17일 수자원공사와 건설사 간 4대강 사업 손해배상에 대한 변론기일이 예정돼 있다.\n4대강 사업 입찰 담합에 대한 법적 공방은 당시 건설사들이 공사구간을 나눠 먹기로 담합해 높은 낙찰가에 공사를 따내고 혈세를 낭비했다는 문제의식으로부터 출발했다.\n하지만 건설업계에서는 당시 국가에서 대대적으로 하는 사업이었기 때문에 오히려 손해를 보면서도 참여할 수밖에 없었다는 입장이어서 진실 유무를 가리기 위한 소송이 몇 년째 진행돼오고 있다.\n앞서 수자원공사는 17개 업체가 담합한 결과로 인해 4대강 사업 공사비가 늘어나 발주처인 수자원공사가 손해를 입었으니 손해배상을 하라며 지난해 12월 소송을 제기했다.\n수자원공사가 재판에서 승리할 것을 가정한 원고소가는 2441억1683만1966원으로 책정돼 있다.\n수자원공사는17개 업체가 지난 2009년 10월 16일부터 이 사건 청구취지 및 원인변경신청서 최종 송달일까지 연 5%, 그 다음 날부터 작년 5월 31일까지 연 15%, 작년 6월 1일부터 다 갚는 날까지 연 12%의 비율로 계산한 돈을 지급하는 것과 소송비용을 피고들이 부담해야 한다고 요구하고 있다.\n17개 업체는 경남기업, 계룡건설산업, 금호산업, 대림산업, 대우건설, 삼성물산, 삼환기업, 쌍용건설, SK건설, 코오롱글로벌, 포스코건설, 한진중공업, 한화건설, 현대건설, HDC현대산업개발 등이다.\n17개 건설사 가운데 이번 소송 관련 내용을 공시한 업체는 GS건설과 대우건설 2개사가 눈에 띈다.\nGS건설은 961억3259만원, 대우건설은 702억5155만원으로 두 건설사만 1664억원에 이른다.\n현재 소송에 휘말린 대다수 건설사는 진행 중인 재판과 관련 아직 1심 단계여서 말을 아끼는 상황인 것으로 해석된다.\n대형건설업체의 관계자는 미디어SR에 \\\"이번 재판의 경우, 아직까지 1심 변론이 속행 중\\\"이라며 \\\"1심 결과가 나와야 검토 후 항소 여부를 정할 수 있을 것\\\"이라고 말했다.\n또 다른 건설업체 관계자는 미디어SR에 \\\"현재 재판 중인 사안에 대해 속단할 수 는 없다\\\"고 신중한 태도를 나타냈다.\n한편 4대강 사업은 이명박 정부가 추진했던 대대적인 사업으로 하천 저수량을 늘리고 하천 생태계를 복원하기 위해 한강, 낙동강, 금강, 영산강의 4대강을 준설하고 친환경 보를 설치하는 것을 골자로 하며, 2013년 초 완료됐다.\n수자원공사의 4대강 관련 소송은 지난해 9월 19일 한 차례 재판이 열렸고, 지난달 22일을 거쳐 다음 달 17일 다시 한 번 재판이 속개될 예정이다.",
    "partNum": "P1",
    "useType": 0,
    "processType": "D",
    "processPattern": "15",
    "processLevel": "중",
    "sentenceCount": 16,
    "sentenceInfo": [
      {
        "sentenceNo": 1,
        "sentenceContent": "한국수자원공사가 GS건설과 대우건설 등 17개 건설업체에 제기한 4대강 사업담합에 대한 손해배상 소송이 지지부진한 상태다.",
        "sentenceSize": 68
      },
      {
        "sentenceNo": 2,
        "sentenceContent": "소송에 휘말린 각 건설사는 대체로 1심이 아직 끝나지 않았기 때문에 섣불리 판단을 예측할 수 없다는 분위기다.",
        "sentenceSize": 61
      },
      {
        "sentenceNo": 3,
        "sentenceContent": "16일 건설업계에 따르면 다음 달 17일 수자원공사와 건설사 간 4대강 사업 손해배상에 대한 변론기일이 예정돼 있다.",
        "sentenceSize": 65
      },
      {
        "sentenceNo": 4,
        "sentenceContent": "4대강 사업 입찰 담합에 대한 법적 공방은 당시 건설사들이 공사구간을 나눠 먹기로 담합해 높은 낙찰가에 공사를 따내고 혈세를 낭비했다는 문제의식으로부터 출발했다.",
        "sentenceSize": 90
      },
      {
        "sentenceNo": 5,
        "sentenceContent": "하지만 건설업계에서는 당시 국가에서 대대적으로 하는 사업이었기 때문에 오히려 손해를 보면서도 참여할 수밖에 없었다는 입장이어서 진실 유무를 가리기 위한 소송이 몇 년째 진행돼오고 있다.",
        "sentenceSize": 103
      },
      {
        "sentenceNo": 6,
        "sentenceContent": "앞서 수자원공사는 17개 업체가 담합한 결과로 인해 4대강 사업 공사비가 늘어나 발주처인 수자원공사가 손해를 입었으니 손해배상을 하라며 지난해 12월 소송을 제기했다.",
        "sentenceSize": 93
      },
      {
        "sentenceNo": 7,
        "sentenceContent": "수자원공사가 재판에서 승리할 것을 가정한 원고소가는 2441억1683만1966원으로 책정돼 있다.",
        "sentenceSize": 54
      },
      {
        "sentenceNo": 8,
        "sentenceContent": "수자원공사는17개 업체가 지난 2009년 10월 16일부터 이 사건 청구취지 및 원인변경신청서 최종 송달일까지 연 5%, 그 다음 날부터 작년 5월 31일까지 연 15%, 작년 6월 1일부터 다 갚는 날까지 연 12%의 비율로 계산한 돈을 지급하는 것과 소송비용을 피고들이 부담해야 한다고 요구하고 있다.",
        "sentenceSize": 170
      },
      {
        "sentenceNo": 9,
        "sentenceContent": "17개 업체는 경남기업, 계룡건설산업, 금호산업, 대림산업, 대우건설, 삼성물산, 삼환기업, 쌍용건설, SK건설, 코오롱글로벌, 포스코건설, 한진중공업, 한화건설, 현대건설, HDC현대산업개발 등이다.",
        "sentenceSize": 112
      },
      {
        "sentenceNo": 10,
        "sentenceContent": "17개 건설사 가운데 이번 소송 관련 내용을 공시한 업체는 GS건설과 대우건설 2개사가 눈에 띈다.",
        "sentenceSize": 55
      },
      {
        "sentenceNo": 11,
        "sentenceContent": "GS건설은 961억3259만원, 대우건설은 702억5155만원으로 두 건설사만 1664억원에 이른다.",
        "sentenceSize": 56
      },
      {
        "sentenceNo": 12,
        "sentenceContent": "현재 소송에 휘말린 대다수 건설사는 진행 중인 재판과 관련 아직 1심 단계여서 말을 아끼는 상황인 것으로 해석된다.",
        "sentenceSize": 64
      },
      {
        "sentenceNo": 13,
        "sentenceContent": "대형건설업체의 관계자는 미디어SR에 \\\"이번 재판의 경우, 아직까지 1심 변론이 속행 중\\\"이라며 \\\"1심 결과가 나와야 검토 후 항소 여부를 정할 수 있을 것\\\"이라고 말했다.",
        "sentenceSize": 99
      },
      {
        "sentenceNo": 14,
        "sentenceContent": "또 다른 건설업체 관계자는 미디어SR에 \\\"현재 재판 중인 사안에 대해 속단할 수 는 없다\\\"고 신중한 태도를 나타냈다.",
        "sentenceSize": 67
      },
      {
        "sentenceNo": 15,
        "sentenceContent": "한편 4대강 사업은 이명박 정부가 추진했던 대대적인 사업으로 하천 저수량을 늘리고 하천 생태계를 복원하기 위해 한강, 낙동강, 금강, 영산강의 4대강을 준설하고 친환경 보를 설치하는 것을 골자로 하며, 2013년 초 완료됐다.",
        "sentenceSize": 126
      },
      {
        "sentenceNo": 16,
        "sentenceContent": "수자원공사의 4대강 관련 소송은 지난해 9월 19일 한 차례 재판이 열렸고, 지난달 22일을 거쳐 다음 달 17일 다시 한 번 재판이 속개될 예정이다.",
        "sentenceSize": 84
      }
    ]
  },
  "labeledDataInfo": {
    "newTitle": "수자원공사, 2,441억 원 받을 수 있을까… 원고 소가 역대 최고 찍었다",
    "clickbaitClass": 0,
    "referSentenceInfo": [
      {
        "sentenceNo": 1,
        "referSentenceyn": "N"
      },
      {
        "sentenceNo": 2,
        "referSentenceyn": "N"
      },
      {
        "sentenceNo": 3,
        "referSentenceyn": "N"
      },
      {
        "sentenceNo": 4,
        "referSentenceyn": "N"
      },
      {
        "sentenceNo": 5,
        "referSentenceyn": "N"
      },
      {
        "sentenceNo": 6,
        "referSentenceyn": "N"
      },
      {
        "sentenceNo": 7,
        "referSentenceyn": "Y"
      },
      {
        "sentenceNo": 8,
        "referSentenceyn": "N"
      },
      {
        "sentenceNo": 9,
        "referSentenceyn": "N"
      },
      {
        "sentenceNo": 10,
        "referSentenceyn": "N"
      },
      {
        "sentenceNo": 11,
        "referSentenceyn": "N"
      },
      {
        "sentenceNo": 12,
        "referSentenceyn": "N"
      },
      {
        "sentenceNo": 13,
        "referSentenceyn": "N"
      },
      {
        "sentenceNo": 14,
        "referSentenceyn": "N"
      },
      {
        "sentenceNo": 15,
        "referSentenceyn": "N"
      },
      {
        "sentenceNo": 16,
        "referSentenceyn": "N"
      }
    ]
  }
}