{
  "sourceDataInfo": {
    "newsID": "EC_M02_156012",
    "newsCategory": "경제",
    "newsSubcategory": "건설부동산",
    "newsTitle": "중흥건설, 로봇개로 안전사고 방지한다",
    "newsSubTitle": "공사현장 안전점검 로봇개(스팟) 시연",
    "newsContent": "중흥건설이 디지털 기술을 바탕으로 건설현장 안전관리에 힘쓰고 있다.\n중흥건설은 25일 광주광역시 임동 공사현장에서 로봇개(스팟) 시연 행사를 실시했다.\n이번 행사는 최근 시행된 중대재해처벌법에 대한 대응 체계를 구축하고 공사현장에서 발생할 수 있는 안전사고를 최소화하기 위한 취지다.\n로봇개는 현장 곳곳의 상황을 실시간으로 촬영해 현장사무실과 본사에 전송하는 시스템을 갖췄다.\n이에 따라 언제든지 현장 파악이 가능하며 이상 발견 즉시 각종 안전사고를 미연에 방지할 수 있다.\n중흥건설 관계자는 데일리임팩트에 \\\"일일이 인력이 미치지 못하는 시간대나 장소 등을 로봇개를 통해 실시간으로 확인하고 조치할 수 있다는 점에서 매우 유익한 장비로 평가된다\\\"라고 밝혔다.",
    "partNum": "P1",
    "useType": 0,
    "processType": "D",
    "processPattern": "16",
    "processLevel": "상",
    "sentenceCount": 6,
    "sentenceInfo": [
      {
        "sentenceNo": 1,
        "sentenceContent": "중흥건설이 디지털 기술을 바탕으로 건설현장 안전관리에 힘쓰고 있다.",
        "sentenceSize": 37
      },
      {
        "sentenceNo": 2,
        "sentenceContent": "중흥건설은 25일 광주광역시 임동 공사현장에서 로봇개(스팟) 시연 행사를 실시했다.",
        "sentenceSize": 46
      },
      {
        "sentenceNo": 3,
        "sentenceContent": "이번 행사는 최근 시행된 중대재해처벌법에 대한 대응 체계를 구축하고 공사현장에서 발생할 수 있는 안전사고를 최소화하기 위한 취지다.",
        "sentenceSize": 73
      },
      {
        "sentenceNo": 4,
        "sentenceContent": "로봇개는 현장 곳곳의 상황을 실시간으로 촬영해 현장사무실과 본사에 전송하는 시스템을 갖췄다.",
        "sentenceSize": 51
      },
      {
        "sentenceNo": 5,
        "sentenceContent": "이에 따라 언제든지 현장 파악이 가능하며 이상 발견 즉시 각종 안전사고를 미연에 방지할 수 있다.",
        "sentenceSize": 54
      },
      {
        "sentenceNo": 6,
        "sentenceContent": "중흥건설 관계자는 데일리임팩트에 \\\"일일이 인력이 미치지 못하는 시간대나 장소 등을 로봇개를 통해 실시간으로 확인하고 조치할 수 있다는 점에서 매우 유익한 장비로 평가된다\\\"라고 밝혔다.",
        "sentenceSize": 104
      }
    ]
  },
  "labeledDataInfo": {
    "newTitle": "'강아지, 반려동물 넘어 안전지킴이로?'... 중흥건설, 사고 방지를 위한 시스템 시연",
    "clickbaitClass": 0,
    "referSentenceInfo": [
      {
        "sentenceNo": 1,
        "referSentenceyn": "N"
      },
      {
        "sentenceNo": 2,
        "referSentenceyn": "N"
      },
      {
        "sentenceNo": 3,
        "referSentenceyn": "N"
      },
      {
        "sentenceNo": 4,
        "referSentenceyn": "Y"
      },
      {
        "sentenceNo": 5,
        "referSentenceyn": "N"
      },
      {
        "sentenceNo": 6,
        "referSentenceyn": "N"
      }
    ]
  }
}