{
  "sourceDataInfo": {
    "newsID": "EC_M02_157768",
    "newsCategory": "경제",
    "newsSubcategory": "일반",
    "newsTitle": "경실련 \\\"LH 임직원, 공공주택 분양으로 수억원 차익\\\"...LH \\\"법적 절차 준수\\\"",
    "newsSubTitle": "",
    "newsContent": "한국토지주택공사(LH) 임직원들이 수년간 공공주택을 분양받아 수억원의 시세 차액을 실현했다는 시민단체의 주장이 나온 가운데, LH는 법적 절차에 문제가 없다고 해명하고 나섰다.\n경제정의실천시민연합(경실련)은 10일 국민의힘 권영세 의원실 등으로부터 받은 자료를 분석하고, LH 임직원들이 계약한 공공주택 현황을 조사해 발표했다.\n분석 대상은 지난 10년간 LH 임직원 1379명이 입주한 공공주택 202개 단지의 분양가와 시세 등이다.\n최초 분양가 자료가 확보되지 않는 단지와 공공임대인 경우 분석에서 제외했다.\n조사 결과 10년간 아파트값 상승으로 LH 임직원들이 거둬들인 시세 차액은 총 3339억원으로 집계됐다.\n호당 평균 2억2000만원에 분양된 아파트는 지난 4월 기준 평균 4억6000억원으로 올라 2억4000만원의 차액이 발생한 것으로 나타났다.\n경실련에 따르면 가장 큰 차액을 본 단지는 서울 강남지구의 세곡푸르지오로 호당 12억원씩 올랐다.\n임직원 5명이 1채당 3억원에 분양받은 이 단지는 올해 15억원으로 5배 올랐다.\n단지별로 계산해보면 계약자 수가 많은 경남혁신도시의 시세 차액 총액이 가장 컸다.\n경남혁신도시 LH4단지는 시세 차액이 1채당 1억7000만원인데 임직원 169명이 분양받아 총 290억원의 차액을 남겼다.\n경실련은 참여정부의 공기업 지방 이전 정책에 따라 LH가 경남혁신도시로 이전하며 많은 임직원이 특별분양을 받아 이런 결과가 나타난 것으로 보인다며 실거주 여부 등을 조사해봐야 한다고 촉구했다.\n경실련은 \\\"지금의 공공주택사업은 공기업 직원들의 투기판이라고 해도 과언이 아니다\\\"며 \\\"LH 임직원들이 적법하게 분양받았는지 전수조사를 해야 한다\\\"고 주장했다.\nLH의 한 관계자는 이에 대해 미디어SR에 \\\"LH 직원도 임대주택 공급 당시 일반 입주자와 동일하게 법상 청약 자격을 충족해 입주했다\\\"면서 \\\"절차를 준수해 입주 후 분양전환 계약을 체결한 것\\\"이라고 해명했다.\n이 관계자는 또한 \\\"임직원이 주로 거주 후 분양 전환한 판교·광교의 중대형 10년 공공임대주택은 중산층을 대상으로 정책이 시행됐다\\\"면서 \\\"이같은 이유로 인해 청약이나 거주 및 분양전환시 주택소유, 소득, 자산 수준 등에 제한이 없었다\\\"고 강조했다.",
    "partNum": "P1",
    "useType": 0,
    "processType": "D",
    "processPattern": "11",
    "processLevel": "하",
    "sentenceCount": 14,
    "sentenceInfo": [
      {
        "sentenceNo": 1,
        "sentenceContent": "한국토지주택공사(LH) 임직원들이 수년간 공공주택을 분양받아 수억원의 시세 차액을 실현했다는 시민단체의 주장이 나온 가운데, LH는 법적 절차에 문제가 없다고 해명하고 나섰다.",
        "sentenceSize": 98
      },
      {
        "sentenceNo": 2,
        "sentenceContent": "경제정의실천시민연합(경실련)은 10일 국민의힘 권영세 의원실 등으로부터 받은 자료를 분석하고, LH 임직원들이 계약한 공공주택 현황을 조사해 발표했다.",
        "sentenceSize": 84
      },
      {
        "sentenceNo": 3,
        "sentenceContent": "분석 대상은 지난 10년간 LH 임직원 1379명이 입주한 공공주택 202개 단지의 분양가와 시세 등이다.",
        "sentenceSize": 59
      },
      {
        "sentenceNo": 4,
        "sentenceContent": "최초 분양가 자료가 확보되지 않는 단지와 공공임대인 경우 분석에서 제외했다.",
        "sentenceSize": 42
      },
      {
        "sentenceNo": 5,
        "sentenceContent": "조사 결과 10년간 아파트값 상승으로 LH 임직원들이 거둬들인 시세 차액은 총 3339억원으로 집계됐다.",
        "sentenceSize": 58
      },
      {
        "sentenceNo": 6,
        "sentenceContent": "호당 평균 2억2000만원에 분양된 아파트는 지난 4월 기준 평균 4억6000억원으로 올라 2억4000만원의 차액이 발생한 것으로 나타났다.",
        "sentenceSize": 78
      },
      {
        "sentenceNo": 7,
        "sentenceContent": "경실련에 따르면 가장 큰 차액을 본 단지는 서울 강남지구의 세곡푸르지오로 호당 12억원씩 올랐다.",
        "sentenceSize": 54
      },
      {
        "sentenceNo": 8,
        "sentenceContent": "임직원 5명이 1채당 3억원에 분양받은 이 단지는 올해 15억원으로 5배 올랐다.",
        "sentenceSize": 45
      },
      {
        "sentenceNo": 9,
        "sentenceContent": "단지별로 계산해보면 계약자 수가 많은 경남혁신도시의 시세 차액 총액이 가장 컸다.",
        "sentenceSize": 45
      },
      {
        "sentenceNo": 10,
        "sentenceContent": "경남혁신도시 LH4단지는 시세 차액이 1채당 1억7000만원인데 임직원 169명이 분양받아 총 290억원의 차액을 남겼다.",
        "sentenceSize": 68
      },
      {
        "sentenceNo": 11,
        "sentenceContent": "경실련은 참여정부의 공기업 지방 이전 정책에 따라 LH가 경남혁신도시로 이전하며 많은 임직원이 특별분양을 받아 이런 결과가 나타난 것으로 보인다며 실거주 여부 등을 조사해봐야 한다고 촉구했다.",
        "sentenceSize": 107
      },
      {
        "sentenceNo": 12,
        "sentenceContent": "경실련은 \\\"지금의 공공주택사업은 공기업 직원들의 투기판이라고 해도 과언이 아니다\\\"며 \\\"LH 임직원들이 적법하게 분양받았는지 전수조사를 해야 한다\\\"고 주장했다.",
        "sentenceSize": 92
      },
      {
        "sentenceNo": 13,
        "sentenceContent": "LH의 한 관계자는 이에 대해 미디어SR에 \\\"LH 직원도 임대주택 공급 당시 일반 입주자와 동일하게 법상 청약 자격을 충족해 입주했다\\\"면서 \\\"절차를 준수해 입주 후 분양전환 계약을 체결한 것\\\"이라고 해명했다.",
        "sentenceSize": 120
      },
      {
        "sentenceNo": 14,
        "sentenceContent": "이 관계자는 또한 \\\"임직원이 주로 거주 후 분양 전환한 판교·광교의 중대형 10년 공공임대주택은 중산층을 대상으로 정책이 시행됐다\\\"면서 \\\"이같은 이유로 인해 청약이나 거주 및 분양전환시 주택소유, 소득, 자산 수준 등에 제한이 없었다\\\"고 강조했다.",
        "sentenceSize": 142
      }
    ]
  },
  "labeledDataInfo": {
    "newTitle": "LH 임직원, 공공주택 분양으로 수억원 차익, 법적 절차 문제 없다는데 사실일까?",
    "clickbaitClass": 0,
    "referSentenceInfo": [
      {
        "sentenceNo": 1,
        "referSentenceyn": "Y"
      },
      {
        "sentenceNo": 2,
        "referSentenceyn": "N"
      },
      {
        "sentenceNo": 3,
        "referSentenceyn": "N"
      },
      {
        "sentenceNo": 4,
        "referSentenceyn": "N"
      },
      {
        "sentenceNo": 5,
        "referSentenceyn": "N"
      },
      {
        "sentenceNo": 6,
        "referSentenceyn": "N"
      },
      {
        "sentenceNo": 7,
        "referSentenceyn": "N"
      },
      {
        "sentenceNo": 8,
        "referSentenceyn": "N"
      },
      {
        "sentenceNo": 9,
        "referSentenceyn": "N"
      },
      {
        "sentenceNo": 10,
        "referSentenceyn": "N"
      },
      {
        "sentenceNo": 11,
        "referSentenceyn": "N"
      },
      {
        "sentenceNo": 12,
        "referSentenceyn": "N"
      },
      {
        "sentenceNo": 13,
        "referSentenceyn": "N"
      },
      {
        "sentenceNo": 14,
        "referSentenceyn": "N"
      }
    ]
  }
}