{
  "sourceDataInfo": {
    "newsID": "EC_M02_156552",
    "newsCategory": "경제",
    "newsSubcategory": "건설부동산",
    "newsTitle": "DL이앤씨 e편한세상, 5월 옥정신도시 마지막 일반분양",
    "newsSubTitle": "‘e편한세상 옥정 리더스가든’ GTX 수혜 예상 등",
    "newsContent": "DL이앤씨는 오는 5월 중 경기도 양주시 옥정동 옥정신도시 일원에 'e편한세상 옥정 리더스가든'을 분양할 예정이라고 21일 밝혔다.\n해당 단지는 지하 1층에서 지상 27층 14개 동 규모에 전용면적 84·99㎡ 총 938세대로 구성된다.\ne편한세상 옥정 리더스가든은 지하철 7호선 연장과 수도권광역급행철도(GTX) C노선 교통 호재로 미래가치가 더욱 기대되는 양주 옥정신도시에 위치한다.\n양주 옥정신도시에는 e편한세상 브랜드 아파트 5525세대가 이미 입주를 완료해 이번 분양으로 총 6463세대 규모의 브랜드타운 효과가 기대된다.\n해당 단지에는 양주 옥정신도시 최초로 e편한세상만의 라이프스타일 맞춤 주거 플랫폼 'C2 하우스'가 적용된다.\ne편한세상 옥정 리더스가든은 대규모 택지개발지구에 조성돼 분양가 상한제가 적용된다.\n수도권 택지개발지구로 조성되기에 양주시 외 서울과 수도권에서도 1순위 청약이 가능하다.\n전용면적 85㎡를 초과하는 물량도 포함돼 가점이 낮거나 1주택자여도 추첨제로 1순위 청약이 가능하다.\n입주는 오는 2024년 5월 예정이다.\ne편한세상 옥정 리더스가든 분양 관계자는 데일리임팩트에 \\\"완성형 신도시로 거듭난 양주 옥정신도시에서 마지막으로 일반분양하는 e편한세상 브랜드라는 점에서 수요자들의 관심이 뜨거울 전망\\\"이라고 내다봤다.",
    "partNum": "P1",
    "useType": 0,
    "processType": "D",
    "processPattern": "14",
    "processLevel": "중",
    "sentenceCount": 10,
    "sentenceInfo": [
      {
        "sentenceNo": 1,
        "sentenceContent": "DL이앤씨는 오는 5월 중 경기도 양주시 옥정동 옥정신도시 일원에 'e편한세상 옥정 리더스가든'을 분양할 예정이라고 21일 밝혔다.",
        "sentenceSize": 73
      },
      {
        "sentenceNo": 2,
        "sentenceContent": "해당 단지는 지하 1층에서 지상 27층 14개 동 규모에 전용면적 84·99㎡ 총 938세대로 구성된다.",
        "sentenceSize": 58
      },
      {
        "sentenceNo": 3,
        "sentenceContent": "e편한세상 옥정 리더스가든은 지하철 7호선 연장과 수도권광역급행철도(GTX) C노선 교통 호재로 미래가치가 더욱 기대되는 양주 옥정신도시에 위치한다.",
        "sentenceSize": 83
      },
      {
        "sentenceNo": 4,
        "sentenceContent": "양주 옥정신도시에는 e편한세상 브랜드 아파트 5525세대가 이미 입주를 완료해 이번 분양으로 총 6463세대 규모의 브랜드타운 효과가 기대된다.",
        "sentenceSize": 80
      },
      {
        "sentenceNo": 5,
        "sentenceContent": "해당 단지에는 양주 옥정신도시 최초로 e편한세상만의 라이프스타일 맞춤 주거 플랫폼 'C2 하우스'가 적용된다.",
        "sentenceSize": 61
      },
      {
        "sentenceNo": 6,
        "sentenceContent": "e편한세상 옥정 리더스가든은 대규모 택지개발지구에 조성돼 분양가 상한제가 적용된다.",
        "sentenceSize": 46
      },
      {
        "sentenceNo": 7,
        "sentenceContent": "수도권 택지개발지구로 조성되기에 양주시 외 서울과 수도권에서도 1순위 청약이 가능하다.",
        "sentenceSize": 48
      },
      {
        "sentenceNo": 8,
        "sentenceContent": "전용면적 85㎡를 초과하는 물량도 포함돼 가점이 낮거나 1주택자여도 추첨제로 1순위 청약이 가능하다.",
        "sentenceSize": 56
      },
      {
        "sentenceNo": 9,
        "sentenceContent": "입주는 오는 2024년 5월 예정이다.",
        "sentenceSize": 21
      },
      {
        "sentenceNo": 10,
        "sentenceContent": "e편한세상 옥정 리더스가든 분양 관계자는 데일리임팩트에 \\\"완성형 신도시로 거듭난 양주 옥정신도시에서 마지막으로 일반분양하는 e편한세상 브랜드라는 점에서 수요자들의 관심이 뜨거울 전망\\\"이라고 내다봤다.",
        "sentenceSize": 113
      }
    ]
  },
  "labeledDataInfo": {
    "newTitle": "e편한세상 옥정 리더스가든, 일반분양 막차 오픈",
    "clickbaitClass": 0,
    "referSentenceInfo": [
      {
        "sentenceNo": 1,
        "referSentenceyn": "N"
      },
      {
        "sentenceNo": 2,
        "referSentenceyn": "N"
      },
      {
        "sentenceNo": 3,
        "referSentenceyn": "N"
      },
      {
        "sentenceNo": 4,
        "referSentenceyn": "N"
      },
      {
        "sentenceNo": 5,
        "referSentenceyn": "N"
      },
      {
        "sentenceNo": 6,
        "referSentenceyn": "N"
      },
      {
        "sentenceNo": 7,
        "referSentenceyn": "N"
      },
      {
        "sentenceNo": 8,
        "referSentenceyn": "N"
      },
      {
        "sentenceNo": 9,
        "referSentenceyn": "N"
      },
      {
        "sentenceNo": 10,
        "referSentenceyn": "Y"
      }
    ]
  }
}