{
  "sourceDataInfo": {
    "newsID": "EC_M02_156451",
    "newsCategory": "경제",
    "newsSubcategory": "산업",
    "newsTitle": "센트온, 고대 의학도서관에 '코로나19' 제거기능 책 소독기 기증",
    "newsSubTitle": "'코로나19 바이러스 30초 이내에 99.9% 제거' 입증 \\\"면학 분위기 안전하고 건강한 분위기로 조성 기여\\\"",
    "newsContent": "코로나19 바이러스(COVID-19) 재확산으로 대학가도 초비상 상태인 가운데, 센트온이 코로나19 바이러스를 30초만에 제거할 수 있는 최신형 책소독기를 기증해 학생들의 안전에 도움을 주고 있다.\n이 가운데 향기마케팅 전문기업 센트온(ScentOn · 대표 유정연)이 고려대학교 의학도서관에 책 소독기 북마스터(Book Master) 2대를 기증했다고 13일 밝혔다.\n고려대 의학도서관에 기증된 셀프 책 소독기 '북 마스터'(Book Master)는 센트온이 최근 출시한 2021년형 신제품이다.\n고려대학교 의료원 생물안전센터 내 BSL-3 시설에서 '코로나19 바이러스를 30초 이내에 99.9% 제거(시험성적서 번호: KUMC-MP-39)'를 입증한 제품이다.\n센트온 관계자는 이날 미디어SR에 \\\"세계 최초 특허 기술인 '도서 회전 방식'을 채택해 책 내부까지 골고루 살균∙소독을 할 수 있는 점이 특징\\\"이라며 \\\"책 속 대장균, 황색포도상구균, 폐렴간균도 99.9% 살균 소독할 수 있다\\\"고 설명했다.\n센트온 유정연 대표는 \\\"코로나19가 다시 악화되는 상황에서도 꿋꿋하게 미래의 의료진 꿈을 키우고 있는 학생들을 응원하기 위해 고려대 의과대학에 책 소독기 '북마스터'를 기증했다\\\"면서 \\\"학생들의 '안전 지킴이'가 되길 바란다\\\"고 강조했다.\n고려대 의학도서관 유임주 관장은 \\\"센트온 책 소독기가 책 속에 있을 수 있는 코로나19 바이러스를 30초 내 제거할 수 있다니 안심이 된다\\\"며 \\\"면학 분위기를 안전하고 건강한 분위기로 조성하는데 크게 기여할 것 같다\\\"고 말했다.\n유 관장은 이어 \\\"앞으로도 코로나19 확산 방지와 감염병 예방을 통해 학내 도서관 이용객 안전에 만전을 기할 것\\\"이라고 다짐했다.\n한편 불스원 계열사인 향기마케팅 전문기업 센트온은 지난 10여년 간 헌법재판소, 국방부, 국사편찬위원회, 서울 책보고 등 공공기관과 초, 중, 고, 대학교 등 각급 교육기관에 책 소독기를 공급하고 있다.",
    "partNum": "P1",
    "useType": 0,
    "processType": "D",
    "processPattern": "14",
    "processLevel": "중",
    "sentenceCount": 9,
    "sentenceInfo": [
      {
        "sentenceNo": 1,
        "sentenceContent": "코로나19 바이러스(COVID-19) 재확산으로 대학가도 초비상 상태인 가운데, 센트온이 코로나19 바이러스를 30초만에 제거할 수 있는 최신형 책소독기를 기증해 학생들의 안전에 도움을 주고 있다.",
        "sentenceSize": 110
      },
      {
        "sentenceNo": 2,
        "sentenceContent": "이 가운데 향기마케팅 전문기업 센트온(ScentOn · 대표 유정연)이 고려대학교 의학도서관에 책 소독기 북마스터(Book Master) 2대를 기증했다고 13일 밝혔다.",
        "sentenceSize": 95
      },
      {
        "sentenceNo": 3,
        "sentenceContent": "고려대 의학도서관에 기증된 셀프 책 소독기 '북 마스터'(Book Master)는 센트온이 최근 출시한 2021년형 신제품이다.",
        "sentenceSize": 71
      },
      {
        "sentenceNo": 4,
        "sentenceContent": "고려대학교 의료원 생물안전센터 내 BSL-3 시설에서 '코로나19 바이러스를 30초 이내에 99.9% 제거(시험성적서 번호: KUMC-MP-39)'를 입증한 제품이다.",
        "sentenceSize": 93
      },
      {
        "sentenceNo": 5,
        "sentenceContent": "센트온 관계자는 이날 미디어SR에 \\\"세계 최초 특허 기술인 '도서 회전 방식'을 채택해 책 내부까지 골고루 살균∙소독을 할 수 있는 점이 특징\\\"이라며 \\\"책 속 대장균, 황색포도상구균, 폐렴간균도 99.9% 살균 소독할 수 있다\\\"고 설명했다.",
        "sentenceSize": 138
      },
      {
        "sentenceNo": 6,
        "sentenceContent": "센트온 유정연 대표는 \\\"코로나19가 다시 악화되는 상황에서도 꿋꿋하게 미래의 의료진 꿈을 키우고 있는 학생들을 응원하기 위해 고려대 의과대학에 책 소독기 '북마스터'를 기증했다\\\"면서 \\\"학생들의 '안전 지킴이'가 되길 바란다\\\"고 강조했다.",
        "sentenceSize": 136
      },
      {
        "sentenceNo": 7,
        "sentenceContent": "고려대 의학도서관 유임주 관장은 \\\"센트온 책 소독기가 책 속에 있을 수 있는 코로나19 바이러스를 30초 내 제거할 수 있다니 안심이 된다\\\"며 \\\"면학 분위기를 안전하고 건강한 분위기로 조성하는데 크게 기여할 것 같다\\\"고 말했다.",
        "sentenceSize": 131
      },
      {
        "sentenceNo": 8,
        "sentenceContent": "유 관장은 이어 \\\"앞으로도 코로나19 확산 방지와 감염병 예방을 통해 학내 도서관 이용객 안전에 만전을 기할 것\\\"이라고 다짐했다.",
        "sentenceSize": 74
      },
      {
        "sentenceNo": 9,
        "sentenceContent": "한편 불스원 계열사인 향기마케팅 전문기업 센트온은 지난 10여년 간 헌법재판소, 국방부, 국사편찬위원회, 서울 책보고 등 공공기관과 초, 중, 고, 대학교 등 각급 교육기관에 책 소독기를 공급하고 있다.",
        "sentenceSize": 113
      }
    ]
  },
  "labeledDataInfo": {
    "newTitle": "센트온, 최신형 책 소독기 기증으로 코시국 구원자로 나서",
    "clickbaitClass": 0,
    "referSentenceInfo": [
      {
        "sentenceNo": 1,
        "referSentenceyn": "Y"
      },
      {
        "sentenceNo": 2,
        "referSentenceyn": "N"
      },
      {
        "sentenceNo": 3,
        "referSentenceyn": "N"
      },
      {
        "sentenceNo": 4,
        "referSentenceyn": "N"
      },
      {
        "sentenceNo": 5,
        "referSentenceyn": "N"
      },
      {
        "sentenceNo": 6,
        "referSentenceyn": "N"
      },
      {
        "sentenceNo": 7,
        "referSentenceyn": "N"
      },
      {
        "sentenceNo": 8,
        "referSentenceyn": "N"
      },
      {
        "sentenceNo": 9,
        "referSentenceyn": "N"
      }
    ]
  }
}