{
  "sourceDataInfo": {
    "newsID": "EC_M02_160522",
    "newsCategory": "경제",
    "newsSubcategory": "은행",
    "newsTitle": "신한·하나·대구은행, 키코 조정안 불수용...신한·우리, 라임 펀드 50% 선지급 확정",
    "newsSubTitle": "",
    "newsContent": "신한은행과 하나은행, DGB대구은행이 금융감독원의 외환파생상품 키코(KIKO) 분쟁 조정 결과를 수용하지 않기로 했다.\n아울러 신한은행과 우리은행은 라임 펀드 선지급안을 확정했다.\n5일 신한은행과 하나은행, 대구은행은 이사회를 열고 \\\"금융감독원 분쟁조정위원회 조정결정 4개 기업에 대한 배상권고는 수락하지 않기로 결정했다\\\"고 밝혔다.\n이로써 앞서 금감원이 지난해 12월 6개 키코 판매 은행(신한은행, 우리은행, 산업은행, 하나은행, 대구은행, 씨티은행)에 피해 기업별로 손실액의 14%~41%를 배상하라고 내린 분쟁조정 결정은 우리은행을 제외한 모든 은행이 거부했다.\n우리은행은 지난 2월 이사회를 열고 금감원 분쟁조정안을 받아들여 피해기업 2곳에 42억원의 손해배상액을 지급한 바 있다.\n그러나 앞서 외국계 은행인 씨티은행과 국책은행인 산업은행이 먼저 키코 조정안에 대해 불수용 입장을 밝혔고, 나머지 은행들은 조정안 수락 기한을 5번이나 연장한 끝에 6개월 만에 일제히 거부 결정을 내렸다.\n신한은행 관계자는 미디어SR에 \\\"쉽지 않은 결정이었으나, 복수 법무법인의 의견을 참고해 은행 내부적으로 오랜 기간에 걸친 심사숙고 끝에 수락하기 어렵다는 결론에 도달했다\\\"고 말했다.\n다만 신한은행은 키코와 관련해 법원 판결을 받지 않은 나머지 기업 중 금감원이 자율조정 합의를 권고한 추가 기업에 대해서는 은행협의체에 참여해 대응 방안을 논의하기로 했다.\n대구은행도 이날 은행협의체 참여 의사를 밝혔으며, 하나은행은 이미 지난 1월 판매 은행 중 처음으로 은행협의체 참여 결정을 내렸다.\n앞서 씨티은행도 같은 입장을 밝힌 바 있어, 나머지 147개 피해 기업에 대한 추가 분쟁조정은 추후 판매 은행 11곳 협의체를 통해 자율적으로 조정될 전망이다.\n한편 신한은행과 우리은행은 이날 이사회에서 라임 펀드 은행권 판매사 공동 선지급 방안은 수용하기로 결정했다.\n신한은행은 라임 CI무역금융펀드에 가입한 고객을 대상으로 가입 금액의 50%에 해당하는 금액을 선지급하기로 했다.\n우리은행은 환매 연기된 플루토, 테티스 펀드 2600억원 규모에 대해 원금의 약 51% 규모를 선지급한다.\n우리은행 관계자는 \\\"현재 금감원 분쟁조정이 진행 중인 무역금융펀드는 제외됐다\\\"면서 \\\"단 TRS(총수익스와프)가 적용된 AI프리미엄 펀드는 원금의 30%대 수준이 될 것\\\"이라고 말했다.\n투자자는 신한, 우리은행과 먼저 개별 사적화해 계약을 통해 선지급 보상금을 수령하고, 향후 펀드 자산 회수와 금감원 분쟁조정위원회 결정에 따른 보상 비율로 차액을 정산받게 된다.\n선지급 안을 수용한 고객도 금감원 분쟁조정과 소송 등은 그대로 진행할 수 있다.",
    "partNum": "P1",
    "useType": 0,
    "processType": "D",
    "processPattern": "15",
    "processLevel": "중",
    "sentenceCount": 16,
    "sentenceInfo": [
      {
        "sentenceNo": 1,
        "sentenceContent": "신한은행과 하나은행, DGB대구은행이 금융감독원의 외환파생상품 키코(KIKO) 분쟁 조정 결과를 수용하지 않기로 했다.",
        "sentenceSize": 66
      },
      {
        "sentenceNo": 2,
        "sentenceContent": "아울러 신한은행과 우리은행은 라임 펀드 선지급안을 확정했다.",
        "sentenceSize": 33
      },
      {
        "sentenceNo": 3,
        "sentenceContent": "5일 신한은행과 하나은행, 대구은행은 이사회를 열고 \\\"금융감독원 분쟁조정위원회 조정결정 4개 기업에 대한 배상권고는 수락하지 않기로 결정했다\\\"고 밝혔다.",
        "sentenceSize": 87
      },
      {
        "sentenceNo": 4,
        "sentenceContent": "이로써 앞서 금감원이 지난해 12월 6개 키코 판매 은행(신한은행, 우리은행, 산업은행, 하나은행, 대구은행, 씨티은행)에 피해 기업별로 손실액의 14%~41%를 배상하라고 내린 분쟁조정 결정은 우리은행을 제외한 모든 은행이 거부했다.",
        "sentenceSize": 131
      },
      {
        "sentenceNo": 5,
        "sentenceContent": "우리은행은 지난 2월 이사회를 열고 금감원 분쟁조정안을 받아들여 피해기업 2곳에 42억원의 손해배상액을 지급한 바 있다.",
        "sentenceSize": 67
      },
      {
        "sentenceNo": 6,
        "sentenceContent": "그러나 앞서 외국계 은행인 씨티은행과 국책은행인 산업은행이 먼저 키코 조정안에 대해 불수용 입장을 밝혔고, 나머지 은행들은 조정안 수락 기한을 5번이나 연장한 끝에 6개월 만에 일제히 거부 결정을 내렸다.",
        "sentenceSize": 114
      },
      {
        "sentenceNo": 7,
        "sentenceContent": "신한은행 관계자는 미디어SR에 \\\"쉽지 않은 결정이었으나, 복수 법무법인의 의견을 참고해 은행 내부적으로 오랜 기간에 걸친 심사숙고 끝에 수락하기 어렵다는 결론에 도달했다\\\"고 말했다.",
        "sentenceSize": 103
      },
      {
        "sentenceNo": 8,
        "sentenceContent": "다만 신한은행은 키코와 관련해 법원 판결을 받지 않은 나머지 기업 중 금감원이 자율조정 합의를 권고한 추가 기업에 대해서는 은행협의체에 참여해 대응 방안을 논의하기로 했다.",
        "sentenceSize": 96
      },
      {
        "sentenceNo": 9,
        "sentenceContent": "대구은행도 이날 은행협의체 참여 의사를 밝혔으며, 하나은행은 이미 지난 1월 판매 은행 중 처음으로 은행협의체 참여 결정을 내렸다.",
        "sentenceSize": 73
      },
      {
        "sentenceNo": 10,
        "sentenceContent": "앞서 씨티은행도 같은 입장을 밝힌 바 있어, 나머지 147개 피해 기업에 대한 추가 분쟁조정은 추후 판매 은행 11곳 협의체를 통해 자율적으로 조정될 전망이다.",
        "sentenceSize": 89
      },
      {
        "sentenceNo": 11,
        "sentenceContent": "한편 신한은행과 우리은행은 이날 이사회에서 라임 펀드 은행권 판매사 공동 선지급 방안은 수용하기로 결정했다.",
        "sentenceSize": 60
      },
      {
        "sentenceNo": 12,
        "sentenceContent": "신한은행은 라임 CI무역금융펀드에 가입한 고객을 대상으로 가입 금액의 50%에 해당하는 금액을 선지급하기로 했다.",
        "sentenceSize": 63
      },
      {
        "sentenceNo": 13,
        "sentenceContent": "우리은행은 환매 연기된 플루토, 테티스 펀드 2600억원 규모에 대해 원금의 약 51% 규모를 선지급한다.",
        "sentenceSize": 59
      },
      {
        "sentenceNo": 14,
        "sentenceContent": "우리은행 관계자는 \\\"현재 금감원 분쟁조정이 진행 중인 무역금융펀드는 제외됐다\\\"면서 \\\"단 TRS(총수익스와프)가 적용된 AI프리미엄 펀드는 원금의 30%대 수준이 될 것\\\"이라고 말했다.",
        "sentenceSize": 106
      },
      {
        "sentenceNo": 15,
        "sentenceContent": "투자자는 신한, 우리은행과 먼저 개별 사적화해 계약을 통해 선지급 보상금을 수령하고, 향후 펀드 자산 회수와 금감원 분쟁조정위원회 결정에 따른 보상 비율로 차액을 정산받게 된다.",
        "sentenceSize": 99
      },
      {
        "sentenceNo": 16,
        "sentenceContent": "선지급 안을 수용한 고객도 금감원 분쟁조정과 소송 등은 그대로 진행할 수 있다.",
        "sentenceSize": 44
      }
    ]
  },
  "labeledDataInfo": {
    "newTitle": "키코 판매은행에 피해 손실액 배상하라는 조정안 모든은행 거부",
    "clickbaitClass": 0,
    "referSentenceInfo": [
      {
        "sentenceNo": 1,
        "referSentenceyn": "N"
      },
      {
        "sentenceNo": 2,
        "referSentenceyn": "N"
      },
      {
        "sentenceNo": 3,
        "referSentenceyn": "N"
      },
      {
        "sentenceNo": 4,
        "referSentenceyn": "Y"
      },
      {
        "sentenceNo": 5,
        "referSentenceyn": "N"
      },
      {
        "sentenceNo": 6,
        "referSentenceyn": "N"
      },
      {
        "sentenceNo": 7,
        "referSentenceyn": "N"
      },
      {
        "sentenceNo": 8,
        "referSentenceyn": "N"
      },
      {
        "sentenceNo": 9,
        "referSentenceyn": "N"
      },
      {
        "sentenceNo": 10,
        "referSentenceyn": "N"
      },
      {
        "sentenceNo": 11,
        "referSentenceyn": "N"
      },
      {
        "sentenceNo": 12,
        "referSentenceyn": "N"
      },
      {
        "sentenceNo": 13,
        "referSentenceyn": "N"
      },
      {
        "sentenceNo": 14,
        "referSentenceyn": "N"
      },
      {
        "sentenceNo": 15,
        "referSentenceyn": "N"
      },
      {
        "sentenceNo": 16,
        "referSentenceyn": "N"
      }
    ]
  }
}