{
  "sourceDataInfo": {
    "newsID": "EC_M02_158047",
    "newsCategory": "경제",
    "newsSubcategory": "건설부동산",
    "newsTitle": "호반건설, 안양동 가로주택정비사업 수주",
    "newsSubTitle": "단지 인근 교통·편의시설 다양",
    "newsContent": "호반건설이 경기도 안양동 가로주택정비사업을 수주했다.\n호반건설은 지난 26일 열린 조합 총회에서 시공사로 선정됐다고 27일 밝혔다.\n이 사업은 안양동 일원에 지하 2층에서 지상 22층 3개 동 아파트 217가구와 근린생활시설을 짓는 프로젝트다.\n조합은 오는 2025년 1월 착공을 목표로 사업을 추진할 계획이다.\n이 단지는 석수 IC와 일직 분기점이 가까워 제2경인고속도로 및 서해안고속도 이용이 편리하다.\n인근 지하철 1호선 관악역을 이용할 수도 있다.\n단지 인근에는 안양천과 삼성산 산책로가 있다.\n삼성초등학교·연현중학교·양명고등학교 등 교육시설들도 가깝다.\n호반건설 관계자는 데일리임팩트에 \\\"조합의 신속한 사업 추진을 위해 협력하고 살기 좋은 단지가 될 수 있도록 성실 시공하겠다\\\"라고 밝혔다.",
    "partNum": "P1",
    "useType": 0,
    "processType": "D",
    "processPattern": "11",
    "processLevel": "하",
    "sentenceCount": 9,
    "sentenceInfo": [
      {
        "sentenceNo": 1,
        "sentenceContent": "호반건설이 경기도 안양동 가로주택정비사업을 수주했다.",
        "sentenceSize": 29
      },
      {
        "sentenceNo": 2,
        "sentenceContent": "호반건설은 지난 26일 열린 조합 총회에서 시공사로 선정됐다고 27일 밝혔다.",
        "sentenceSize": 43
      },
      {
        "sentenceNo": 3,
        "sentenceContent": "이 사업은 안양동 일원에 지하 2층에서 지상 22층 3개 동 아파트 217가구와 근린생활시설을 짓는 프로젝트다.",
        "sentenceSize": 62
      },
      {
        "sentenceNo": 4,
        "sentenceContent": "조합은 오는 2025년 1월 착공을 목표로 사업을 추진할 계획이다.",
        "sentenceSize": 37
      },
      {
        "sentenceNo": 5,
        "sentenceContent": "이 단지는 석수 IC와 일직 분기점이 가까워 제2경인고속도로 및 서해안고속도 이용이 편리하다.",
        "sentenceSize": 52
      },
      {
        "sentenceNo": 6,
        "sentenceContent": "인근 지하철 1호선 관악역을 이용할 수도 있다.",
        "sentenceSize": 26
      },
      {
        "sentenceNo": 7,
        "sentenceContent": "단지 인근에는 안양천과 삼성산 산책로가 있다.",
        "sentenceSize": 25
      },
      {
        "sentenceNo": 8,
        "sentenceContent": "삼성초등학교·연현중학교·양명고등학교 등 교육시설들도 가깝다.",
        "sentenceSize": 33
      },
      {
        "sentenceNo": 9,
        "sentenceContent": "호반건설 관계자는 데일리임팩트에 \\\"조합의 신속한 사업 추진을 위해 협력하고 살기 좋은 단지가 될 수 있도록 성실 시공하겠다\\\"라고 밝혔다.",
        "sentenceSize": 78
      }
    ]
  },
  "labeledDataInfo": {
    "newTitle": "호반건설이 직접 나선 주택정비사업... 입지요건은?",
    "clickbaitClass": 0,
    "referSentenceInfo": [
      {
        "sentenceNo": 1,
        "referSentenceyn": "N"
      },
      {
        "sentenceNo": 2,
        "referSentenceyn": "N"
      },
      {
        "sentenceNo": 3,
        "referSentenceyn": "N"
      },
      {
        "sentenceNo": 4,
        "referSentenceyn": "N"
      },
      {
        "sentenceNo": 5,
        "referSentenceyn": "Y"
      },
      {
        "sentenceNo": 6,
        "referSentenceyn": "N"
      },
      {
        "sentenceNo": 7,
        "referSentenceyn": "N"
      },
      {
        "sentenceNo": 8,
        "referSentenceyn": "N"
      },
      {
        "sentenceNo": 9,
        "referSentenceyn": "N"
      }
    ]
  }
}