{
  "sourceDataInfo": {
    "newsID": "EC_M02_157616",
    "newsCategory": "경제",
    "newsSubcategory": "일반",
    "newsTitle": "SK건설, 인천·부산서 도시정비사업 동시 수주 '쾌거'",
    "newsSubTitle": "",
    "newsContent": "SK건설은 인천 '용현4구역 재개발사업'과 부산 '사직 1-5지구 재건축사업' 등 2건의 도시정비사업을 수주했다고 22일 밝혔다.\n인천용현4구역 재개발사업은 인천 미추홀구 용현동 152-8번지 일대에 지하3층~지상29층, 10개동 총 979가구 규모의 아파트 및 부대복리시설을 조성하는 프로젝트다.\n2023년 12월 착공 및 분양, 2026년 10월 입주예정이다.\nSK건설은 KCC건설과 컨소시엄을 구성해 이 사업에 참여했으며 총 도급액은 2160억원 규모다.\nSK건설의 한 관계자는 미디어SR에 \\\"경쟁력 강화를 위해 컨소시엄을 구성했고, 압도적인 지지로 선정됐다\\\"며 \\\"이번 컨소시엄 구성은 50:50\\\"이라고 언급했다.\n사업지는 인천대로와 인접해 서울 및 수도권 접근이 쉽고, 인하대학교 주변 생활인프라를 가까이서 이용할 수 있다.\nSK건설은 인천 SK스카이뷰, 루원시티 1, 2차 SK리더스뷰 등 인천 내 'SK뷰 브랜드타운'을 조성하고 있다.\n한편, 같은 날 수주한 부산 사직1-5지구 재건축사업은 부산 동래구 사직동 634-1번지 일대에 지하3층~지상 29층, 6개동 총 601가구 규모의 아파트 및 부대복리시설을 조성하는 프로젝트다.\n2023년 6월착공 분양, 2026년 4월 입주예정이다.\n총 도급액은 1282억원이다.\n사업지는 부산지하철 3호선 사직역과 만덕터널, 남해고속도로 등 교통망이 우수하다.\n사직초, 달북초,온천중, 사직중·고 등 교육시설을 포함해 부산의료원, 시청, 법원 등 편의시설도 인접해 있다.\nSK건설 관계자는 \\\"두 사업지 모두 교통·교육·생활인프라 등 입지여건이 뛰어나고 향후 미래가치도 높은 곳\\\"이라며 \\\"친환경 중심의 스마트 특화설계로 각 지역을 대표하는 랜드마크 아파트로 조성할 계획\\\"이라고 밝혔다.",
    "partNum": "P1",
    "useType": 0,
    "processType": "D",
    "processPattern": "11",
    "processLevel": "하",
    "sentenceCount": 13,
    "sentenceInfo": [
      {
        "sentenceNo": 1,
        "sentenceContent": "SK건설은 인천 '용현4구역 재개발사업'과 부산 '사직 1-5지구 재건축사업' 등 2건의 도시정비사업을 수주했다고 22일 밝혔다.",
        "sentenceSize": 72
      },
      {
        "sentenceNo": 2,
        "sentenceContent": "인천용현4구역 재개발사업은 인천 미추홀구 용현동 152-8번지 일대에 지하3층~지상29층, 10개동 총 979가구 규모의 아파트 및 부대복리시설을 조성하는 프로젝트다.",
        "sentenceSize": 93
      },
      {
        "sentenceNo": 3,
        "sentenceContent": "2023년 12월 착공 및 분양, 2026년 10월 입주예정이다.",
        "sentenceSize": 36
      },
      {
        "sentenceNo": 4,
        "sentenceContent": "SK건설은 KCC건설과 컨소시엄을 구성해 이 사업에 참여했으며 총 도급액은 2160억원 규모다.",
        "sentenceSize": 53
      },
      {
        "sentenceNo": 5,
        "sentenceContent": "SK건설의 한 관계자는 미디어SR에 \\\"경쟁력 강화를 위해 컨소시엄을 구성했고, 압도적인 지지로 선정됐다\\\"며 \\\"이번 컨소시엄 구성은 50:50\\\"이라고 언급했다.",
        "sentenceSize": 92
      },
      {
        "sentenceNo": 6,
        "sentenceContent": "사업지는 인천대로와 인접해 서울 및 수도권 접근이 쉽고, 인하대학교 주변 생활인프라를 가까이서 이용할 수 있다.",
        "sentenceSize": 62
      },
      {
        "sentenceNo": 7,
        "sentenceContent": "SK건설은 인천 SK스카이뷰, 루원시티 1, 2차 SK리더스뷰 등 인천 내 'SK뷰 브랜드타운'을 조성하고 있다.",
        "sentenceSize": 63
      },
      {
        "sentenceNo": 8,
        "sentenceContent": "한편, 같은 날 수주한 부산 사직1-5지구 재건축사업은 부산 동래구 사직동 634-1번지 일대에 지하3층~지상 29층, 6개동 총 601가구 규모의 아파트 및 부대복리시설을 조성하는 프로젝트다.",
        "sentenceSize": 108
      },
      {
        "sentenceNo": 9,
        "sentenceContent": "2023년 6월착공 분양, 2026년 4월 입주예정이다.",
        "sentenceSize": 31
      },
      {
        "sentenceNo": 10,
        "sentenceContent": "총 도급액은 1282억원이다.",
        "sentenceSize": 16
      },
      {
        "sentenceNo": 11,
        "sentenceContent": "사업지는 부산지하철 3호선 사직역과 만덕터널, 남해고속도로 등 교통망이 우수하다.",
        "sentenceSize": 45
      },
      {
        "sentenceNo": 12,
        "sentenceContent": "사직초, 달북초,온천중, 사직중·고 등 교육시설을 포함해 부산의료원, 시청, 법원 등 편의시설도 인접해 있다.",
        "sentenceSize": 61
      },
      {
        "sentenceNo": 13,
        "sentenceContent": "SK건설 관계자는 \\\"두 사업지 모두 교통·교육·생활인프라 등 입지여건이 뛰어나고 향후 미래가치도 높은 곳\\\"이라며 \\\"친환경 중심의 스마트 특화설계로 각 지역을 대표하는 랜드마크 아파트로 조성할 계획\\\"이라고 밝혔다.",
        "sentenceSize": 122
      }
    ]
  },
  "labeledDataInfo": {
    "newTitle": "SK건설, 인천·부산서 도시정비사업 수주, 랜드마크 지어지나?",
    "clickbaitClass": 0,
    "referSentenceInfo": [
      {
        "sentenceNo": 1,
        "referSentenceyn": "Y"
      },
      {
        "sentenceNo": 2,
        "referSentenceyn": "N"
      },
      {
        "sentenceNo": 3,
        "referSentenceyn": "N"
      },
      {
        "sentenceNo": 4,
        "referSentenceyn": "N"
      },
      {
        "sentenceNo": 5,
        "referSentenceyn": "N"
      },
      {
        "sentenceNo": 6,
        "referSentenceyn": "N"
      },
      {
        "sentenceNo": 7,
        "referSentenceyn": "N"
      },
      {
        "sentenceNo": 8,
        "referSentenceyn": "N"
      },
      {
        "sentenceNo": 9,
        "referSentenceyn": "N"
      },
      {
        "sentenceNo": 10,
        "referSentenceyn": "N"
      },
      {
        "sentenceNo": 11,
        "referSentenceyn": "N"
      },
      {
        "sentenceNo": 12,
        "referSentenceyn": "N"
      },
      {
        "sentenceNo": 13,
        "referSentenceyn": "Y"
      }
    ]
  }
}