{
  "sourceDataInfo": {
    "newsID": "EC_M02_156427",
    "newsCategory": "경제",
    "newsSubcategory": "산업",
    "newsTitle": "해마로푸드서비스, '코로나19 우수 기부자' 표창 수상",
    "newsSubTitle": "지난 6일 서울시 강동구청서 수여식 개최 지역사회와 함께 하는 나눔 문화 공로 표창",
    "newsContent": "버거·치킨 브랜드 맘스터치를 운영하는 해마로푸드서비스가 지난 6일 서울시 강동구청으로부터 '코로나19 우수 기부자' 표창을 수상했다고 7일 밝혔다. '코로나19 우수 기부자' 표창은 코로나19(신종 코로나바이러스 감염증)로 인해 어려움을 겪는 이웃들을 위해 나눔을 실천한 기부자들에게 감사의 의미를 담은 수상이다.\n해마로푸드서비스는 코로나19 사태가 심화되던 지난 3월 강동구청에 맘스터치의 가정간편식 대중삼계탕 1만개를 지원했다.\n수여식을 통해 선정된 해마로푸드서비스 외 우수 기부자들은 지역 나눔 문화 조성에 기여한 점과 지역사회 발전을 위한 공로를 인정받았다.\n특히 이번 수여식에는 올해 6월 취임 후, 현장중심·고객중심 경영전략을 펼쳐 온 해마로푸드서비스 이병윤 대표이사가 직접 참석해 의미를 더했다.\n해마로푸드서비스 관계자는 미디어SR에 \\\"해마로푸드서비스는 코로나19 장기화로 생계에 어려움을 겪는 맘스터치 가맹점주들을 위한 지원에도 적극적으로 나서고 있다\\\"며 \\\"전국 가맹점 약 200여개 매장을 대상으로 9월부터 오는 11월까지 약 3개월 간 총 20억원을 지원할 계획\\\"이라고 설명했다.\n특히 이번 지원은 매장의 제품을 본사가 직접 매입해 코로나19로 어려움을 겪는 지역사회 단체, 기관 등에 기부하는 방식으로 이뤄져 가맹점 지원은 물론 지역사회에도 공헌하는 상생 사례로 주목을 받고 있다.\n해마로푸드서비스 관계자는 \\\"앞으로도 코로나19를 포함해 힘든 시기를 겪고 있는 지역사회 이웃들을 위한 나눔에 앞장서며, 위기를 함께 극복할 수 있도록 사회적 책임을 다하겠다\\\"고 전했다.",
    "partNum": "P1",
    "useType": 0,
    "processType": "D",
    "processPattern": "14",
    "processLevel": "중",
    "sentenceCount": 7,
    "sentenceInfo": [
      {
        "sentenceNo": 1,
        "sentenceContent": "버거·치킨 브랜드 맘스터치를 운영하는 해마로푸드서비스가 지난 6일 서울시 강동구청으로부터 '코로나19 우수 기부자' 표창을 수상했다고 7일 밝혔다. '코로나19 우수 기부자' 표창은 코로나19(신종 코로나바이러스 감염증)로 인해 어려움을 겪는 이웃들을 위해 나눔을 실천한 기부자들에게 감사의 의미를 담은 수상이다.",
        "sentenceSize": 175
      },
      {
        "sentenceNo": 2,
        "sentenceContent": "해마로푸드서비스는 코로나19 사태가 심화되던 지난 3월 강동구청에 맘스터치의 가정간편식 대중삼계탕 1만개를 지원했다.",
        "sentenceSize": 65
      },
      {
        "sentenceNo": 3,
        "sentenceContent": "수여식을 통해 선정된 해마로푸드서비스 외 우수 기부자들은 지역 나눔 문화 조성에 기여한 점과 지역사회 발전을 위한 공로를 인정받았다.",
        "sentenceSize": 74
      },
      {
        "sentenceNo": 4,
        "sentenceContent": "특히 이번 수여식에는 올해 6월 취임 후, 현장중심·고객중심 경영전략을 펼쳐 온 해마로푸드서비스 이병윤 대표이사가 직접 참석해 의미를 더했다.",
        "sentenceSize": 79
      },
      {
        "sentenceNo": 5,
        "sentenceContent": "해마로푸드서비스 관계자는 미디어SR에 \\\"해마로푸드서비스는 코로나19 장기화로 생계에 어려움을 겪는 맘스터치 가맹점주들을 위한 지원에도 적극적으로 나서고 있다\\\"며 \\\"전국 가맹점 약 200여개 매장을 대상으로 9월부터 오는 11월까지 약 3개월 간 총 20억원을 지원할 계획\\\"이라고 설명했다.",
        "sentenceSize": 165
      },
      {
        "sentenceNo": 6,
        "sentenceContent": "특히 이번 지원은 매장의 제품을 본사가 직접 매입해 코로나19로 어려움을 겪는 지역사회 단체, 기관 등에 기부하는 방식으로 이뤄져 가맹점 지원은 물론 지역사회에도 공헌하는 상생 사례로 주목을 받고 있다.",
        "sentenceSize": 113
      },
      {
        "sentenceNo": 7,
        "sentenceContent": "해마로푸드서비스 관계자는 \\\"앞으로도 코로나19를 포함해 힘든 시기를 겪고 있는 지역사회 이웃들을 위한 나눔에 앞장서며, 위기를 함께 극복할 수 있도록 사회적 책임을 다하겠다\\\"고 전했다.",
        "sentenceSize": 105
      }
    ]
  },
  "labeledDataInfo": {
    "newTitle": "혜자스러움의 대표주자 맘스터치 운영 회사, '코로나19 우수 기부자' 표창 수상",
    "clickbaitClass": 0,
    "referSentenceInfo": [
      {
        "sentenceNo": 1,
        "referSentenceyn": "N"
      },
      {
        "sentenceNo": 2,
        "referSentenceyn": "Y"
      },
      {
        "sentenceNo": 3,
        "referSentenceyn": "N"
      },
      {
        "sentenceNo": 4,
        "referSentenceyn": "N"
      },
      {
        "sentenceNo": 5,
        "referSentenceyn": "N"
      },
      {
        "sentenceNo": 6,
        "referSentenceyn": "N"
      },
      {
        "sentenceNo": 7,
        "referSentenceyn": "N"
      }
    ]
  }
}