{
  "sourceDataInfo": {
    "newsID": "EC_M02_157686",
    "newsCategory": "경제",
    "newsSubcategory": "일반",
    "newsTitle": "LH, '2·4 부동산 대책' 추진할 통합지원센터 가동",
    "newsSubTitle": "",
    "newsContent": "한국토지주택공사(LH)가 정부의 2·4 부동산 대책(공공주도 3080+ 대도시권 주택공급 획기적 확대방안)을 지원하기 위한 통합지원센터를 가동한다고 18일 밝혔다.\nLH에 따르면 지원센터는 정책홍보반 제도운영반 상담HUB로 구성된다.\n정책홍보반은 센터 운영총괄 및 정책홍보를 맡으며, 제도운영반은 제도개선 및 정책 지원을 담당한다.\n상담HUB는 사업 컨설팅·상담을 지원하며, 전문성을 갖춘 LH 담당자로 구성된 사업별 전담팀이나 지역본부별 사무소로 운영된다.\n사업 컨설팅 및 상담은 센터를 방문하거나 전화로 문의하면 된다.\nLH 관계자는 미디어SR에 \\\"서울 용산구에 문을 연 센터를 시작으로, 차례로 각 지역본부에도 통합지원센터를 확대할 계획\\\"이라고 말했다.\nLH 관계자는 \\\"통합지원센터는 사업시행자와 토지 소유자의 소통 창구로, 대도시권 주택공급 확대를 위한 교두보 역할을 할 수 있을 것\\\"이라며 \\\"토지주와 조합 등의 상담 및 사업 컨설팅을 위해 최선을 다하겠다\\\"고 밝혔다.",
    "partNum": "P1",
    "useType": 0,
    "processType": "D",
    "processPattern": "11",
    "processLevel": "하",
    "sentenceCount": 7,
    "sentenceInfo": [
      {
        "sentenceNo": 1,
        "sentenceContent": "한국토지주택공사(LH)가 정부의 2·4 부동산 대책(공공주도 3080+ 대도시권 주택공급 획기적 확대방안)을 지원하기 위한 통합지원센터를 가동한다고 18일 밝혔다.",
        "sentenceSize": 91
      },
      {
        "sentenceNo": 2,
        "sentenceContent": "LH에 따르면 지원센터는 정책홍보반 제도운영반 상담HUB로 구성된다.",
        "sentenceSize": 38
      },
      {
        "sentenceNo": 3,
        "sentenceContent": "정책홍보반은 센터 운영총괄 및 정책홍보를 맡으며, 제도운영반은 제도개선 및 정책 지원을 담당한다.",
        "sentenceSize": 54
      },
      {
        "sentenceNo": 4,
        "sentenceContent": "상담HUB는 사업 컨설팅·상담을 지원하며, 전문성을 갖춘 LH 담당자로 구성된 사업별 전담팀이나 지역본부별 사무소로 운영된다.",
        "sentenceSize": 70
      },
      {
        "sentenceNo": 5,
        "sentenceContent": "사업 컨설팅 및 상담은 센터를 방문하거나 전화로 문의하면 된다.",
        "sentenceSize": 35
      },
      {
        "sentenceNo": 6,
        "sentenceContent": "LH 관계자는 미디어SR에 \\\"서울 용산구에 문을 연 센터를 시작으로, 차례로 각 지역본부에도 통합지원센터를 확대할 계획\\\"이라고 말했다.",
        "sentenceSize": 77
      },
      {
        "sentenceNo": 7,
        "sentenceContent": "LH 관계자는 \\\"통합지원센터는 사업시행자와 토지 소유자의 소통 창구로, 대도시권 주택공급 확대를 위한 교두보 역할을 할 수 있을 것\\\"이라며 \\\"토지주와 조합 등의 상담 및 사업 컨설팅을 위해 최선을 다하겠다\\\"고 밝혔다.",
        "sentenceSize": 125
      }
    ]
  },
  "labeledDataInfo": {
    "newTitle": "LH, 정부의 2.4 부동산 대책 지원할 통합지원센터 가동.. 상담신청 방법은?",
    "clickbaitClass": 0,
    "referSentenceInfo": [
      {
        "sentenceNo": 1,
        "referSentenceyn": "N"
      },
      {
        "sentenceNo": 2,
        "referSentenceyn": "N"
      },
      {
        "sentenceNo": 3,
        "referSentenceyn": "N"
      },
      {
        "sentenceNo": 4,
        "referSentenceyn": "N"
      },
      {
        "sentenceNo": 5,
        "referSentenceyn": "Y"
      },
      {
        "sentenceNo": 6,
        "referSentenceyn": "N"
      },
      {
        "sentenceNo": 7,
        "referSentenceyn": "N"
      }
    ]
  }
}