{
  "sourceDataInfo": {
    "newsID": "EC_M02_156446",
    "newsCategory": "경제",
    "newsSubcategory": "산업",
    "newsTitle": "NHN, '광주 AI 데이터센터' 구축·운영 사업자 선정",
    "newsSubTitle": "내년 말까지 데이터센터 내 클라우드 인프라 구축 완료 NHN-광주시, 인공지능 산업 생태계 조성위해 적극 협력",
    "newsContent": "NHN(대표 정우진)은 광주 데이터센터의 클라우드 인프라 구축 및 운영 사업자로 선정됐다고 4일 밝혔다.\n이번 선정은 광주시에서 진행하는 '인공지능 집적단지 조성사업'의 일환으로, 광주데이터 센터는 오는 2022년까지 구축될 예정이다.\nNHN은 내년 말까지 데이터센터 내 클라우드 인프라 구축을 완료하고, 데이터센터를 이용하는 기업, 연구기관, 대학 등에 인공지능 연구개발을 지원해 나간다는 계획이다.\nNHN은 관련 기업들의 연구를 지원하고자 올해부터 NHN클라우드 서비스를 우선적으로 제공한다.\nNHN이 설립하는 광주 데이터센터는 HPC(고성능컴퓨팅)로 구축돼, 짧은 시간 내 방대한 데이터의 딥러닝 학습, 데이터 분석 및 활용이 가능하다는 게 특징이다.\nNHN은 데이터센터를 이용하는 기업들에게 인공지능 서비스와 제품개발에 필요한 모든 개발도구뿐 아니라 데이터의 수집, 가공, 분석에 필요한 데이터 레이크와 빅데이터 기능 등을 통합 지원한다.\n또한 NHN은 광주시와 협력해 2023년까지 인공지능 연구개발센터를 광주에 설립할 계획이다.\nNHN과 광주시는 광주 인공지능산업 생태계 조성을 위해 연구개발 및 연구인력 채용에도 집중한다.\n그 외에도 양측은 우수 인공지능 기업유치를 위한 활동 및 기업 지원 프로그램 공동 운영, 광주 인공지능 실증도시 플랫폼 개발, 지역 기업 및 정부, 광주시의 인공지능 과제 기획 및 공동 발굴 등을 함께 추진해갈 예정이다.\n한편 NHN 측은 미디어SR에 \\\"NHN은 현재 운영 중인 판교 토스트 클라우드 센터뿐 아니라 경남 김해에 '제2 데이터센터' 설립을 준비하고 있다\\\"면서 \\\"제2 데이터센터는 올해 상반기에 착공해 내년부터 운영할 예정\\\"이라고 밝혔다.\n이용섭 광주시장은 \\\"데이터센터 서비스가 본격적으로 실시되는 2021년은 인공지능 광주시대를 여는 원년이 될 것\\\"이라며 \\\"광주로 이전을 했거나, 계획된 65개 기업은 물론 스타트업, 중소·중견기업이 꿈을 이룰 수 있도록 집적단지를 중심으로 광주의 모든 역량을 동원하여 지원해 나가겠다\\\"고 말했다.\nNHN 정우진 대표는 \\\"이번 광주 인공지능산업 육성을 위한 프로젝트에 사업자로 선정, 참여하게 되어 영광스럽게 생각한다\\\"며 \\\"NHN이 가진 클라우드 역량과 노하우를 집중해 국내 클라우드 산업과 광주 인공지능 산업을 육성, 발전시키기 위해 최선을 다할 것\\\"이라고 밝혔다.",
    "partNum": "P1",
    "useType": 0,
    "processType": "D",
    "processPattern": "14",
    "processLevel": "중",
    "sentenceCount": 12,
    "sentenceInfo": [
      {
        "sentenceNo": 1,
        "sentenceContent": "NHN(대표 정우진)은 광주 데이터센터의 클라우드 인프라 구축 및 운영 사업자로 선정됐다고 4일 밝혔다.",
        "sentenceSize": 58
      },
      {
        "sentenceNo": 2,
        "sentenceContent": "이번 선정은 광주시에서 진행하는 '인공지능 집적단지 조성사업'의 일환으로, 광주데이터 센터는 오는 2022년까지 구축될 예정이다.",
        "sentenceSize": 72
      },
      {
        "sentenceNo": 3,
        "sentenceContent": "NHN은 내년 말까지 데이터센터 내 클라우드 인프라 구축을 완료하고, 데이터센터를 이용하는 기업, 연구기관, 대학 등에 인공지능 연구개발을 지원해 나간다는 계획이다.",
        "sentenceSize": 92
      },
      {
        "sentenceNo": 4,
        "sentenceContent": "NHN은 관련 기업들의 연구를 지원하고자 올해부터 NHN클라우드 서비스를 우선적으로 제공한다.",
        "sentenceSize": 52
      },
      {
        "sentenceNo": 5,
        "sentenceContent": "NHN이 설립하는 광주 데이터센터는 HPC(고성능컴퓨팅)로 구축돼, 짧은 시간 내 방대한 데이터의 딥러닝 학습, 데이터 분석 및 활용이 가능하다는 게 특징이다.",
        "sentenceSize": 89
      },
      {
        "sentenceNo": 6,
        "sentenceContent": "NHN은 데이터센터를 이용하는 기업들에게 인공지능 서비스와 제품개발에 필요한 모든 개발도구뿐 아니라 데이터의 수집, 가공, 분석에 필요한 데이터 레이크와 빅데이터 기능 등을 통합 지원한다.",
        "sentenceSize": 105
      },
      {
        "sentenceNo": 7,
        "sentenceContent": "또한 NHN은 광주시와 협력해 2023년까지 인공지능 연구개발센터를 광주에 설립할 계획이다.",
        "sentenceSize": 51
      },
      {
        "sentenceNo": 8,
        "sentenceContent": "NHN과 광주시는 광주 인공지능산업 생태계 조성을 위해 연구개발 및 연구인력 채용에도 집중한다.",
        "sentenceSize": 53
      },
      {
        "sentenceNo": 9,
        "sentenceContent": "그 외에도 양측은 우수 인공지능 기업유치를 위한 활동 및 기업 지원 프로그램 공동 운영, 광주 인공지능 실증도시 플랫폼 개발, 지역 기업 및 정부, 광주시의 인공지능 과제 기획 및 공동 발굴 등을 함께 추진해갈 예정이다.",
        "sentenceSize": 123
      },
      {
        "sentenceNo": 10,
        "sentenceContent": "한편 NHN 측은 미디어SR에 \\\"NHN은 현재 운영 중인 판교 토스트 클라우드 센터뿐 아니라 경남 김해에 '제2 데이터센터' 설립을 준비하고 있다\\\"면서 \\\"제2 데이터센터는 올해 상반기에 착공해 내년부터 운영할 예정\\\"이라고 밝혔다.",
        "sentenceSize": 132
      },
      {
        "sentenceNo": 11,
        "sentenceContent": "이용섭 광주시장은 \\\"데이터센터 서비스가 본격적으로 실시되는 2021년은 인공지능 광주시대를 여는 원년이 될 것\\\"이라며 \\\"광주로 이전을 했거나, 계획된 65개 기업은 물론 스타트업, 중소·중견기업이 꿈을 이룰 수 있도록 집적단지를 중심으로 광주의 모든 역량을 동원하여 지원해 나가겠다\\\"고 말했다.",
        "sentenceSize": 168
      },
      {
        "sentenceNo": 12,
        "sentenceContent": "NHN 정우진 대표는 \\\"이번 광주 인공지능산업 육성을 위한 프로젝트에 사업자로 선정, 참여하게 되어 영광스럽게 생각한다\\\"며 \\\"NHN이 가진 클라우드 역량과 노하우를 집중해 국내 클라우드 산업과 광주 인공지능 산업을 육성, 발전시키기 위해 최선을 다할 것\\\"이라고 밝혔다.",
        "sentenceSize": 154
      }
    ]
  },
  "labeledDataInfo": {
    "newTitle": "NHN, 광주 AI 데이터센터 사업자 선정 '실화냐'",
    "clickbaitClass": 0,
    "referSentenceInfo": [
      {
        "sentenceNo": 1,
        "referSentenceyn": "Y"
      },
      {
        "sentenceNo": 2,
        "referSentenceyn": "N"
      },
      {
        "sentenceNo": 3,
        "referSentenceyn": "N"
      },
      {
        "sentenceNo": 4,
        "referSentenceyn": "N"
      },
      {
        "sentenceNo": 5,
        "referSentenceyn": "N"
      },
      {
        "sentenceNo": 6,
        "referSentenceyn": "N"
      },
      {
        "sentenceNo": 7,
        "referSentenceyn": "N"
      },
      {
        "sentenceNo": 8,
        "referSentenceyn": "N"
      },
      {
        "sentenceNo": 9,
        "referSentenceyn": "N"
      },
      {
        "sentenceNo": 10,
        "referSentenceyn": "N"
      },
      {
        "sentenceNo": 11,
        "referSentenceyn": "N"
      },
      {
        "sentenceNo": 12,
        "referSentenceyn": "N"
      }
    ]
  }
}