{
  "sourceDataInfo": {
    "newsID": "EC_M02_157893",
    "newsCategory": "경제",
    "newsSubcategory": "산업",
    "newsTitle": "삼성전자, 3분기 많이 팔고 덜 남겼다",
    "newsSubTitle": "전세계 스마트폰 출하량 1위…출하액 1위는 애플",
    "newsContent": "삼성전자가 3분기 출하량 기준으로 전세계 스마트폰 시장 1위를 수성했다.\n다만 이 기간 출하액에서는 애플이 1위를 차지해, 삼성전자가 중저가 스마트폰 판매로 성적을 방어한 것으로 분석된다.\n이에 스마트폰 업계에서는 삼성전자가 스마트폰 전략 방향성을 명확히 해야 한다는 지적도 나온다.\n시장조사업체 카운터포인트리서치에 따르면, 삼성전자는 3분기 전분기보다 20% 상승한 6900만대를 출하했다.\n갤럭시Z폴드3·Z플립3 등 프리미엄 폴더블폰이 출시 이후 한달동안 200만대 이상 팔린 결과다.\n덕분에 출하액도 전분기 대비 32% 증가했다.\n2위는 애플이 차지했다.\n애플은 3분기 4800만대를 출하했다.\n아이폰13이 9월 출시되고 아이폰SE2가 기대 이상의 실적을 보인 결과, 출하량이 전분기보다 15% 늘었다.\n특히 애풀은 출하액으로는 37%를 차지, 1위에 올랐다.\n중저가 전략을 펼치며 삼성전자의 뒤를 쫓던 샤오미는 출하량이 4440만대에 그치며 3위로 내려갔다.\n샤오미의 점유율도 한 분기 사이 16.25%에서 12.9%로 떨어졌다.\n한편, 3분기 전세계 스마트폰 시장 출하량은 총 3억4200만대를 기록했다.\n이는 스마트폰 부품부족 현상이 이어지며 지난해 같은 기간(3억6600만대)보다 6.5% 감소한 수치다.\n하지만 3분기 잠정 매출은 해당 분기 기준 최대 규모를 기록했다.\n전년 대비 12% 증가해 1000억달러(약 117조원)를 넘어설 것으로 전망된다.\n반도체 공급난이 심화돼 대부분의 스마트폰 부품 가격이 상승했다.\n주요 스마트폰 업체들의 일부 모델 가격이 인상되고 출하량도 줄었다.\n하지만 마진이 적은 저가형 대신 중고가 제품을 적극적으로 판매함으로써 3분기 기준 사상 최고 매출을 기록했다.\n카운터포인트리서치측은 \\\"글로벌 부품 부족으로 인해 스마트폰 생산이 차질을 빚는 가운데 삼성전자 등 대형사들이 프리미엄 제품군 확대로 위기에 대응하는 전략이 통한 것\\\"이라고 진단했다.\n삼성전자 관계자는 1일 데일리임팩트에 \\\"3분기는 전체적인 시장이 줄어든 상황임에도 폴더블폰 신제품을 출시해 시장의 수요를 끌어냈고, 중저가 시장에서도 A시리즈가 인기가 높아 삼성이 출하량 1위를 한 것으로 보인다\\\"며 \\\"다만 출하액 규모가 상대적으로 적은 것 처럼 느껴지는 것은 저가 금액대 제품이 없는 애플과 달리 삼성은 중저가대 제품 라인업을 다양하게 갖추고 있기 때문\\\"이라고 설명했다.\n한편, 카운터포인트리서치는 올해 전세계 스마트폰 출하량 전망치를 14억5000만대에서 14억1000만대로 하향 조정했다.\n이 업체는 대다수 스마트폰 업체가 부품난으로 인해 하반기 제품 출시에 차질을 빚을 것이라는 점을 이유로 꼽았다.",
    "partNum": "P1",
    "useType": 0,
    "processType": "D",
    "processPattern": "11",
    "processLevel": "하",
    "sentenceCount": 23,
    "sentenceInfo": [
      {
        "sentenceNo": 1,
        "sentenceContent": "삼성전자가 3분기 출하량 기준으로 전세계 스마트폰 시장 1위를 수성했다.",
        "sentenceSize": 40
      },
      {
        "sentenceNo": 2,
        "sentenceContent": "다만 이 기간 출하액에서는 애플이 1위를 차지해, 삼성전자가 중저가 스마트폰 판매로 성적을 방어한 것으로 분석된다.",
        "sentenceSize": 64
      },
      {
        "sentenceNo": 3,
        "sentenceContent": "이에 스마트폰 업계에서는 삼성전자가 스마트폰 전략 방향성을 명확히 해야 한다는 지적도 나온다.",
        "sentenceSize": 52
      },
      {
        "sentenceNo": 4,
        "sentenceContent": "시장조사업체 카운터포인트리서치에 따르면, 삼성전자는 3분기 전분기보다 20% 상승한 6900만대를 출하했다.",
        "sentenceSize": 60
      },
      {
        "sentenceNo": 5,
        "sentenceContent": "갤럭시Z폴드3·Z플립3 등 프리미엄 폴더블폰이 출시 이후 한달동안 200만대 이상 팔린 결과다.",
        "sentenceSize": 53
      },
      {
        "sentenceNo": 6,
        "sentenceContent": "덕분에 출하액도 전분기 대비 32% 증가했다.",
        "sentenceSize": 25
      },
      {
        "sentenceNo": 7,
        "sentenceContent": "2위는 애플이 차지했다.",
        "sentenceSize": 13
      },
      {
        "sentenceNo": 8,
        "sentenceContent": "애플은 3분기 4800만대를 출하했다.",
        "sentenceSize": 21
      },
      {
        "sentenceNo": 9,
        "sentenceContent": "아이폰13이 9월 출시되고 아이폰SE2가 기대 이상의 실적을 보인 결과, 출하량이 전분기보다 15% 늘었다.",
        "sentenceSize": 60
      },
      {
        "sentenceNo": 10,
        "sentenceContent": "특히 애풀은 출하액으로는 37%를 차지, 1위에 올랐다.",
        "sentenceSize": 31
      },
      {
        "sentenceNo": 11,
        "sentenceContent": "중저가 전략을 펼치며 삼성전자의 뒤를 쫓던 샤오미는 출하량이 4440만대에 그치며 3위로 내려갔다.",
        "sentenceSize": 55
      },
      {
        "sentenceNo": 12,
        "sentenceContent": "샤오미의 점유율도 한 분기 사이 16.25%에서 12.9%로 떨어졌다.",
        "sentenceSize": 39
      },
      {
        "sentenceNo": 13,
        "sentenceContent": "한편, 3분기 전세계 스마트폰 시장 출하량은 총 3억4200만대를 기록했다.",
        "sentenceSize": 42
      },
      {
        "sentenceNo": 14,
        "sentenceContent": "이는 스마트폰 부품부족 현상이 이어지며 지난해 같은 기간(3억6600만대)보다 6.5% 감소한 수치다.",
        "sentenceSize": 57
      },
      {
        "sentenceNo": 15,
        "sentenceContent": "하지만 3분기 잠정 매출은 해당 분기 기준 최대 규모를 기록했다.",
        "sentenceSize": 36
      },
      {
        "sentenceNo": 16,
        "sentenceContent": "전년 대비 12% 증가해 1000억달러(약 117조원)를 넘어설 것으로 전망된다.",
        "sentenceSize": 45
      },
      {
        "sentenceNo": 17,
        "sentenceContent": "반도체 공급난이 심화돼 대부분의 스마트폰 부품 가격이 상승했다.",
        "sentenceSize": 35
      },
      {
        "sentenceNo": 18,
        "sentenceContent": "주요 스마트폰 업체들의 일부 모델 가격이 인상되고 출하량도 줄었다.",
        "sentenceSize": 37
      },
      {
        "sentenceNo": 19,
        "sentenceContent": "하지만 마진이 적은 저가형 대신 중고가 제품을 적극적으로 판매함으로써 3분기 기준 사상 최고 매출을 기록했다.",
        "sentenceSize": 61
      },
      {
        "sentenceNo": 20,
        "sentenceContent": "카운터포인트리서치측은 \\\"글로벌 부품 부족으로 인해 스마트폰 생산이 차질을 빚는 가운데 삼성전자 등 대형사들이 프리미엄 제품군 확대로 위기에 대응하는 전략이 통한 것\\\"이라고 진단했다.",
        "sentenceSize": 103
      },
      {
        "sentenceNo": 21,
        "sentenceContent": "삼성전자 관계자는 1일 데일리임팩트에 \\\"3분기는 전체적인 시장이 줄어든 상황임에도 폴더블폰 신제품을 출시해 시장의 수요를 끌어냈고, 중저가 시장에서도 A시리즈가 인기가 높아 삼성이 출하량 1위를 한 것으로 보인다\\\"며 \\\"다만 출하액 규모가 상대적으로 적은 것 처럼 느껴지는 것은 저가 금액대 제품이 없는 애플과 달리 삼성은 중저가대 제품 라인업을 다양하게 갖추고 있기 때문\\\"이라고 설명했다.",
        "sentenceSize": 221
      },
      {
        "sentenceNo": 22,
        "sentenceContent": "한편, 카운터포인트리서치는 올해 전세계 스마트폰 출하량 전망치를 14억5000만대에서 14억1000만대로 하향 조정했다.",
        "sentenceSize": 67
      },
      {
        "sentenceNo": 23,
        "sentenceContent": "이 업체는 대다수 스마트폰 업체가 부품난으로 인해 하반기 제품 출시에 차질을 빚을 것이라는 점을 이유로 꼽았다.",
        "sentenceSize": 62
      }
    ]
  },
  "labeledDataInfo": {
    "newTitle": "출하량은 많지만 출하액은... 삼성전자 3분기 성과는?",
    "clickbaitClass": 0,
    "referSentenceInfo": [
      {
        "sentenceNo": 1,
        "referSentenceyn": "N"
      },
      {
        "sentenceNo": 2,
        "referSentenceyn": "N"
      },
      {
        "sentenceNo": 3,
        "referSentenceyn": "N"
      },
      {
        "sentenceNo": 4,
        "referSentenceyn": "N"
      },
      {
        "sentenceNo": 5,
        "referSentenceyn": "N"
      },
      {
        "sentenceNo": 6,
        "referSentenceyn": "N"
      },
      {
        "sentenceNo": 7,
        "referSentenceyn": "N"
      },
      {
        "sentenceNo": 8,
        "referSentenceyn": "N"
      },
      {
        "sentenceNo": 9,
        "referSentenceyn": "N"
      },
      {
        "sentenceNo": 10,
        "referSentenceyn": "N"
      },
      {
        "sentenceNo": 11,
        "referSentenceyn": "N"
      },
      {
        "sentenceNo": 12,
        "referSentenceyn": "N"
      },
      {
        "sentenceNo": 13,
        "referSentenceyn": "N"
      },
      {
        "sentenceNo": 14,
        "referSentenceyn": "N"
      },
      {
        "sentenceNo": 15,
        "referSentenceyn": "N"
      },
      {
        "sentenceNo": 16,
        "referSentenceyn": "N"
      },
      {
        "sentenceNo": 17,
        "referSentenceyn": "N"
      },
      {
        "sentenceNo": 18,
        "referSentenceyn": "N"
      },
      {
        "sentenceNo": 19,
        "referSentenceyn": "N"
      },
      {
        "sentenceNo": 20,
        "referSentenceyn": "Y"
      },
      {
        "sentenceNo": 21,
        "referSentenceyn": "N"
      },
      {
        "sentenceNo": 22,
        "referSentenceyn": "N"
      },
      {
        "sentenceNo": 23,
        "referSentenceyn": "N"
      }
    ]
  }
}