{
  "sourceDataInfo": {
    "newsID": "EC_M02_158194",
    "newsCategory": "경제",
    "newsSubcategory": "건설부동산",
    "newsTitle": "HUG, 부산 대학생들 대상 전세사기 예방교육",
    "newsSubTitle": "전세사기 유형과 전세 계약시 유의 사항 등 소개",
    "newsContent": "주택도시보증공사(HUG, 사장 권형택)는 부산소재 대학 청년들을 대상으로 전세 사기 예방교육을 실시했다고 29일 밝혔다.\n이번 교육에는 HUG 전세보증 실무자와 부동산 관련 경험이 풍부한 직원이 강사로 나섰다.\n참가를 희망하는 부산지역 대학생 20여 명이 참여한 가운데 부산소재 동의대학교 강당에서 진행됐다.\n이번 교육은 사회 경험이 부족해 전세사기 피해를 당할 가능성이 높은 대학생들에게 전세사기를 예방할 수 있도록 맞춰졌다.\n주요 전세사기 유형과 언론에 보도된 실제 사건을 소개하고 이를 예방하기 위한 전세 계약 유의 사항과 부동산 등기부등본 보는 법, 부동산 권리 관계 분석 방법 등을 집중적으로 교육했다.\nHUG관계자는 데일리임팩트에 \\\"HUG는 전세사기 방지를 위해 고등학생 대상 전세사기 책자 배포, 전세 사기 예방툰 제작, 전세 사기 예방센터 구축․운용 등 다양한 사업을 추진하고 있다\\\"며 \\\"교육이 학생들과 시민들에게 조금이나마 도움이 돼길 바란다\\\"고 말했다.",
    "partNum": "P1",
    "useType": 0,
    "processType": "D",
    "processPattern": "11",
    "processLevel": "하",
    "sentenceCount": 6,
    "sentenceInfo": [
      {
        "sentenceNo": 1,
        "sentenceContent": "주택도시보증공사(HUG, 사장 권형택)는 부산소재 대학 청년들을 대상으로 전세 사기 예방교육을 실시했다고 29일 밝혔다.",
        "sentenceSize": 67
      },
      {
        "sentenceNo": 2,
        "sentenceContent": "이번 교육에는 HUG 전세보증 실무자와 부동산 관련 경험이 풍부한 직원이 강사로 나섰다.",
        "sentenceSize": 49
      },
      {
        "sentenceNo": 3,
        "sentenceContent": "참가를 희망하는 부산지역 대학생 20여 명이 참여한 가운데 부산소재 동의대학교 강당에서 진행됐다.",
        "sentenceSize": 54
      },
      {
        "sentenceNo": 4,
        "sentenceContent": "이번 교육은 사회 경험이 부족해 전세사기 피해를 당할 가능성이 높은 대학생들에게 전세사기를 예방할 수 있도록 맞춰졌다.",
        "sentenceSize": 66
      },
      {
        "sentenceNo": 5,
        "sentenceContent": "주요 전세사기 유형과 언론에 보도된 실제 사건을 소개하고 이를 예방하기 위한 전세 계약 유의 사항과 부동산 등기부등본 보는 법, 부동산 권리 관계 분석 방법 등을 집중적으로 교육했다.",
        "sentenceSize": 102
      },
      {
        "sentenceNo": 6,
        "sentenceContent": "HUG관계자는 데일리임팩트에 \\\"HUG는 전세사기 방지를 위해 고등학생 대상 전세사기 책자 배포, 전세 사기 예방툰 제작, 전세 사기 예방센터 구축․운용 등 다양한 사업을 추진하고 있다\\\"며 \\\"교육이 학생들과 시민들에게 조금이나마 도움이 돼길 바란다\\\"고 말했다.",
        "sentenceSize": 148
      }
    ]
  },
  "labeledDataInfo": {
    "newTitle": "주택도시보증공사가 부산 대학생 대상으로 실시한 교육은 무슨 내용일까?",
    "clickbaitClass": 0,
    "referSentenceInfo": [
      {
        "sentenceNo": 1,
        "referSentenceyn": "Y"
      },
      {
        "sentenceNo": 2,
        "referSentenceyn": "N"
      },
      {
        "sentenceNo": 3,
        "referSentenceyn": "N"
      },
      {
        "sentenceNo": 4,
        "referSentenceyn": "N"
      },
      {
        "sentenceNo": 5,
        "referSentenceyn": "N"
      },
      {
        "sentenceNo": 6,
        "referSentenceyn": "N"
      }
    ]
  }
}