{
  "sourceDataInfo": {
    "newsID": "EC_M02_160544",
    "newsCategory": "경제",
    "newsSubcategory": "일반",
    "newsTitle": "중흥건설, 도시정비관련 1조1000억대 사업 수주 '쾌거'",
    "newsSubTitle": "",
    "newsContent": "중흥건설이 올해 도시정비사업 수주에서 다시 1조원 이상을 달성하며 위상을 되찾았다.\n4일 중흥건설에 따르면 중흥건설은 올해 도시정비사업 수주 1조1000억원을 달성했다.\n중흥건설의 한 관계자는 미디어SR에 \\\"줄곧 정비사업 부문에서 1조원을 넘기다 지난해 1조원의 절반 정도 수주했었다\\\"며 \\\"하지만 올해 다시 그 동안의 경험이 쌓여 본래 상태로 회복한 것\\\"이라고 설명했다.\n중흥건설그룹 계열사 중흥토건은 지난 달 31일 7000억 원 규모의 경남 창원 상남산호지구 재개발사업 시공사로 포스코건설·신동아건설과 함께 컨소시엄으로 선정됐다.\n이 사업은 경남 창원시 마산합포구 상남동 일원을 재개발하는 사업으로 아파트 3219가구와 오피스텔 218호실 규모의 사업이다.\n조합원분을 제외한 아파트 2044가구가 일반 분양되며, 2024년 3월 착공해 2027년 5월 준공 예정이다.\n중흥토건은 올해 부산 효성재건축 221가구, 천안 문화구역 833가구, 서울 봉천2구역 254가구, 대전선화1구역 1828가구, 서울 길훈아파트 220가구, 구미송림아파트 249가구, 창원 상남산호구역 재개발 및 도시환경정비사업 등을 수주해 총 5288가구, 도급액 1조 1553억 원을 달성했다.\n정비사업 분양실적은 2017년 광주송정주공 재건축사업을 시작으로 최근 서울 천호1도시환경정비사업 1200여 가구를 포함해 광주 유동임동 도시환경정비사업, 부산 덕포1구역 재개발사업, 광주 임동2구역재개발사업, 광주 계림8구역 도시정비사업 등 1만여 가구를 조기 완판 하는 등 전국적으로 뛰어난 분양 성과를 거뒀다고 평가 받는다.\n중흥건설 관계자는 \\\"서울을 비롯해 수도권과 전국으로 도시정비사업 수주를 더욱 활발히 진행해 도시정비사업의 강자로 거듭날 계획\\\"이라고 말했다.",
    "partNum": "P1",
    "useType": 0,
    "processType": "D",
    "processPattern": "15",
    "processLevel": "중",
    "sentenceCount": 9,
    "sentenceInfo": [
      {
        "sentenceNo": 1,
        "sentenceContent": "중흥건설이 올해 도시정비사업 수주에서 다시 1조원 이상을 달성하며 위상을 되찾았다.",
        "sentenceSize": 46
      },
      {
        "sentenceNo": 2,
        "sentenceContent": "4일 중흥건설에 따르면 중흥건설은 올해 도시정비사업 수주 1조1000억원을 달성했다.",
        "sentenceSize": 47
      },
      {
        "sentenceNo": 3,
        "sentenceContent": "중흥건설의 한 관계자는 미디어SR에 \\\"줄곧 정비사업 부문에서 1조원을 넘기다 지난해 1조원의 절반 정도 수주했었다\\\"며 \\\"하지만 올해 다시 그 동안의 경험이 쌓여 본래 상태로 회복한 것\\\"이라고 설명했다.",
        "sentenceSize": 116
      },
      {
        "sentenceNo": 4,
        "sentenceContent": "중흥건설그룹 계열사 중흥토건은 지난 달 31일 7000억 원 규모의 경남 창원 상남산호지구 재개발사업 시공사로 포스코건설·신동아건설과 함께 컨소시엄으로 선정됐다.",
        "sentenceSize": 90
      },
      {
        "sentenceNo": 5,
        "sentenceContent": "이 사업은 경남 창원시 마산합포구 상남동 일원을 재개발하는 사업으로 아파트 3219가구와 오피스텔 218호실 규모의 사업이다.",
        "sentenceSize": 70
      },
      {
        "sentenceNo": 6,
        "sentenceContent": "조합원분을 제외한 아파트 2044가구가 일반 분양되며, 2024년 3월 착공해 2027년 5월 준공 예정이다.",
        "sentenceSize": 61
      },
      {
        "sentenceNo": 7,
        "sentenceContent": "중흥토건은 올해 부산 효성재건축 221가구, 천안 문화구역 833가구, 서울 봉천2구역 254가구, 대전선화1구역 1828가구, 서울 길훈아파트 220가구, 구미송림아파트 249가구, 창원 상남산호구역 재개발 및 도시환경정비사업 등을 수주해 총 5288가구, 도급액 1조 1553억 원을 달성했다.",
        "sentenceSize": 166
      },
      {
        "sentenceNo": 8,
        "sentenceContent": "정비사업 분양실적은 2017년 광주송정주공 재건축사업을 시작으로 최근 서울 천호1도시환경정비사업 1200여 가구를 포함해 광주 유동임동 도시환경정비사업, 부산 덕포1구역 재개발사업, 광주 임동2구역재개발사업, 광주 계림8구역 도시정비사업 등 1만여 가구를 조기 완판 하는 등 전국적으로 뛰어난 분양 성과를 거뒀다고 평가 받는다.",
        "sentenceSize": 183
      },
      {
        "sentenceNo": 9,
        "sentenceContent": "중흥건설 관계자는 \\\"서울을 비롯해 수도권과 전국으로 도시정비사업 수주를 더욱 활발히 진행해 도시정비사업의 강자로 거듭날 계획\\\"이라고 말했다.",
        "sentenceSize": 80
      }
    ]
  },
  "labeledDataInfo": {
    "newTitle": "중흥건설, 도시정비사업 수주에서 최고 1조 원 이상 달성하며 위상 성공적 탈환",
    "clickbaitClass": 0,
    "referSentenceInfo": [
      {
        "sentenceNo": 1,
        "referSentenceyn": "Y"
      },
      {
        "sentenceNo": 2,
        "referSentenceyn": "N"
      },
      {
        "sentenceNo": 3,
        "referSentenceyn": "N"
      },
      {
        "sentenceNo": 4,
        "referSentenceyn": "N"
      },
      {
        "sentenceNo": 5,
        "referSentenceyn": "N"
      },
      {
        "sentenceNo": 6,
        "referSentenceyn": "N"
      },
      {
        "sentenceNo": 7,
        "referSentenceyn": "N"
      },
      {
        "sentenceNo": 8,
        "referSentenceyn": "N"
      },
      {
        "sentenceNo": 9,
        "referSentenceyn": "N"
      }
    ]
  }
}