{
  "sourceDataInfo": {
    "newsID": "EC_M02_160624",
    "newsCategory": "경제",
    "newsSubcategory": "산업",
    "newsTitle": "LG유플러스, 5G 기반 '프리미엄 M2M' 출시",
    "newsSubTitle": "LTE 대비 속도 10배 향상… 로봇·자율주행 등 신사업에 활용",
    "newsContent": "LG유플러스는 5G를 기반으로 초고속·대용량 데이터 전송을 지원하는 '프리미엄 M2M' 서비스를 출시했다고 18일 밝혔다.\nM2M(사물지능통신)은 사물 간 센싱, 제어, 정보교환과 처리를 지원하는 기술이다.\n즉, 각 사물에 통신용 센서·칩을 심어 기계 간 통신을 지원하는 기술이다.\nLG유플러스 관계자는 미디어SR에 \\\"M2M은 사물인터넷(IoT)과 비슷한 개념으로 이해하면 쉽다\\\"며 \\\"원래는 무선통신 기능이 없는 사물에 라우터를 부착해 와이파이 등 통신 기능을 지원한다\\\"고 설명했다.\n그는 \\\"가령 이 라우터를 공장의 기계에 부착해 스마트팩토리로 활용할 수 있고, 자동차에 부착해 차량관제가 가능한 식이다\\\"라고 덧붙였다.\n국내 M2M 서비스는 고속 성장을 거듭하고 있다.\nIT관련 시장조사기관 KRG에 따르면, 국내 M2M 시장은 지난 2015년부터 2020년까지 연평균 10%씩 성장했다.\n또한 무선통신 사용 확대와 신종 코로나바이러스 감염증(코로나19)으로 인한 비대면 사회 확산 등의 영향으로 오는 2023년까지 지속적인 성장이 전망된다.\nLG유플러스 관계자는 미디어SR에 \\\"기존에 LG유플러스는 LTE 기반의 M2M 서비스를 지원하고 있었다\\\"며 \\\"이번에 출시한 M2M 서비스는 이를 업그레이드 해 5G와 LTE CA(carrier aggregation) 기술을 지원한다\\\"라고 밝혔다.\n5G 기반으로 제공되는 M2M 서비스(라우터)는 이론상 최대 1.3Gbps의 속도를 제공한다.\n기존 LTE M2M 대비 데이터 전송 속도가 10배 빠르다.\n또한 1대의 M2M 단말기에 10명 이상 연결해 5G 무선통신을 이용할 수도 있다.\n향상된 데이터 전송 속도와 짧아진 지연 시간, 멀티 접속 등을 바탕으로 메타버스·로봇·자율주행 등 신산업 분야와 중소기업이나 소상공인이 사업장에서 유선인터넷을 대신해 사용할 수도 있다.\nLTE CA 기술을 활용한 M2M 서비스는 3개의 주파수를 연결해 대역폭을 넓힘으로써 속도를 높였다.\n이용자는 필요에 따라 LTE와 LTE CA, 5G 등 원하는 M2M 서비스를 선택해 사용할 수 있다.\n프리미엄 M2M 서비스의 이용 요금은 5G나 LTE CA 상관없이 데이터 제공량에 따라 최소 월 3만1900원(20G)에서 최대 월 22만원(500G)으로 구성됐다.\n타사와 달리 제공량 이내에서는 속도 제한 없이 데이터 이용이 가능하고, 기본 제공 데이터 모두 소진 시에도 1~10Mbps 속도로 서비스를 사용할 수 있는 것이 특징이다.\nLG유플러스는 M2M 서비스 장애 발생 시 빠른 조치가 어렵다는 이용자들의 의견을 반영해 원격지에서 프리미엄 M2M 단말과 회선을 모니터링하고, 장애에 대응할 수 있는 '원격 상태관리 플랫폼'도 제공한다.\n보안에 대한 우려를 해소하기 위해 암호화 통신과 안전한 데이터 송수신을 지원하는 VPN도 부가서비스 형태로 내놨다.\n임장혁 LG유플러스 기업기반사업그룹장 상무는 \\\"기존 LTE 대비 고속·고용량 데이터 전송을 요구하는 고객이 많아 프리미엄 M2M 서비스를 출시하게 됐다\\\"며 \\\"향후 다양한 단말기와 차별화된 서비스를 출시해 시장을 선도할 것\\\"이라고 말했다.",
    "partNum": "P1",
    "useType": 0,
    "processType": "D",
    "processPattern": "15",
    "processLevel": "중",
    "sentenceCount": 20,
    "sentenceInfo": [
      {
        "sentenceNo": 1,
        "sentenceContent": "LG유플러스는 5G를 기반으로 초고속·대용량 데이터 전송을 지원하는 '프리미엄 M2M' 서비스를 출시했다고 18일 밝혔다.",
        "sentenceSize": 68
      },
      {
        "sentenceNo": 2,
        "sentenceContent": "M2M(사물지능통신)은 사물 간 센싱, 제어, 정보교환과 처리를 지원하는 기술이다.",
        "sentenceSize": 46
      },
      {
        "sentenceNo": 3,
        "sentenceContent": "즉, 각 사물에 통신용 센서·칩을 심어 기계 간 통신을 지원하는 기술이다.",
        "sentenceSize": 41
      },
      {
        "sentenceNo": 4,
        "sentenceContent": "LG유플러스 관계자는 미디어SR에 \\\"M2M은 사물인터넷(IoT)과 비슷한 개념으로 이해하면 쉽다\\\"며 \\\"원래는 무선통신 기능이 없는 사물에 라우터를 부착해 와이파이 등 통신 기능을 지원한다\\\"고 설명했다.",
        "sentenceSize": 116
      },
      {
        "sentenceNo": 5,
        "sentenceContent": "그는 \\\"가령 이 라우터를 공장의 기계에 부착해 스마트팩토리로 활용할 수 있고, 자동차에 부착해 차량관제가 가능한 식이다\\\"라고 덧붙였다.",
        "sentenceSize": 77
      },
      {
        "sentenceNo": 6,
        "sentenceContent": "국내 M2M 서비스는 고속 성장을 거듭하고 있다.",
        "sentenceSize": 27
      },
      {
        "sentenceNo": 7,
        "sentenceContent": "IT관련 시장조사기관 KRG에 따르면, 국내 M2M 시장은 지난 2015년부터 2020년까지 연평균 10%씩 성장했다.",
        "sentenceSize": 66
      },
      {
        "sentenceNo": 8,
        "sentenceContent": "또한 무선통신 사용 확대와 신종 코로나바이러스 감염증(코로나19)으로 인한 비대면 사회 확산 등의 영향으로 오는 2023년까지 지속적인 성장이 전망된다.",
        "sentenceSize": 85
      },
      {
        "sentenceNo": 9,
        "sentenceContent": "LG유플러스 관계자는 미디어SR에 \\\"기존에 LG유플러스는 LTE 기반의 M2M 서비스를 지원하고 있었다\\\"며 \\\"이번에 출시한 M2M 서비스는 이를 업그레이드 해 5G와 LTE CA(carrier aggregation) 기술을 지원한다\\\"라고 밝혔다.",
        "sentenceSize": 141
      },
      {
        "sentenceNo": 10,
        "sentenceContent": "5G 기반으로 제공되는 M2M 서비스(라우터)는 이론상 최대 1.3Gbps의 속도를 제공한다.",
        "sentenceSize": 52
      },
      {
        "sentenceNo": 11,
        "sentenceContent": "기존 LTE M2M 대비 데이터 전송 속도가 10배 빠르다.",
        "sentenceSize": 33
      },
      {
        "sentenceNo": 12,
        "sentenceContent": "또한 1대의 M2M 단말기에 10명 이상 연결해 5G 무선통신을 이용할 수도 있다.",
        "sentenceSize": 46
      },
      {
        "sentenceNo": 13,
        "sentenceContent": "향상된 데이터 전송 속도와 짧아진 지연 시간, 멀티 접속 등을 바탕으로 메타버스·로봇·자율주행 등 신산업 분야와 중소기업이나 소상공인이 사업장에서 유선인터넷을 대신해 사용할 수도 있다.",
        "sentenceSize": 103
      },
      {
        "sentenceNo": 14,
        "sentenceContent": "LTE CA 기술을 활용한 M2M 서비스는 3개의 주파수를 연결해 대역폭을 넓힘으로써 속도를 높였다.",
        "sentenceSize": 56
      },
      {
        "sentenceNo": 15,
        "sentenceContent": "이용자는 필요에 따라 LTE와 LTE CA, 5G 등 원하는 M2M 서비스를 선택해 사용할 수 있다.",
        "sentenceSize": 56
      },
      {
        "sentenceNo": 16,
        "sentenceContent": "프리미엄 M2M 서비스의 이용 요금은 5G나 LTE CA 상관없이 데이터 제공량에 따라 최소 월 3만1900원(20G)에서 최대 월 22만원(500G)으로 구성됐다.",
        "sentenceSize": 92
      },
      {
        "sentenceNo": 17,
        "sentenceContent": "타사와 달리 제공량 이내에서는 속도 제한 없이 데이터 이용이 가능하고, 기본 제공 데이터 모두 소진 시에도 1~10Mbps 속도로 서비스를 사용할 수 있는 것이 특징이다.",
        "sentenceSize": 95
      },
      {
        "sentenceNo": 18,
        "sentenceContent": "LG유플러스는 M2M 서비스 장애 발생 시 빠른 조치가 어렵다는 이용자들의 의견을 반영해 원격지에서 프리미엄 M2M 단말과 회선을 모니터링하고, 장애에 대응할 수 있는 '원격 상태관리 플랫폼'도 제공한다.",
        "sentenceSize": 114
      },
      {
        "sentenceNo": 19,
        "sentenceContent": "보안에 대한 우려를 해소하기 위해 암호화 통신과 안전한 데이터 송수신을 지원하는 VPN도 부가서비스 형태로 내놨다.",
        "sentenceSize": 64
      },
      {
        "sentenceNo": 20,
        "sentenceContent": "임장혁 LG유플러스 기업기반사업그룹장 상무는 \\\"기존 LTE 대비 고속·고용량 데이터 전송을 요구하는 고객이 많아 프리미엄 M2M 서비스를 출시하게 됐다\\\"며 \\\"향후 다양한 단말기와 차별화된 서비스를 출시해 시장을 선도할 것\\\"이라고 말했다.",
        "sentenceSize": 136
      }
    ]
  },
  "labeledDataInfo": {
    "newTitle": "LG유플러스, 총알보다 빠른 '프리미엄 M2M' 서비스 출시",
    "clickbaitClass": 0,
    "referSentenceInfo": [
      {
        "sentenceNo": 1,
        "referSentenceyn": "Y"
      },
      {
        "sentenceNo": 2,
        "referSentenceyn": "N"
      },
      {
        "sentenceNo": 3,
        "referSentenceyn": "N"
      },
      {
        "sentenceNo": 4,
        "referSentenceyn": "N"
      },
      {
        "sentenceNo": 5,
        "referSentenceyn": "N"
      },
      {
        "sentenceNo": 6,
        "referSentenceyn": "N"
      },
      {
        "sentenceNo": 7,
        "referSentenceyn": "N"
      },
      {
        "sentenceNo": 8,
        "referSentenceyn": "N"
      },
      {
        "sentenceNo": 9,
        "referSentenceyn": "N"
      },
      {
        "sentenceNo": 10,
        "referSentenceyn": "N"
      },
      {
        "sentenceNo": 11,
        "referSentenceyn": "N"
      },
      {
        "sentenceNo": 12,
        "referSentenceyn": "N"
      },
      {
        "sentenceNo": 13,
        "referSentenceyn": "N"
      },
      {
        "sentenceNo": 14,
        "referSentenceyn": "N"
      },
      {
        "sentenceNo": 15,
        "referSentenceyn": "N"
      },
      {
        "sentenceNo": 16,
        "referSentenceyn": "N"
      },
      {
        "sentenceNo": 17,
        "referSentenceyn": "N"
      },
      {
        "sentenceNo": 18,
        "referSentenceyn": "N"
      },
      {
        "sentenceNo": 19,
        "referSentenceyn": "N"
      },
      {
        "sentenceNo": 20,
        "referSentenceyn": "N"
      }
    ]
  }
}