{
  "sourceDataInfo": {
    "newsID": "EC_M02_156546",
    "newsCategory": "경제",
    "newsSubcategory": "건설부동산",
    "newsTitle": "원자력공사 강자 대우건설, 수출용신형연구로 공사 수주",
    "newsSubTitle": "총 3632억원 규모, 현대·GS건설과 컨소시엄",
    "newsContent": "대우건설(대표 백정완)은 지난 5일 한국원자력연구원이 발주한 총 3632억원 규모의 수출용 신형연구로 및 부대시설 건설공사를 수주했다고 7일 밝혔다.\n대우건설은 종합심사낙찰제로 이뤄진 이번 입찰에서 현대건설(30%) 및 GS건설(20%)과 컨소시엄을 구성해 참여했다.\n현대건설은 50% 지분(1816억원)으로 컨소시엄 주간사를 맡았다.\n공사기간은 착공일로부터 60개월이다.\n이 프로젝트는 부산광역시 기장군 동남권 방사선 의·과학 일반산업단지 내에서 실시된다.\n수출용신형연구로 건설공사는 하부구동 제어장치와 판형 핵연료 등 세계 최초로 적용되는 최신기술을 적용한 15MW급 연구용 원자로로 지하 4층에서 지상 3층의 개방수조형 원자로와 관련계통 및 이용설비를 건설하는 공사로 이뤄진다.\n완공 시 그동안 수입에만 의존해왔던 방사성 동위원소의 국내 수급안정 수출생산능력을 확보하고 중성자를 이용한 고품질 전력용 반도체 생산에도 크게 기여할 전망이다.\n또한 글로벌 시장에서 연구로 수출에도 획기적인 경쟁력을 갖추게 된다.\n대우건설은 이미 2013년에 이번에 발주된 수출용신형연구로에 대한 종합설계용역을 수행한 바 있다.\n대우건설 관계자는 데일리임팩트에 \\\"대우건설은 원전 및 연구로 등 원자력 분야에서 설계·시공·성능개선·폐기물처리·해체에 이르는 전 사이클에 대한 경험과 기술경쟁력을 확보한 유일한 건설사\\\"라며 \\\"향후 국내·외 관련 분야에 적극적으로 참여할 것\\\"이라고 밝혔다.",
    "partNum": "P1",
    "useType": 0,
    "processType": "D",
    "processPattern": "14",
    "processLevel": "중",
    "sentenceCount": 10,
    "sentenceInfo": [
      {
        "sentenceNo": 1,
        "sentenceContent": "대우건설(대표 백정완)은 지난 5일 한국원자력연구원이 발주한 총 3632억원 규모의 수출용 신형연구로 및 부대시설 건설공사를 수주했다고 7일 밝혔다.",
        "sentenceSize": 83
      },
      {
        "sentenceNo": 2,
        "sentenceContent": "대우건설은 종합심사낙찰제로 이뤄진 이번 입찰에서 현대건설(30%) 및 GS건설(20%)과 컨소시엄을 구성해 참여했다.",
        "sentenceSize": 65
      },
      {
        "sentenceNo": 3,
        "sentenceContent": "현대건설은 50% 지분(1816억원)으로 컨소시엄 주간사를 맡았다.",
        "sentenceSize": 37
      },
      {
        "sentenceNo": 4,
        "sentenceContent": "공사기간은 착공일로부터 60개월이다.",
        "sentenceSize": 20
      },
      {
        "sentenceNo": 5,
        "sentenceContent": "이 프로젝트는 부산광역시 기장군 동남권 방사선 의·과학 일반산업단지 내에서 실시된다.",
        "sentenceSize": 47
      },
      {
        "sentenceNo": 6,
        "sentenceContent": "수출용신형연구로 건설공사는 하부구동 제어장치와 판형 핵연료 등 세계 최초로 적용되는 최신기술을 적용한 15MW급 연구용 원자로로 지하 4층에서 지상 3층의 개방수조형 원자로와 관련계통 및 이용설비를 건설하는 공사로 이뤄진다.",
        "sentenceSize": 125
      },
      {
        "sentenceNo": 7,
        "sentenceContent": "완공 시 그동안 수입에만 의존해왔던 방사성 동위원소의 국내 수급안정 수출생산능력을 확보하고 중성자를 이용한 고품질 전력용 반도체 생산에도 크게 기여할 전망이다.",
        "sentenceSize": 89
      },
      {
        "sentenceNo": 8,
        "sentenceContent": "또한 글로벌 시장에서 연구로 수출에도 획기적인 경쟁력을 갖추게 된다.",
        "sentenceSize": 38
      },
      {
        "sentenceNo": 9,
        "sentenceContent": "대우건설은 이미 2013년에 이번에 발주된 수출용신형연구로에 대한 종합설계용역을 수행한 바 있다.",
        "sentenceSize": 54
      },
      {
        "sentenceNo": 10,
        "sentenceContent": "대우건설 관계자는 데일리임팩트에 \\\"대우건설은 원전 및 연구로 등 원자력 분야에서 설계·시공·성능개선·폐기물처리·해체에 이르는 전 사이클에 대한 경험과 기술경쟁력을 확보한 유일한 건설사\\\"라며 \\\"향후 국내·외 관련 분야에 적극적으로 참여할 것\\\"이라고 밝혔다.",
        "sentenceSize": 146
      }
    ]
  },
  "labeledDataInfo": {
    "newTitle": "한국원자력연구원... 무려 3632억 원 규모의 수출용 건설공사 수주?! 머선 129",
    "clickbaitClass": 0,
    "referSentenceInfo": [
      {
        "sentenceNo": 1,
        "referSentenceyn": "Y"
      },
      {
        "sentenceNo": 2,
        "referSentenceyn": "N"
      },
      {
        "sentenceNo": 3,
        "referSentenceyn": "N"
      },
      {
        "sentenceNo": 4,
        "referSentenceyn": "N"
      },
      {
        "sentenceNo": 5,
        "referSentenceyn": "N"
      },
      {
        "sentenceNo": 6,
        "referSentenceyn": "N"
      },
      {
        "sentenceNo": 7,
        "referSentenceyn": "N"
      },
      {
        "sentenceNo": 8,
        "referSentenceyn": "N"
      },
      {
        "sentenceNo": 9,
        "referSentenceyn": "N"
      },
      {
        "sentenceNo": 10,
        "referSentenceyn": "N"
      }
    ]
  }
}