{
  "sourceDataInfo": {
    "newsID": "EC_M02_157673",
    "newsCategory": "경제",
    "newsSubcategory": "산업",
    "newsTitle": "사조대림 고추장, 할랄시장서 通했다",
    "newsSubTitle": "2018년 말레이시아에 할랄 고추장 출시 시작, 매년 높은 성장률 기록 시장확대 위해 맛과 편의성, 할랄인증 강화 제품과 공격적 마케팅 계획",
    "newsContent": "K-팝, 영화, 게임 등 대한민국의 다양한 문화 콘텐츠가 전세계적으로 큰 인기를 끌고 있다.\n이와 함께 K-푸드의 인기도 날로 커지고 있는데, 특히 이슬람 문화권에서 한국음식에 대한 관심과 인기가 점점 높아지고 있다.\n종합식품기업 사조대림은 동남아시아를 중심으로 한 한류열풍의 계속되는 인기와 할랄푸드 시장의 높은 성장 가능성을 바탕으로 2018년부터 말레이시아 시장에 할랄인증 제품들을 선보이며 입지를 굳건히 다지고 있다.\n특히, 2018년 6월 할랄제품 전용 생산라인을 갖추고 할랄인증을 받은 사조그룹의 장류 생산공장 '사조산업 순창공장'에서 생산된 고추장 제품이 현지에서 좋은 반응을 얻고 있다.\n현재 사조대림은 말레이시아와 싱가포르에 '사조 할랄고추장'과 '사조 매운 할랄고추장'을 선보이고 있는데, 이 가운데 '사조 할랄고추장'이 칼칼하고 알싸한 매운맛으로 소비자들에게 많은 사랑을 받고 있다.\n사조대림의 '사조 할랄고추장' 2종의 2019년도 판매량은 말레이시아 할랄시장에 진출한 첫해인 2018년 대비 약 1,360% 신장했으며, 그 이듬해인 2020년에는 11월까지의 판매량이 전년도 대비 약 300% 가량 성장하는 등 매년 폭발적인 성장세를 보였다.\n사조 고추장의 이러한 인기 요인으로는 칼칼하고 알싸한 한국 고추장 특유의 매운맛이 여러 동남아 음식과 잘 어울리면서 소비자들의 입맛을 사로잡았으며, 한류열풍과 함께 떡볶이, 라면 등 다양한 한국음식들이 소개되면서 현지에서도 한국의 맛을 즐길 수 있는 제품의 수요가 높아진 점도 중요한 요인으로 작용했다고 판단된다.\n더불어 한국 제품이 갖고 있는 프리미엄 이미지도 소비자들의 선택에 영향을 미쳤을 것으로 예상되며, 무엇보다 철저한 할랄인증을 통해 무슬림 소비자들이 걱정 없이 제품을 선택할 수 있었던 점이 가장 기본적이면서 큰 요인으로 작용했다고 판단된다.\n사조대림은 동남아 소비자들의 입맛을 사로잡은 고추장에 이어 다양한 맛과 형태의 'K-장류' 라인업을 강화해 이러한 인기를 더욱 확대해 나갈 준비를 하고 있다.\n이미 할랄인증을 마치고 올해 상반기 출시를 목표로 '사조 고추장 떡볶이 양념'과 '사조 쌈장'을 출시 준비 중에 있다.\n사조대림 관계자는 미디어SR에 \\\"언제 어디서든 간편하고 더 깔끔하게 사용할 수 있는 튜브형태의 제품을 선보여 소비층을 확대해 나가는 한편, 이를 위해 고추장, 쌈장 등을 활용한 다양한 레시피를 알리는 홍보활동도 적극적으로 펼쳐 나갈 계획\\\"이라고 말했다.\n사조대림 마케팅팀 담당자는 \\\"할랄푸드 시장은 굉장한 성장 가능성과 잠재력을 보유한 시장이라고 판단되며, 이에 따라 앞으로 경쟁 또한 더욱 치열해질 것으로 예상된다\\\"라며 \\\"사조대림은 50여년간 국내 식품시장에서 쌓아온 기술력과 노하우를 바탕으로 철저한 할랄인증 시스템을 더해 앞으로 더 좋은 맛과 품질의 다양한 할랄제품을 선보이도록 노력하겠다\\\"고 강조했다.",
    "partNum": "P1",
    "useType": 0,
    "processType": "D",
    "processPattern": "11",
    "processLevel": "하",
    "sentenceCount": 12,
    "sentenceInfo": [
      {
        "sentenceNo": 1,
        "sentenceContent": "K-팝, 영화, 게임 등 대한민국의 다양한 문화 콘텐츠가 전세계적으로 큰 인기를 끌고 있다.",
        "sentenceSize": 51
      },
      {
        "sentenceNo": 2,
        "sentenceContent": "이와 함께 K-푸드의 인기도 날로 커지고 있는데, 특히 이슬람 문화권에서 한국음식에 대한 관심과 인기가 점점 높아지고 있다.",
        "sentenceSize": 69
      },
      {
        "sentenceNo": 3,
        "sentenceContent": "종합식품기업 사조대림은 동남아시아를 중심으로 한 한류열풍의 계속되는 인기와 할랄푸드 시장의 높은 성장 가능성을 바탕으로 2018년부터 말레이시아 시장에 할랄인증 제품들을 선보이며 입지를 굳건히 다지고 있다.",
        "sentenceSize": 115
      },
      {
        "sentenceNo": 4,
        "sentenceContent": "특히, 2018년 6월 할랄제품 전용 생산라인을 갖추고 할랄인증을 받은 사조그룹의 장류 생산공장 '사조산업 순창공장'에서 생산된 고추장 제품이 현지에서 좋은 반응을 얻고 있다.",
        "sentenceSize": 98
      },
      {
        "sentenceNo": 5,
        "sentenceContent": "현재 사조대림은 말레이시아와 싱가포르에 '사조 할랄고추장'과 '사조 매운 할랄고추장'을 선보이고 있는데, 이 가운데 '사조 할랄고추장'이 칼칼하고 알싸한 매운맛으로 소비자들에게 많은 사랑을 받고 있다.",
        "sentenceSize": 112
      },
      {
        "sentenceNo": 6,
        "sentenceContent": "사조대림의 '사조 할랄고추장' 2종의 2019년도 판매량은 말레이시아 할랄시장에 진출한 첫해인 2018년 대비 약 1,360% 신장했으며, 그 이듬해인 2020년에는 11월까지의 판매량이 전년도 대비 약 300% 가량 성장하는 등 매년 폭발적인 성장세를 보였다.",
        "sentenceSize": 146
      },
      {
        "sentenceNo": 7,
        "sentenceContent": "사조 고추장의 이러한 인기 요인으로는 칼칼하고 알싸한 한국 고추장 특유의 매운맛이 여러 동남아 음식과 잘 어울리면서 소비자들의 입맛을 사로잡았으며, 한류열풍과 함께 떡볶이, 라면 등 다양한 한국음식들이 소개되면서 현지에서도 한국의 맛을 즐길 수 있는 제품의 수요가 높아진 점도 중요한 요인으로 작용했다고 판단된다.",
        "sentenceSize": 175
      },
      {
        "sentenceNo": 8,
        "sentenceContent": "더불어 한국 제품이 갖고 있는 프리미엄 이미지도 소비자들의 선택에 영향을 미쳤을 것으로 예상되며, 무엇보다 철저한 할랄인증을 통해 무슬림 소비자들이 걱정 없이 제품을 선택할 수 있었던 점이 가장 기본적이면서 큰 요인으로 작용했다고 판단된다.",
        "sentenceSize": 134
      },
      {
        "sentenceNo": 9,
        "sentenceContent": "사조대림은 동남아 소비자들의 입맛을 사로잡은 고추장에 이어 다양한 맛과 형태의 'K-장류' 라인업을 강화해 이러한 인기를 더욱 확대해 나갈 준비를 하고 있다.",
        "sentenceSize": 88
      },
      {
        "sentenceNo": 10,
        "sentenceContent": "이미 할랄인증을 마치고 올해 상반기 출시를 목표로 '사조 고추장 떡볶이 양념'과 '사조 쌈장'을 출시 준비 중에 있다.",
        "sentenceSize": 66
      },
      {
        "sentenceNo": 11,
        "sentenceContent": "사조대림 관계자는 미디어SR에 \\\"언제 어디서든 간편하고 더 깔끔하게 사용할 수 있는 튜브형태의 제품을 선보여 소비층을 확대해 나가는 한편, 이를 위해 고추장, 쌈장 등을 활용한 다양한 레시피를 알리는 홍보활동도 적극적으로 펼쳐 나갈 계획\\\"이라고 말했다.",
        "sentenceSize": 143
      },
      {
        "sentenceNo": 12,
        "sentenceContent": "사조대림 마케팅팀 담당자는 \\\"할랄푸드 시장은 굉장한 성장 가능성과 잠재력을 보유한 시장이라고 판단되며, 이에 따라 앞으로 경쟁 또한 더욱 치열해질 것으로 예상된다\\\"라며 \\\"사조대림은 50여년간 국내 식품시장에서 쌓아온 기술력과 노하우를 바탕으로 철저한 할랄인증 시스템을 더해 앞으로 더 좋은 맛과 품질의 다양한 할랄제품을 선보이도록 노력하겠다\\\"고 강조했다.",
        "sentenceSize": 202
      }
    ]
  },
  "labeledDataInfo": {
    "newTitle": "사조대림 고추장, 할랄시장서 通했다... 비결은?",
    "clickbaitClass": 0,
    "referSentenceInfo": [
      {
        "sentenceNo": 1,
        "referSentenceyn": "N"
      },
      {
        "sentenceNo": 2,
        "referSentenceyn": "N"
      },
      {
        "sentenceNo": 3,
        "referSentenceyn": "N"
      },
      {
        "sentenceNo": 4,
        "referSentenceyn": "N"
      },
      {
        "sentenceNo": 5,
        "referSentenceyn": "N"
      },
      {
        "sentenceNo": 6,
        "referSentenceyn": "N"
      },
      {
        "sentenceNo": 7,
        "referSentenceyn": "Y"
      },
      {
        "sentenceNo": 8,
        "referSentenceyn": "N"
      },
      {
        "sentenceNo": 9,
        "referSentenceyn": "N"
      },
      {
        "sentenceNo": 10,
        "referSentenceyn": "N"
      },
      {
        "sentenceNo": 11,
        "referSentenceyn": "N"
      },
      {
        "sentenceNo": 12,
        "referSentenceyn": "N"
      }
    ]
  }
}