{
  "sourceDataInfo": {
    "newsID": "EC_M02_157544",
    "newsCategory": "경제",
    "newsSubcategory": "산업",
    "newsTitle": "과기부, '알뜰폰 허브' 개편으로 알뜰폰+자급, 중고폰 돕는다",
    "newsSubTitle": "",
    "newsContent": "과학기술정보통신부(과기정통부)는 31일 \\\"알뜰폰 활성화 대책(8.9)\\\"의 일환으로 알뜰폰 종합 포털인 \\\"알뜰폰허브(알뜰폰.kr)\\\"를 전면 개편해 9월 1일 오픈한다고 밝혔다.\n과기정통부와 알뜰폰허브를 운영하는 한국정보통신진흥협회(KAIT)는 알뜰폰 허브를 통해 알뜰폰 요금제와 알뜰폰+자급폰 혹은 알뜰폰+중고폰 결합을 대폭 쉽게 할 예정이다.\n알뜰폰 요금이 저렴한 이유는 대체 불가능한 이동통신설비(기지국, 기지국 제어기 등)를 이동통신망사업자로부터 빌려 쓰기 때문이다.\n기존 이동통신사업자와 동일한 주파수를 사용하기 때문에 품질은 동일하면서도, 통신망 관리비나 유지비 등의 비용을 절감할 수 있다.\n대신 요금 절감 외의 단말기 보조금이나 멤버십, 이벤트와 같은 서비스가 부족하다는 단점이 있다.\n과기정통부는 이번 개편의 핵심으로 '소비자가 16개 알뜰폰 사업자의 요금제를 손쉽게 비교할 수 있는 맞춤형 요금제 지원'을 꼽았다.\n알뜰폰허브는 이용자들이 사용하길 원하는 데이터, 음성, 문자 사용량 범위를 직접 설정하고, 그에 따른 알뜰폰 요금제를 비교·검색할 수 있게끔 할 예정이다.\n다음으로, 단말기 제조사의 자급제 신규 단말기 사이트를 비롯해 주요 중고단말기 판매사이트와 연계해 단말기를 살 수 있도록 했다.\n이를 통해 이용자들이 알뜰폰허브 한 번의 방문으로 알뜰폰 가입과 단말기 구매를 원스탑으로 할 수 있도록 했다.\nKAIT 관계자는 미디어SR에 \\\"알뜰폰 시장에서는 동일한 알뜰폰 사업자라도 이동통신사업자에게 임차한 네트워크망에 따라 다른 요금제를 내놓았다\\\"면서 \\\"알뜰폰허브에서는 등록한 알뜰폰 사업자들이 제공하는 요금제를 한 번에 비교할 수 있다는 점에서 기성 통신사에서 운영하는 알뜰폰 매매 사이트와 구별된다\\\"라고 설명했다.\n그는 이어 \\\"현재 알뜰폰허브에 등록된 중고폰 사업체는 2개소 지만 단말기 구매자들의 편의를 위해 중고폰 사업자들과의 협력을 적극적으로 늘려나갈 것\\\"이라고 말했다.\n과기정통부는 또한 알뜰폰허브 개편(9.1)에 맞춰 국민카드와 우체국카드에서 '알뜰폰 전용할인카드'를 출시해 카드 이용실적에 따라 1만원에서 최대 1만5000원 이상 통신요금 할인을 받을 수 있도록 했다.\n과기정통부는 \\\"알뜰폰허브 개편을 통해 이용자들이 맞춤형 요금제와 단말기를 한 번에 검색하고 구매할 수 있게 되면서, 코로나19 장기화로 어려움을 겪는 가계 등이 알뜰폰을 활용해 통신비 부담을 경감시킬 것으로 기대한다\\\"고 밝혔다 한편 과기정통부와 KAIT는 알뜰폰허브 입점 사업자를 지속 확대해나가는 한편, 카카오페이, 패스(PASS)앱 등 비대면 인증수단을 알뜰폰 허브에도 적용해 비대면 서비스를 확대, 지원키로 했다.",
    "partNum": "P1",
    "useType": 0,
    "processType": "D",
    "processPattern": "11",
    "processLevel": "하",
    "sentenceCount": 13,
    "sentenceInfo": [
      {
        "sentenceNo": 1,
        "sentenceContent": "과학기술정보통신부(과기정통부)는 31일 \\\"알뜰폰 활성화 대책(8.9)\\\"의 일환으로 알뜰폰 종합 포털인 \\\"알뜰폰허브(알뜰폰.kr)\\\"를 전면 개편해 9월 1일 오픈한다고 밝혔다.",
        "sentenceSize": 101
      },
      {
        "sentenceNo": 2,
        "sentenceContent": "과기정통부와 알뜰폰허브를 운영하는 한국정보통신진흥협회(KAIT)는 알뜰폰 허브를 통해 알뜰폰 요금제와 알뜰폰+자급폰 혹은 알뜰폰+중고폰 결합을 대폭 쉽게 할 예정이다.",
        "sentenceSize": 93
      },
      {
        "sentenceNo": 3,
        "sentenceContent": "알뜰폰 요금이 저렴한 이유는 대체 불가능한 이동통신설비(기지국, 기지국 제어기 등)를 이동통신망사업자로부터 빌려 쓰기 때문이다.",
        "sentenceSize": 71
      },
      {
        "sentenceNo": 4,
        "sentenceContent": "기존 이동통신사업자와 동일한 주파수를 사용하기 때문에 품질은 동일하면서도, 통신망 관리비나 유지비 등의 비용을 절감할 수 있다.",
        "sentenceSize": 71
      },
      {
        "sentenceNo": 5,
        "sentenceContent": "대신 요금 절감 외의 단말기 보조금이나 멤버십, 이벤트와 같은 서비스가 부족하다는 단점이 있다.",
        "sentenceSize": 53
      },
      {
        "sentenceNo": 6,
        "sentenceContent": "과기정통부는 이번 개편의 핵심으로 '소비자가 16개 알뜰폰 사업자의 요금제를 손쉽게 비교할 수 있는 맞춤형 요금제 지원'을 꼽았다.",
        "sentenceSize": 73
      },
      {
        "sentenceNo": 7,
        "sentenceContent": "알뜰폰허브는 이용자들이 사용하길 원하는 데이터, 음성, 문자 사용량 범위를 직접 설정하고, 그에 따른 알뜰폰 요금제를 비교·검색할 수 있게끔 할 예정이다.",
        "sentenceSize": 86
      },
      {
        "sentenceNo": 8,
        "sentenceContent": "다음으로, 단말기 제조사의 자급제 신규 단말기 사이트를 비롯해 주요 중고단말기 판매사이트와 연계해 단말기를 살 수 있도록 했다.",
        "sentenceSize": 71
      },
      {
        "sentenceNo": 9,
        "sentenceContent": "이를 통해 이용자들이 알뜰폰허브 한 번의 방문으로 알뜰폰 가입과 단말기 구매를 원스탑으로 할 수 있도록 했다.",
        "sentenceSize": 61
      },
      {
        "sentenceNo": 10,
        "sentenceContent": "KAIT 관계자는 미디어SR에 \\\"알뜰폰 시장에서는 동일한 알뜰폰 사업자라도 이동통신사업자에게 임차한 네트워크망에 따라 다른 요금제를 내놓았다\\\"면서 \\\"알뜰폰허브에서는 등록한 알뜰폰 사업자들이 제공하는 요금제를 한 번에 비교할 수 있다는 점에서 기성 통신사에서 운영하는 알뜰폰 매매 사이트와 구별된다\\\"라고 설명했다.",
        "sentenceSize": 178
      },
      {
        "sentenceNo": 11,
        "sentenceContent": "그는 이어 \\\"현재 알뜰폰허브에 등록된 중고폰 사업체는 2개소 지만 단말기 구매자들의 편의를 위해 중고폰 사업자들과의 협력을 적극적으로 늘려나갈 것\\\"이라고 말했다.",
        "sentenceSize": 92
      },
      {
        "sentenceNo": 12,
        "sentenceContent": "과기정통부는 또한 알뜰폰허브 개편(9.1)에 맞춰 국민카드와 우체국카드에서 '알뜰폰 전용할인카드'를 출시해 카드 이용실적에 따라 1만원에서 최대 1만5000원 이상 통신요금 할인을 받을 수 있도록 했다.",
        "sentenceSize": 113
      },
      {
        "sentenceNo": 13,
        "sentenceContent": "과기정통부는 \\\"알뜰폰허브 개편을 통해 이용자들이 맞춤형 요금제와 단말기를 한 번에 검색하고 구매할 수 있게 되면서, 코로나19 장기화로 어려움을 겪는 가계 등이 알뜰폰을 활용해 통신비 부담을 경감시킬 것으로 기대한다\\\"고 밝혔다 한편 과기정통부와 KAIT는 알뜰폰허브 입점 사업자를 지속 확대해나가는 한편, 카카오페이, 패스(PASS)앱 등 비대면 인증수단을 알뜰폰 허브에도 적용해 비대면 서비스를 확대, 지원키로 했다.",
        "sentenceSize": 236
      }
    ]
  },
  "labeledDataInfo": {
    "newTitle": "과기부, 알뜰폰과 중고폰 돕는 정책 펼친다... 정책 내용은?",
    "clickbaitClass": 0,
    "referSentenceInfo": [
      {
        "sentenceNo": 1,
        "referSentenceyn": "Y"
      },
      {
        "sentenceNo": 2,
        "referSentenceyn": "Y"
      },
      {
        "sentenceNo": 3,
        "referSentenceyn": "N"
      },
      {
        "sentenceNo": 4,
        "referSentenceyn": "N"
      },
      {
        "sentenceNo": 5,
        "referSentenceyn": "N"
      },
      {
        "sentenceNo": 6,
        "referSentenceyn": "N"
      },
      {
        "sentenceNo": 7,
        "referSentenceyn": "N"
      },
      {
        "sentenceNo": 8,
        "referSentenceyn": "N"
      },
      {
        "sentenceNo": 9,
        "referSentenceyn": "N"
      },
      {
        "sentenceNo": 10,
        "referSentenceyn": "N"
      },
      {
        "sentenceNo": 11,
        "referSentenceyn": "N"
      },
      {
        "sentenceNo": 12,
        "referSentenceyn": "N"
      },
      {
        "sentenceNo": 13,
        "referSentenceyn": "N"
      }
    ]
  }
}