{
  "sourceDataInfo": {
    "newsID": "EC_M02_156485",
    "newsCategory": "경제",
    "newsSubcategory": "산업",
    "newsTitle": "코드에셋, 세계 최초 코드 기반 통합 플랫폼 '코드맵' 개발",
    "newsSubTitle": "“코드로 정보 등록, 공유, 소통 매칭을 위한 통합 서비스 제공”",
    "newsContent": "코드에셋(codeasset)이 세계 최초로 코드(숫자) 기반 통합 플랫폼 '코드맵' 개발에 성공했다고 27일 밝혔다.\n코드맵은 실시간 개별 연동되는 1인 소셜 미디어 플랫폼 서비스다.\n코드에셋이 개발에 성공한 코드맵은 기존의 바코드나 큐알(QR)코드와는 달리 지역이나 콘텐츠별로 생산자그룹과 소비자그룹을 실시간 매칭시켜주는 공유플랫폼이다.\n각종 신문, 잡지, 방송 등 매체의 기사나 광고 등 컨텐츠에 노출·게재된 코드맵을 스캔하여 플랫폼에 접속할 수 있다.\n코드에셋 양원진 대표는 미디어SR에 \\\"글로벌 특허기반으로 한글의 자음과 모음을 코드화한 코드맵 개발에 성공해 본격 서비스를 앞두고 테스트 중\\\"이라며 \\\"앞으로 구글과 애플의 스토어를 통해 코드맵의 플랫폼을 쉽게 접속해 활용할 수 있게 지원할 예정\\\"이라고 밝혔다.\n양 대표는 이어 \\\"한글의 자음과 모음을 기반 공유 코드맵을 글로벌로 서비스하겠다. 한글의 자음과 모음기반의 공유 코드맵을 세계 최초로 가로쓰기가 가능한 공유 코드맵을 제공하여 모든 인쇄매체의 통신융합 플랫폼을 제공할 예정\\\"이라고 설명했다.\n코드맵은 기존의 불공정한 정보 제공을 지양하고 공정한 정보 제공에 의한 기회의 균등 등 건전한 매칭 생태계를 조성해 소통과 공유문화를 만들어가는 것이 목표다.\n코드에셋은 신문, TV 등 매체의 플랫폼화를 통한 상품, 용역, 서비스, 콘텐츠 유형별 스마트 단말을 이용하는 코드 및 키워드 기반의 실시간 정보유통시스템 및 정보유통방법에 대한 특허 등록을 완료했다.\n또, 일본, 미국, 싱가포르, 러시아 등 국제특허(PCT) 취득도 완료했다.\n양 대표는 \\\"현재 코드맵 개발에 사용하고 있는 2개의 특허기술 관련 가치평가액이 560억원 이상인 것으로 평가받았다\\\"고 귀띔하면서 \\\"카카오, 우버, 에어비앤비, 아마존을 뛰어넘어 더욱 진보된 콘텐츠 공유 플랫폼이 목표로, 해외에도 진출해 유니콘 기업으로 성장해 나가겠다\\\"는 포부를 밝히기도 했다.\n한편 코드맵은 업종별, 직종별, 상품별로 수백여 개의 숫자와 코드로 나눈 뒤 코드맵 시스템에 적용한다.\n위치기반서비스(LBS, GPS)를 활용해 가입자가 어디에 있든 기존 플랫폼과는 달리 가까운 거리순으로 해당 업소가 뜨고 정보가 제공되는 방식이다.\n특히 코드맵 플랫폼은 사업자, 개인, 지역 등 다양한 사용자들이 자기 주도적으로 홍보, 판촉, 마켓, 일거리, 일자리 등 다양한 주제에서 융·복합적 정보를 1인이 주체적으로 등록하고 공유하고 소통함으로써 지역 및 콘텐츠 기반 공유 플랫폼을 표방하고 있다.\n스타트업 발굴과 IPO컨설팅 전문그룹인 세븐스톡 송영봉 대표는 \\\"기술핵심 특허인 코드(숫자)를 기반으로 한 융복합적 빅데이터 기술은 발전 가능성이 매우 높다.\\\"면서 \\\"대형 포털 독과점 상태에서 코드맵은 플랫폼을 통해 미국, 일본 등 해외시장 수출까지 가능하여 향후 글로벌 기업으로 발전 가능성이 높다\\\"고 평가했다.",
    "partNum": "P1",
    "useType": 0,
    "processType": "D",
    "processPattern": "14",
    "processLevel": "중",
    "sentenceCount": 14,
    "sentenceInfo": [
      {
        "sentenceNo": 1,
        "sentenceContent": "코드에셋(codeasset)이 세계 최초로 코드(숫자) 기반 통합 플랫폼 '코드맵' 개발에 성공했다고 27일 밝혔다.",
        "sentenceSize": 65
      },
      {
        "sentenceNo": 2,
        "sentenceContent": "코드맵은 실시간 개별 연동되는 1인 소셜 미디어 플랫폼 서비스다.",
        "sentenceSize": 36
      },
      {
        "sentenceNo": 3,
        "sentenceContent": "코드에셋이 개발에 성공한 코드맵은 기존의 바코드나 큐알(QR)코드와는 달리 지역이나 콘텐츠별로 생산자그룹과 소비자그룹을 실시간 매칭시켜주는 공유플랫폼이다.",
        "sentenceSize": 86
      },
      {
        "sentenceNo": 4,
        "sentenceContent": "각종 신문, 잡지, 방송 등 매체의 기사나 광고 등 컨텐츠에 노출·게재된 코드맵을 스캔하여 플랫폼에 접속할 수 있다.",
        "sentenceSize": 65
      },
      {
        "sentenceNo": 5,
        "sentenceContent": "코드에셋 양원진 대표는 미디어SR에 \\\"글로벌 특허기반으로 한글의 자음과 모음을 코드화한 코드맵 개발에 성공해 본격 서비스를 앞두고 테스트 중\\\"이라며 \\\"앞으로 구글과 애플의 스토어를 통해 코드맵의 플랫폼을 쉽게 접속해 활용할 수 있게 지원할 예정\\\"이라고 밝혔다.",
        "sentenceSize": 149
      },
      {
        "sentenceNo": 6,
        "sentenceContent": "양 대표는 이어 \\\"한글의 자음과 모음을 기반 공유 코드맵을 글로벌로 서비스하겠다. 한글의 자음과 모음기반의 공유 코드맵을 세계 최초로 가로쓰기가 가능한 공유 코드맵을 제공하여 모든 인쇄매체의 통신융합 플랫폼을 제공할 예정\\\"이라고 설명했다.",
        "sentenceSize": 135
      },
      {
        "sentenceNo": 7,
        "sentenceContent": "코드맵은 기존의 불공정한 정보 제공을 지양하고 공정한 정보 제공에 의한 기회의 균등 등 건전한 매칭 생태계를 조성해 소통과 공유문화를 만들어가는 것이 목표다.",
        "sentenceSize": 88
      },
      {
        "sentenceNo": 8,
        "sentenceContent": "코드에셋은 신문, TV 등 매체의 플랫폼화를 통한 상품, 용역, 서비스, 콘텐츠 유형별 스마트 단말을 이용하는 코드 및 키워드 기반의 실시간 정보유통시스템 및 정보유통방법에 대한 특허 등록을 완료했다.",
        "sentenceSize": 112
      },
      {
        "sentenceNo": 9,
        "sentenceContent": "또, 일본, 미국, 싱가포르, 러시아 등 국제특허(PCT) 취득도 완료했다.",
        "sentenceSize": 42
      },
      {
        "sentenceNo": 10,
        "sentenceContent": "양 대표는 \\\"현재 코드맵 개발에 사용하고 있는 2개의 특허기술 관련 가치평가액이 560억원 이상인 것으로 평가받았다\\\"고 귀띔하면서 \\\"카카오, 우버, 에어비앤비, 아마존을 뛰어넘어 더욱 진보된 콘텐츠 공유 플랫폼이 목표로, 해외에도 진출해 유니콘 기업으로 성장해 나가겠다\\\"는 포부를 밝히기도 했다.",
        "sentenceSize": 169
      },
      {
        "sentenceNo": 11,
        "sentenceContent": "한편 코드맵은 업종별, 직종별, 상품별로 수백여 개의 숫자와 코드로 나눈 뒤 코드맵 시스템에 적용한다.",
        "sentenceSize": 57
      },
      {
        "sentenceNo": 12,
        "sentenceContent": "위치기반서비스(LBS, GPS)를 활용해 가입자가 어디에 있든 기존 플랫폼과는 달리 가까운 거리순으로 해당 업소가 뜨고 정보가 제공되는 방식이다.",
        "sentenceSize": 81
      },
      {
        "sentenceNo": 13,
        "sentenceContent": "특히 코드맵 플랫폼은 사업자, 개인, 지역 등 다양한 사용자들이 자기 주도적으로 홍보, 판촉, 마켓, 일거리, 일자리 등 다양한 주제에서 융·복합적 정보를 1인이 주체적으로 등록하고 공유하고 소통함으로써 지역 및 콘텐츠 기반 공유 플랫폼을 표방하고 있다.",
        "sentenceSize": 142
      },
      {
        "sentenceNo": 14,
        "sentenceContent": "스타트업 발굴과 IPO컨설팅 전문그룹인 세븐스톡 송영봉 대표는 \\\"기술핵심 특허인 코드(숫자)를 기반으로 한 융복합적 빅데이터 기술은 발전 가능성이 매우 높다.\\\"면서 \\\"대형 포털 독과점 상태에서 코드맵은 플랫폼을 통해 미국, 일본 등 해외시장 수출까지 가능하여 향후 글로벌 기업으로 발전 가능성이 높다\\\"고 평가했다.",
        "sentenceSize": 179
      }
    ]
  },
  "labeledDataInfo": {
    "newTitle": "코드에셋 '세계 최초' 코드맵 개발 성공, 넘사벽 기술은 무엇?",
    "clickbaitClass": 0,
    "referSentenceInfo": [
      {
        "sentenceNo": 1,
        "referSentenceyn": "Y"
      },
      {
        "sentenceNo": 2,
        "referSentenceyn": "N"
      },
      {
        "sentenceNo": 3,
        "referSentenceyn": "N"
      },
      {
        "sentenceNo": 4,
        "referSentenceyn": "N"
      },
      {
        "sentenceNo": 5,
        "referSentenceyn": "N"
      },
      {
        "sentenceNo": 6,
        "referSentenceyn": "N"
      },
      {
        "sentenceNo": 7,
        "referSentenceyn": "N"
      },
      {
        "sentenceNo": 8,
        "referSentenceyn": "N"
      },
      {
        "sentenceNo": 9,
        "referSentenceyn": "N"
      },
      {
        "sentenceNo": 10,
        "referSentenceyn": "N"
      },
      {
        "sentenceNo": 11,
        "referSentenceyn": "N"
      },
      {
        "sentenceNo": 12,
        "referSentenceyn": "N"
      },
      {
        "sentenceNo": 13,
        "referSentenceyn": "N"
      },
      {
        "sentenceNo": 14,
        "referSentenceyn": "N"
      }
    ]
  }
}