{
  "sourceDataInfo": {
    "newsID": "EC_M02_157613",
    "newsCategory": "경제",
    "newsSubcategory": "산업",
    "newsTitle": "\\\"기존의 면은 잊어라\\\"…삼양식품, 수타면 재현한 '찐수타육개장' 출시",
    "newsSubTitle": "추운 겨울 즐기기 좋은 진한 육개장 국물 라면",
    "newsContent": "삼양식품은 수타면처럼 굵기를 달리해 면을 차별화한 신제품 '찐수타육개장'을 출시한다고 18일 밝혔다.\n삼양식품 관계자는 미디어SR에 \\\"찐수타육개장은 봉지면 먼저 출시되며 용기면은 내년 초 선보일 예정\\\"이라고 설명했다. '찐수타육개장'은 면 성형 과정에서 서로 다른 굵기의 면을 동시에 뽑아 교차시키는 삼양식품만의 '수타식 제면 공법'을 적용해 손으로 쳐서 만든 수타면의 식감과 모양을 그대로 재현했다.\n일반적인 라면과 달리 두꺼운 면과 얇은 면이 섞여 있어 수타면 특유의 균일하지 않은 면발을 연상시키며, 쫄깃하면서도 부드러운 식감을 느낄 수 있다.\n국물은 쫄깃한 면과 잘 어울리는 얼큰하고 진한 육개장 맛을 구현했다.\n사골과 고사리 분말 등 정통 육개장의 풍미를 극대화할 수 있는 재료를 가득 넣고 고춧가루, 청양고추, 후추 등으로 칼칼함을 더했다.\n삼양식품 관계자는 \\\"찐수타육개장은 음식점에서 맛보던 수타면을 집에서도 간편하게 즐길 수 있도록 기획한 제품\\\"이라며 \\\"차별화된 면발, 겨울에 어울리는 얼큰한 국물 라면을 찾는 소비자들에게 좋은 반응을 얻을 것으로 기대한다\\\"고 말했다.",
    "partNum": "P1",
    "useType": 0,
    "processType": "D",
    "processPattern": "11",
    "processLevel": "하",
    "sentenceCount": 6,
    "sentenceInfo": [
      {
        "sentenceNo": 1,
        "sentenceContent": "삼양식품은 수타면처럼 굵기를 달리해 면을 차별화한 신제품 '찐수타육개장'을 출시한다고 18일 밝혔다.",
        "sentenceSize": 56
      },
      {
        "sentenceNo": 2,
        "sentenceContent": "삼양식품 관계자는 미디어SR에 \\\"찐수타육개장은 봉지면 먼저 출시되며 용기면은 내년 초 선보일 예정\\\"이라고 설명했다. '찐수타육개장'은 면 성형 과정에서 서로 다른 굵기의 면을 동시에 뽑아 교차시키는 삼양식품만의 '수타식 제면 공법'을 적용해 손으로 쳐서 만든 수타면의 식감과 모양을 그대로 재현했다.",
        "sentenceSize": 169
      },
      {
        "sentenceNo": 3,
        "sentenceContent": "일반적인 라면과 달리 두꺼운 면과 얇은 면이 섞여 있어 수타면 특유의 균일하지 않은 면발을 연상시키며, 쫄깃하면서도 부드러운 식감을 느낄 수 있다.",
        "sentenceSize": 82
      },
      {
        "sentenceNo": 4,
        "sentenceContent": "국물은 쫄깃한 면과 잘 어울리는 얼큰하고 진한 육개장 맛을 구현했다.",
        "sentenceSize": 38
      },
      {
        "sentenceNo": 5,
        "sentenceContent": "사골과 고사리 분말 등 정통 육개장의 풍미를 극대화할 수 있는 재료를 가득 넣고 고춧가루, 청양고추, 후추 등으로 칼칼함을 더했다.",
        "sentenceSize": 73
      },
      {
        "sentenceNo": 6,
        "sentenceContent": "삼양식품 관계자는 \\\"찐수타육개장은 음식점에서 맛보던 수타면을 집에서도 간편하게 즐길 수 있도록 기획한 제품\\\"이라며 \\\"차별화된 면발, 겨울에 어울리는 얼큰한 국물 라면을 찾는 소비자들에게 좋은 반응을 얻을 것으로 기대한다\\\"고 말했다.",
        "sentenceSize": 133
      }
    ]
  },
  "labeledDataInfo": {
    "newTitle": "삼양식품, 수타면 재현한 '찐수타육개장' 출시, 다른 라면과 차별점은?",
    "clickbaitClass": 0,
    "referSentenceInfo": [
      {
        "sentenceNo": 1,
        "referSentenceyn": "Y"
      },
      {
        "sentenceNo": 2,
        "referSentenceyn": "Y"
      },
      {
        "sentenceNo": 3,
        "referSentenceyn": "Y"
      },
      {
        "sentenceNo": 4,
        "referSentenceyn": "N"
      },
      {
        "sentenceNo": 5,
        "referSentenceyn": "N"
      },
      {
        "sentenceNo": 6,
        "referSentenceyn": "N"
      }
    ]
  }
}