{
  "sourceDataInfo": {
    "newsID": "EC_M02_158029",
    "newsCategory": "경제",
    "newsSubcategory": "산업",
    "newsTitle": "DL케미칼, 글로벌 1위 석유화학기업 품에 안아",
    "newsSubTitle": "크레이튼 인수 뒤 프리미엄제품 개발 집중 전망",
    "newsContent": "DL그룹 계열 DL케미칼이 세계 최대 석유화학기업 크레이튼사를 인수하고 글로벌경영에 돌입한다.\nDL㈜은 14일 자회사인 DL케미칼과 크레이튼 합병에 필요한 모든 조건을 충족하고 오는 15일 모든 인수 절차가 마무리 될 계획이라고 공시했다.\n크레이튼은 스페셜티 폴리머 및 신재생원료 기반 고부가 기능성 제품 생산 선두 기업이다.\n크레이튼의 글로벌 시장은 현재 전세계 70여개국 이상에 달한다.\n앞서 DL케미칼은 지난 2021년 11월 미국 규제 당국 승인에 이어서 중국 및 독일 등 주요국의 승인 절차를 모두 매듭졌다.\n이로써 DL케미칼은 인수 발표 6개월 만에 크레이튼을 공식적으로 품에 안으며 글로벌 석유화학기업으로 거듭나게 됐다.\nDL케미칼은 크레이튼이 보유한 최신 기술을 통해 스페셜티 시장 확대에 속도를 낼 계획이다.\n크레이튼은 800개 이상의 특허를 보유한 기술 기업으로 미국과 유럽 등지에 5개의 R&D센터를 운영 중이다.\nDL케미칼은 이 R&D센터들과의 협력을 통해 친환경 소재 등 프리미엄 제품 개발에 집중해 새로운 시장을 적극 발굴할 계획이다.\n아울러 DL케미칼은 크레이튼이 보유한 글로벌 생산 거점과 판매망, 물류 네트워크를 DL케미칼 석유화학사업 운영능력에 접목해 수익성을 대폭 향상 시킨다는 계획이다.\nDL케미칼은 이미 2020년 크레이튼으로부터 인수한 카리플렉스 매출을 1년 만에 31% 성장시키며 신사업 통합 운영 능력을 증명한 바 있다.\nDL케미칼 관계자는 데일리임팩트에 \\\"DL케미칼은 앞으로도 지속적인 국내외 투자를 통해 글로벌 시장의 선도 기업으로 성장해 나갈 것\\\"이라며 \\\"올 상반기 여수공장 내 설비 투자와 중동 등 저원가 지역 신사업 역시 적극 고려 중\\\"이라고 밝혔다.",
    "partNum": "P1",
    "useType": 0,
    "processType": "D",
    "processPattern": "11",
    "processLevel": "하",
    "sentenceCount": 12,
    "sentenceInfo": [
      {
        "sentenceNo": 1,
        "sentenceContent": "DL그룹 계열 DL케미칼이 세계 최대 석유화학기업 크레이튼사를 인수하고 글로벌경영에 돌입한다.",
        "sentenceSize": 52
      },
      {
        "sentenceNo": 2,
        "sentenceContent": "DL㈜은 14일 자회사인 DL케미칼과 크레이튼 합병에 필요한 모든 조건을 충족하고 오는 15일 모든 인수 절차가 마무리 될 계획이라고 공시했다.",
        "sentenceSize": 80
      },
      {
        "sentenceNo": 3,
        "sentenceContent": "크레이튼은 스페셜티 폴리머 및 신재생원료 기반 고부가 기능성 제품 생산 선두 기업이다.",
        "sentenceSize": 48
      },
      {
        "sentenceNo": 4,
        "sentenceContent": "크레이튼의 글로벌 시장은 현재 전세계 70여개국 이상에 달한다.",
        "sentenceSize": 35
      },
      {
        "sentenceNo": 5,
        "sentenceContent": "앞서 DL케미칼은 지난 2021년 11월 미국 규제 당국 승인에 이어서 중국 및 독일 등 주요국의 승인 절차를 모두 매듭졌다.",
        "sentenceSize": 70
      },
      {
        "sentenceNo": 6,
        "sentenceContent": "이로써 DL케미칼은 인수 발표 6개월 만에 크레이튼을 공식적으로 품에 안으며 글로벌 석유화학기업으로 거듭나게 됐다.",
        "sentenceSize": 64
      },
      {
        "sentenceNo": 7,
        "sentenceContent": "DL케미칼은 크레이튼이 보유한 최신 기술을 통해 스페셜티 시장 확대에 속도를 낼 계획이다.",
        "sentenceSize": 50
      },
      {
        "sentenceNo": 8,
        "sentenceContent": "크레이튼은 800개 이상의 특허를 보유한 기술 기업으로 미국과 유럽 등지에 5개의 R&D센터를 운영 중이다.",
        "sentenceSize": 60
      },
      {
        "sentenceNo": 9,
        "sentenceContent": "DL케미칼은 이 R&D센터들과의 협력을 통해 친환경 소재 등 프리미엄 제품 개발에 집중해 새로운 시장을 적극 발굴할 계획이다.",
        "sentenceSize": 70
      },
      {
        "sentenceNo": 10,
        "sentenceContent": "아울러 DL케미칼은 크레이튼이 보유한 글로벌 생산 거점과 판매망, 물류 네트워크를 DL케미칼 석유화학사업 운영능력에 접목해 수익성을 대폭 향상 시킨다는 계획이다.",
        "sentenceSize": 90
      },
      {
        "sentenceNo": 11,
        "sentenceContent": "DL케미칼은 이미 2020년 크레이튼으로부터 인수한 카리플렉스 매출을 1년 만에 31% 성장시키며 신사업 통합 운영 능력을 증명한 바 있다.",
        "sentenceSize": 78
      },
      {
        "sentenceNo": 12,
        "sentenceContent": "DL케미칼 관계자는 데일리임팩트에 \\\"DL케미칼은 앞으로도 지속적인 국내외 투자를 통해 글로벌 시장의 선도 기업으로 성장해 나갈 것\\\"이라며 \\\"올 상반기 여수공장 내 설비 투자와 중동 등 저원가 지역 신사업 역시 적극 고려 중\\\"이라고 밝혔다.",
        "sentenceSize": 137
      }
    ]
  },
  "labeledDataInfo": {
    "newTitle": "세계 최대 석유화학기업을 인수한 DL케미칼... 왜?",
    "clickbaitClass": 0,
    "referSentenceInfo": [
      {
        "sentenceNo": 1,
        "referSentenceyn": "N"
      },
      {
        "sentenceNo": 2,
        "referSentenceyn": "N"
      },
      {
        "sentenceNo": 3,
        "referSentenceyn": "N"
      },
      {
        "sentenceNo": 4,
        "referSentenceyn": "N"
      },
      {
        "sentenceNo": 5,
        "referSentenceyn": "N"
      },
      {
        "sentenceNo": 6,
        "referSentenceyn": "N"
      },
      {
        "sentenceNo": 7,
        "referSentenceyn": "N"
      },
      {
        "sentenceNo": 8,
        "referSentenceyn": "N"
      },
      {
        "sentenceNo": 9,
        "referSentenceyn": "N"
      },
      {
        "sentenceNo": 10,
        "referSentenceyn": "Y"
      },
      {
        "sentenceNo": 11,
        "referSentenceyn": "N"
      },
      {
        "sentenceNo": 12,
        "referSentenceyn": "N"
      }
    ]
  }
}