{
  "sourceDataInfo": {
    "newsID": "EC_M02_157276",
    "newsCategory": "경제",
    "newsSubcategory": "산업",
    "newsTitle": "카카오택시? 국토부, \\\"논의를 해야 검토를 하지...\\\"",
    "newsSubTitle": "",
    "newsContent": "정부가 카카오택시앱의 유료화 계획의 적법성 여부를 점검하겠다고 밝힌 가운데 국토교통부 측은 아직 카카오 측에서 사업모델이나 사업계획조차 전달받지 못해 이를 검토하지 못하고 있는 것으로 드러났다.\n만약 승객이 지불하는 추가 비용이 편법으로 인정될 경우 법률상 규제가 가능해진다. 23일 국토교통부 관계자는 \\\"카카오택시앱의 구체적인 사업계획에 따라 적법성을 판단할 수 있는데, 아직 협의되거나 전달받은 사항이 없다\\\"며 \\\"국토부 측에서 인지하고 있는 내용은 언론에 보도된 내용 밖에 없다\\\"고 밝혔다.\n\\\"이 '웃돈'이 정확히 얼마인지, 어떤 구조로 어떻게 배분이 되는 지 등에 관해 전혀 모르는 상태여서, 카카오와의 논의가 먼저 진행돼야 적법성 여부를 판단할 수 있을 것 같다\\\"는 입장이다.\n당초 카카오 측은 이에 관해 주무부처인 국토부, 서울시 측과 협의를 진행해 법적 검토를 받았다고 발표했었다. '카카오 모빌리티'사가 운영하는 콜택시 앱 '카카오택시'앱은 스마트폰으로 자신의 위치와 목적지를 입력하면 인근 택시가 자동으로 호출되는 서비스다.\n무료라는 이점에 서비스 3년 만에 가입자가 1800만 명을 돌파, 현재 약 96%의 택시기사가 카카오택시앱을 이용한다.\n그런데 최근 카카오 모빌리티가 카카오택시 서비스 일부를 유료화하겠다고 발표하며 문제가 생겼다. '우선배차'와 '즉시배차'라는 서비스인데, 승객이 택시를 호출할 때 일정 요금을 더 부담하면 택시를 빨리 잡게하는 서비스다.\n즉시배차 요금의 경우 5000원 선에서 책정될 것으로 알려졌다.\n국토부 관계자는 적법성 여부에 관해 \\\"과거 'T맵 택시' 사례를 보면 될 것 같다\\\"고 말했다.\nSK텔레콤에서 운영하는 'T맵 택시'는 과거 카카오와 비슷한 유료화 서비스를 진행하려한 바 있다.\nT맵 택시에서는 승객이 5000원 범위 내에서 '웃돈'을 제안하면 택시기사가 목적지와 웃돈을 보고 승객을 선택하는 시스템이었다.\n관계자는 \\\"당시 T맵 택시의 적법성 여부를 판단할 때 '과연 종사자가 그 돈을 받는 법적인 근거가 있느냐', '웃돈을 제시하지 않으면 택시를 못타게 되는데 과연 형평성이 있느냐' 등을 종합적으로 판단해 부당요금에 해당한다고 유권해석을 내린 바 있다\\\"며 \\\"이번 카카오택시의 부분 유료화도 모든 사항을 종합적으로 검토할 것\\\"이라고 말했다.\n또한, 카카오 유료화 서비스에 대한 웃돈을 택시 기사는 현금이 아닌 '포인트'로 지급받는 점에 관한 적법성에 관해서는 \\\"가정법으로 검토될 사항이 아니다\\\"라며 \\\"단순히 포인트냐 현금이냐의 문제로 적법성이 결정되지는 않을 것\\\"이라고 설명했다.",
    "partNum": "P1",
    "useType": 0,
    "processType": "D",
    "processPattern": "11",
    "processLevel": "하",
    "sentenceCount": 12,
    "sentenceInfo": [
      {
        "sentenceNo": 1,
        "sentenceContent": "정부가 카카오택시앱의 유료화 계획의 적법성 여부를 점검하겠다고 밝힌 가운데 국토교통부 측은 아직 카카오 측에서 사업모델이나 사업계획조차 전달받지 못해 이를 검토하지 못하고 있는 것으로 드러났다.",
        "sentenceSize": 108
      },
      {
        "sentenceNo": 2,
        "sentenceContent": "만약 승객이 지불하는 추가 비용이 편법으로 인정될 경우 법률상 규제가 가능해진다. 23일 국토교통부 관계자는 \\\"카카오택시앱의 구체적인 사업계획에 따라 적법성을 판단할 수 있는데, 아직 협의되거나 전달받은 사항이 없다\\\"며 \\\"국토부 측에서 인지하고 있는 내용은 언론에 보도된 내용 밖에 없다\\\"고 밝혔다.",
        "sentenceSize": 171
      },
      {
        "sentenceNo": 3,
        "sentenceContent": "\\\"이 '웃돈'이 정확히 얼마인지, 어떤 구조로 어떻게 배분이 되는 지 등에 관해 전혀 모르는 상태여서, 카카오와의 논의가 먼저 진행돼야 적법성 여부를 판단할 수 있을 것 같다\\\"는 입장이다.",
        "sentenceSize": 107
      },
      {
        "sentenceNo": 4,
        "sentenceContent": "당초 카카오 측은 이에 관해 주무부처인 국토부, 서울시 측과 협의를 진행해 법적 검토를 받았다고 발표했었다. '카카오 모빌리티'사가 운영하는 콜택시 앱 '카카오택시'앱은 스마트폰으로 자신의 위치와 목적지를 입력하면 인근 택시가 자동으로 호출되는 서비스다.",
        "sentenceSize": 142
      },
      {
        "sentenceNo": 5,
        "sentenceContent": "무료라는 이점에 서비스 3년 만에 가입자가 1800만 명을 돌파, 현재 약 96%의 택시기사가 카카오택시앱을 이용한다.",
        "sentenceSize": 66
      },
      {
        "sentenceNo": 6,
        "sentenceContent": "그런데 최근 카카오 모빌리티가 카카오택시 서비스 일부를 유료화하겠다고 발표하며 문제가 생겼다. '우선배차'와 '즉시배차'라는 서비스인데, 승객이 택시를 호출할 때 일정 요금을 더 부담하면 택시를 빨리 잡게하는 서비스다.",
        "sentenceSize": 122
      },
      {
        "sentenceNo": 7,
        "sentenceContent": "즉시배차 요금의 경우 5000원 선에서 책정될 것으로 알려졌다.",
        "sentenceSize": 35
      },
      {
        "sentenceNo": 8,
        "sentenceContent": "국토부 관계자는 적법성 여부에 관해 \\\"과거 'T맵 택시' 사례를 보면 될 것 같다\\\"고 말했다.",
        "sentenceSize": 54
      },
      {
        "sentenceNo": 9,
        "sentenceContent": "SK텔레콤에서 운영하는 'T맵 택시'는 과거 카카오와 비슷한 유료화 서비스를 진행하려한 바 있다.",
        "sentenceSize": 54
      },
      {
        "sentenceNo": 10,
        "sentenceContent": "T맵 택시에서는 승객이 5000원 범위 내에서 '웃돈'을 제안하면 택시기사가 목적지와 웃돈을 보고 승객을 선택하는 시스템이었다.",
        "sentenceSize": 71
      },
      {
        "sentenceNo": 11,
        "sentenceContent": "관계자는 \\\"당시 T맵 택시의 적법성 여부를 판단할 때 '과연 종사자가 그 돈을 받는 법적인 근거가 있느냐', '웃돈을 제시하지 않으면 택시를 못타게 되는데 과연 형평성이 있느냐' 등을 종합적으로 판단해 부당요금에 해당한다고 유권해석을 내린 바 있다\\\"며 \\\"이번 카카오택시의 부분 유료화도 모든 사항을 종합적으로 검토할 것\\\"이라고 말했다.",
        "sentenceSize": 191
      },
      {
        "sentenceNo": 12,
        "sentenceContent": "또한, 카카오 유료화 서비스에 대한 웃돈을 택시 기사는 현금이 아닌 '포인트'로 지급받는 점에 관한 적법성에 관해서는 \\\"가정법으로 검토될 사항이 아니다\\\"라며 \\\"단순히 포인트냐 현금이냐의 문제로 적법성이 결정되지는 않을 것\\\"이라고 설명했다.",
        "sentenceSize": 137
      }
    ]
  },
  "labeledDataInfo": {
    "newTitle": "'유료화 계획의 적법성' 단단히 벼른 국토부, 카카오 택시는 모르쇠?",
    "clickbaitClass": 0,
    "referSentenceInfo": [
      {
        "sentenceNo": 1,
        "referSentenceyn": "Y"
      },
      {
        "sentenceNo": 2,
        "referSentenceyn": "N"
      },
      {
        "sentenceNo": 3,
        "referSentenceyn": "N"
      },
      {
        "sentenceNo": 4,
        "referSentenceyn": "N"
      },
      {
        "sentenceNo": 5,
        "referSentenceyn": "N"
      },
      {
        "sentenceNo": 6,
        "referSentenceyn": "N"
      },
      {
        "sentenceNo": 7,
        "referSentenceyn": "N"
      },
      {
        "sentenceNo": 8,
        "referSentenceyn": "N"
      },
      {
        "sentenceNo": 9,
        "referSentenceyn": "N"
      },
      {
        "sentenceNo": 10,
        "referSentenceyn": "N"
      },
      {
        "sentenceNo": 11,
        "referSentenceyn": "N"
      },
      {
        "sentenceNo": 12,
        "referSentenceyn": "N"
      }
    ]
  }
}