{
  "sourceDataInfo": {
    "newsID": "EC_M02_156032",
    "newsCategory": "경제",
    "newsSubcategory": "산업",
    "newsTitle": "동국제강, 中 법인 지분 정리 완료",
    "newsSubTitle": "비핵심자산 정리 차원, 970억원 매각",
    "newsContent": "동국제강은 재무 개선을 위한 비자산 정리 차원에서 중국 법인 DKSC 지분 90%를 중국 강음 지방정부에 매각했다고 4일 밝혔다.\n동국제강은 저가 범용재 위주의 중국 내수 시장이 럭스틸 등 고급화를 지향하는 동국제강의 사업 방향과 차이가 있고 향후 시장성 및 수익성을 확보하기 어렵다 판단했다.\n이에 따라 동국제강은 지난 2021년부터 중국법인 판매 중단과 사업다각화, 매각 등 다각도의 구조조정 방안을 적극 추진했다.\nDKSC는 2001년 설립 이후 지속적인 사업 손실을 기록했다.\n최근 3년간 연결기준 DKSC 누적 손실은 700억원 규모다.\n동국제강은 DKSC가 자생력을 확보하기 어렵다 인식하고 매수자와 1년여 협상 끝에 DKSC와 연합물류 유한공사 지분 90%를 970억원의 기업가치로 매각했다.\n동국제강은 이번 매각으로 연결 손익 개선 효과 및 400억원 규모의 차입금 지급보증부담을 해소했다.\n동국제강 관계자는 데일리임팩트에 \\\"신규 확보한 재무적 체력을 기반으로 고부가가치 컬러강판에 대한 수요가 견조하고 수익성이 높은 시장으로 추가 진출을 추진할 것\\\"이라며 \\\"지난해 발표한 'DK컬러 비전2030' 글로벌 확장 전략에 따라 올해 베트남과 멕시코 거점 확보를 완료하고 2030년까지 대양주·미국·유럽 등에 추가 거점을 확보해 나갈 계획\\\"이라고 밝혔다.",
    "partNum": "P1",
    "useType": 0,
    "processType": "D",
    "processPattern": "16",
    "processLevel": "상",
    "sentenceCount": 8,
    "sentenceInfo": [
      {
        "sentenceNo": 1,
        "sentenceContent": "동국제강은 재무 개선을 위한 비자산 정리 차원에서 중국 법인 DKSC 지분 90%를 중국 강음 지방정부에 매각했다고 4일 밝혔다.",
        "sentenceSize": 72
      },
      {
        "sentenceNo": 2,
        "sentenceContent": "동국제강은 저가 범용재 위주의 중국 내수 시장이 럭스틸 등 고급화를 지향하는 동국제강의 사업 방향과 차이가 있고 향후 시장성 및 수익성을 확보하기 어렵다 판단했다.",
        "sentenceSize": 91
      },
      {
        "sentenceNo": 3,
        "sentenceContent": "이에 따라 동국제강은 지난 2021년부터 중국법인 판매 중단과 사업다각화, 매각 등 다각도의 구조조정 방안을 적극 추진했다.",
        "sentenceSize": 69
      },
      {
        "sentenceNo": 4,
        "sentenceContent": "DKSC는 2001년 설립 이후 지속적인 사업 손실을 기록했다.",
        "sentenceSize": 35
      },
      {
        "sentenceNo": 5,
        "sentenceContent": "최근 3년간 연결기준 DKSC 누적 손실은 700억원 규모다.",
        "sentenceSize": 34
      },
      {
        "sentenceNo": 6,
        "sentenceContent": "동국제강은 DKSC가 자생력을 확보하기 어렵다 인식하고 매수자와 1년여 협상 끝에 DKSC와 연합물류 유한공사 지분 90%를 970억원의 기업가치로 매각했다.",
        "sentenceSize": 88
      },
      {
        "sentenceNo": 7,
        "sentenceContent": "동국제강은 이번 매각으로 연결 손익 개선 효과 및 400억원 규모의 차입금 지급보증부담을 해소했다.",
        "sentenceSize": 55
      },
      {
        "sentenceNo": 8,
        "sentenceContent": "동국제강 관계자는 데일리임팩트에 \\\"신규 확보한 재무적 체력을 기반으로 고부가가치 컬러강판에 대한 수요가 견조하고 수익성이 높은 시장으로 추가 진출을 추진할 것\\\"이라며 \\\"지난해 발표한 'DK컬러 비전2030' 글로벌 확장 전략에 따라 올해 베트남과 멕시코 거점 확보를 완료하고 2030년까지 대양주·미국·유럽 등에 추가 거점을 확보해 나갈 계획\\\"이라고 밝혔다.",
        "sentenceSize": 204
      }
    ]
  },
  "labeledDataInfo": {
    "newTitle": "동국제강의 '신의 한 수', 향후 발전 위해 정리 완료 ",
    "clickbaitClass": 0,
    "referSentenceInfo": [
      {
        "sentenceNo": 1,
        "referSentenceyn": "N"
      },
      {
        "sentenceNo": 2,
        "referSentenceyn": "N"
      },
      {
        "sentenceNo": 3,
        "referSentenceyn": "N"
      },
      {
        "sentenceNo": 4,
        "referSentenceyn": "N"
      },
      {
        "sentenceNo": 5,
        "referSentenceyn": "N"
      },
      {
        "sentenceNo": 6,
        "referSentenceyn": "N"
      },
      {
        "sentenceNo": 7,
        "referSentenceyn": "Y"
      },
      {
        "sentenceNo": 8,
        "referSentenceyn": "N"
      }
    ]
  }
}