{
  "sourceDataInfo": {
    "newsID": "EC_M02_157962",
    "newsCategory": "경제",
    "newsSubcategory": "은행",
    "newsTitle": "신한은행, 금융권 최초로 CES 2022 참가…'AI역량 뽐냈다'",
    "newsSubTitle": "AI 뱅커 활용한 혁신 금융서비스 시연",
    "newsContent": "신한은행은 국내 금융권 최초로 세계 최대 규모의 국제전자제품 박람회 'CES 2022'에 참가했다고 7일 밝혔다.\n미국 라스베이거스에서 열리는 CES는 스페인 바르셀로나 MWC(Mobile World Congress), 독일 베를린 IFA(Internationale Funkausstellung Berlin)와 함께 세계 3대 가전‧IT 박람회로 일컬어진다.\n전세계 주요 혁신기업들이 참여해 인공지능(AI), 사물인터넷(IOT) 등 신기술과 로봇, 전기차 등 신제품을 선보였다.\n이번 행사에서 신한은행은 AI뱅커를 활용한 혁신 금융서비스를 시연했다.\n지난 12월 서소문 디지로그 브랜치에 설치한 AI 기반 업무 안내 서비스 기기 'AI 컨시어지'와 실시간 화상 상담 시스템 '디지털 데스크'를 주제로 부스를 구성했다.\nCES 현장을 방문한 관람객을 대상으로 AI 뱅커가 고객의 방문 목적에 따라 금융서비스를 제공하는 모습을 시연했다.\n이번 CES 참가는 인공인간 아바타 기술 보유업체인 마인즈랩, 디지털 데스크 제조사인 효성 TNS와 공동으로 진행했다.\nAI 혁신기술과 다양한 디지털 기기의 유기적 결합을 통해 고객 방문에서 상담, 거래 완료까지 금융서비스의 전 과정을 구현했다는 것이 신한은행 측의 설명이다.\n특히 신한은행은 이번 CES 참가를 준비하는 과정에서 AI 뱅커에게 한국어 데이터를 기반으로 영어, 중국어, 일본어를 학습시켜 눈길을 끌었다.\n실제 시연에서도 AI 뱅커는 관람객을 대상으로 영어로 발화하는 모습을 선보였다.\n신한은행 관계자는 데일리임팩트에 \\\"향후 AI 학습을 고도화 해 더 다양한 언어를 지원할 수 있도록 할 계획\\\"이라고 설명했다.",
    "partNum": "P1",
    "useType": 0,
    "processType": "D",
    "processPattern": "11",
    "processLevel": "하",
    "sentenceCount": 11,
    "sentenceInfo": [
      {
        "sentenceNo": 1,
        "sentenceContent": "신한은행은 국내 금융권 최초로 세계 최대 규모의 국제전자제품 박람회 'CES 2022'에 참가했다고 7일 밝혔다.",
        "sentenceSize": 63
      },
      {
        "sentenceNo": 2,
        "sentenceContent": "미국 라스베이거스에서 열리는 CES는 스페인 바르셀로나 MWC(Mobile World Congress), 독일 베를린 IFA(Internationale Funkausstellung Berlin)와 함께 세계 3대 가전‧IT 박람회로 일컬어진다.",
        "sentenceSize": 136
      },
      {
        "sentenceNo": 3,
        "sentenceContent": "전세계 주요 혁신기업들이 참여해 인공지능(AI), 사물인터넷(IOT) 등 신기술과 로봇, 전기차 등 신제품을 선보였다.",
        "sentenceSize": 66
      },
      {
        "sentenceNo": 4,
        "sentenceContent": "이번 행사에서 신한은행은 AI뱅커를 활용한 혁신 금융서비스를 시연했다.",
        "sentenceSize": 39
      },
      {
        "sentenceNo": 5,
        "sentenceContent": "지난 12월 서소문 디지로그 브랜치에 설치한 AI 기반 업무 안내 서비스 기기 'AI 컨시어지'와 실시간 화상 상담 시스템 '디지털 데스크'를 주제로 부스를 구성했다.",
        "sentenceSize": 93
      },
      {
        "sentenceNo": 6,
        "sentenceContent": "CES 현장을 방문한 관람객을 대상으로 AI 뱅커가 고객의 방문 목적에 따라 금융서비스를 제공하는 모습을 시연했다.",
        "sentenceSize": 64
      },
      {
        "sentenceNo": 7,
        "sentenceContent": "이번 CES 참가는 인공인간 아바타 기술 보유업체인 마인즈랩, 디지털 데스크 제조사인 효성 TNS와 공동으로 진행했다.",
        "sentenceSize": 66
      },
      {
        "sentenceNo": 8,
        "sentenceContent": "AI 혁신기술과 다양한 디지털 기기의 유기적 결합을 통해 고객 방문에서 상담, 거래 완료까지 금융서비스의 전 과정을 구현했다는 것이 신한은행 측의 설명이다.",
        "sentenceSize": 87
      },
      {
        "sentenceNo": 9,
        "sentenceContent": "특히 신한은행은 이번 CES 참가를 준비하는 과정에서 AI 뱅커에게 한국어 데이터를 기반으로 영어, 중국어, 일본어를 학습시켜 눈길을 끌었다.",
        "sentenceSize": 79
      },
      {
        "sentenceNo": 10,
        "sentenceContent": "실제 시연에서도 AI 뱅커는 관람객을 대상으로 영어로 발화하는 모습을 선보였다.",
        "sentenceSize": 44
      },
      {
        "sentenceNo": 11,
        "sentenceContent": "신한은행 관계자는 데일리임팩트에 \\\"향후 AI 학습을 고도화 해 더 다양한 언어를 지원할 수 있도록 할 계획\\\"이라고 설명했다.",
        "sentenceSize": 71
      }
    ]
  },
  "labeledDataInfo": {
    "newTitle": "국제전자제품 박람회 'CES 2022'에 참가한 신한은행... 새롭게 선보인 서비스는?",
    "clickbaitClass": 0,
    "referSentenceInfo": [
      {
        "sentenceNo": 1,
        "referSentenceyn": "Y"
      },
      {
        "sentenceNo": 2,
        "referSentenceyn": "N"
      },
      {
        "sentenceNo": 3,
        "referSentenceyn": "N"
      },
      {
        "sentenceNo": 4,
        "referSentenceyn": "Y"
      },
      {
        "sentenceNo": 5,
        "referSentenceyn": "N"
      },
      {
        "sentenceNo": 6,
        "referSentenceyn": "N"
      },
      {
        "sentenceNo": 7,
        "referSentenceyn": "N"
      },
      {
        "sentenceNo": 8,
        "referSentenceyn": "N"
      },
      {
        "sentenceNo": 9,
        "referSentenceyn": "N"
      },
      {
        "sentenceNo": 10,
        "referSentenceyn": "N"
      },
      {
        "sentenceNo": 11,
        "referSentenceyn": "N"
      }
    ]
  }
}