{
  "sourceDataInfo": {
    "newsID": "EC_M02_156441",
    "newsCategory": "경제",
    "newsSubcategory": "일반",
    "newsTitle": "GS건설, 경북 중산자이 '103대 1' 청약경쟁률 기록",
    "newsSubTitle": "",
    "newsContent": "GS건설이 경북 경산시 중산동 230번지, 400-1번지 일대에서 분양한 `중산자이`가 평균 103대 1의 청약경쟁률로 1순위 마감했다.\n한국감정원에 따르면 전일 1순위 청약을 받은 중산자이는 1·2단지 총합 872모집가구 수(특별공급 제외)에 9만310건의 청약통장이 몰려 평균 103.57대 1의 경쟁률을 기록했다.\n총 7개 주택형이 모두 높은 경쟁률로 1순위 마감에 성공했다.\n단지별 평균 경쟁률은 1단지의 경우 601가구 모집(특별공급 제외)에 5만8830건이 접수돼 97.89대 1을, 2단지는 271가구 모집(특별공급 제외)에 3만1480건 접수돼 116.16대 1을 기록했다.\n단지별 타입 경쟁률은 1단지는 74㎡A 53.62대 1 74㎡B 119.5대 1 84㎡A 95.01대 1 84㎡B 116.9대 1 117㎡ 183.84대 1을 기록했다.\n또 2단지는 96㎡ 416.05대 1 117㎡ 62.7대 1을 기록했다.\n중산자이는 1단지 8개동 1144가구, 2단지 3개동 309가구 규모로 총 11개동 1453가구로 조성될 예정이다.\n1단지는 전용면적 74㎡, 84㎡, 117㎡로, 2단지는 96㎡, 117㎡로 구성된다.\n중산지구는 경산시가 추진하는 친환경 신도시로 부지 중 19.8%에 해당하는 면적이 공원과 녹지, 광장으로 조성 중이다.\n이번에 공급되는 중산 자이는 수성구와 경산시를 나누는 경계에 위치해 있어 수성과 경산 생활권을 동시에 누릴 수 있다는 장점이 있다.\n반경 1㎞ 이내에 사월역, 욱수천, 신매공원의 수성 생활권궈 중산호수공원, 이마트, 성암산의 중산 생활권을 동시에 누릴 수 있다.\n특히 중산 자이는 대구지하철 2호선 사월역을 도보로 이용할 수 있고, 대구를 관통하는 달구벌대로에 인접해 빠르게 대구 도심 진입이 가능하다.\n게다가 수성IC, 동대구IC, 경산IC, KTX 경산역 등이 인접해 편리한 교통망을 갖췄다는 평가다.\n중산자이는 수요자들의 선호도가 높은 남동·남서 위주의 단지배치로 일조권을 확보하고 타워형 설계 없이 모든 세대를 4베이 혹은 5베이 판상형으로 설계해 쾌적함을 더했다.\n드레스 룸과 팬트리도 전 세대에 제공할 계획이다.\n중산자이의 당첨자 발표는 1단지 15일 2단지 16일에 진행된다.\n정당계약은 1단지 28~31일 2단지 29~31일에 당사 견본주택에서 진행된다.\n분양 관계자는 \\\"지난 27일 진행한 사이버견본주택 라이브 방송에서도 입지와 평면에 대한 시청자들의 반응과 관심이 뜨거웠다\\\"면서 \\\"중산자이가 갖춘 경쟁력이 높은 청약 경쟁률로 이어진 것 같다\\\"고 말했다.\n그는 이어 \\\"최근 지방 중소도시에 풍선효과가 발생하면서 비규제지역에 들어서는 중산자이에 대한 문의가 많았다\\\"면서 \\\"높은 청약경쟁률을 기록한 만큼 계약도 순조롭게 진행될 것이라 예상된다\\\"고 말했다.\nGS건설의 한 관계자는 미디어SR에 \\\"중산자이의 경우 경북에서도 주거 선호도가 높은 경산시에 자이 아파트가 처음으로 들어서 거주민은 물론 타지 사람들도 관심이 높은 상황이었다\\\"며 \\\"미래 비전 등 시세 상승 요소들을 두루 갖추고 있어 실수요자와 투자자 모두 몰려 높은 청약 경쟁률을 나타낸 것으로 분석된다\\\"고 진단했다.\n부동산업계의 한 관계자는 미디어SR에 \\\"아무래도 대형건설사의 브랜드 인지도가 높은 데다, 실제로 품질에서도 중형, 중견 건설사보다 더 낫다는 시각도 있다\\\"며 \\\"날로 강해지는 부동산 정책으로 비규제지역에 대한 수요가 많을 수밖에 없다\\\"고 설명했다.",
    "partNum": "P1",
    "useType": 0,
    "processType": "D",
    "processPattern": "14",
    "processLevel": "중",
    "sentenceCount": 21,
    "sentenceInfo": [
      {
        "sentenceNo": 1,
        "sentenceContent": "GS건설이 경북 경산시 중산동 230번지, 400-1번지 일대에서 분양한 `중산자이`가 평균 103대 1의 청약경쟁률로 1순위 마감했다.",
        "sentenceSize": 76
      },
      {
        "sentenceNo": 2,
        "sentenceContent": "한국감정원에 따르면 전일 1순위 청약을 받은 중산자이는 1·2단지 총합 872모집가구 수(특별공급 제외)에 9만310건의 청약통장이 몰려 평균 103.57대 1의 경쟁률을 기록했다.",
        "sentenceSize": 101
      },
      {
        "sentenceNo": 3,
        "sentenceContent": "총 7개 주택형이 모두 높은 경쟁률로 1순위 마감에 성공했다.",
        "sentenceSize": 34
      },
      {
        "sentenceNo": 4,
        "sentenceContent": "단지별 평균 경쟁률은 1단지의 경우 601가구 모집(특별공급 제외)에 5만8830건이 접수돼 97.89대 1을, 2단지는 271가구 모집(특별공급 제외)에 3만1480건 접수돼 116.16대 1을 기록했다.",
        "sentenceSize": 115
      },
      {
        "sentenceNo": 5,
        "sentenceContent": "단지별 타입 경쟁률은 1단지는 74㎡A 53.62대 1 74㎡B 119.5대 1 84㎡A 95.01대 1 84㎡B 116.9대 1 117㎡ 183.84대 1을 기록했다.",
        "sentenceSize": 94
      },
      {
        "sentenceNo": 6,
        "sentenceContent": "또 2단지는 96㎡ 416.05대 1 117㎡ 62.7대 1을 기록했다.",
        "sentenceSize": 40
      },
      {
        "sentenceNo": 7,
        "sentenceContent": "중산자이는 1단지 8개동 1144가구, 2단지 3개동 309가구 규모로 총 11개동 1453가구로 조성될 예정이다.",
        "sentenceSize": 64
      },
      {
        "sentenceNo": 8,
        "sentenceContent": "1단지는 전용면적 74㎡, 84㎡, 117㎡로, 2단지는 96㎡, 117㎡로 구성된다.",
        "sentenceSize": 48
      },
      {
        "sentenceNo": 9,
        "sentenceContent": "중산지구는 경산시가 추진하는 친환경 신도시로 부지 중 19.8%에 해당하는 면적이 공원과 녹지, 광장으로 조성 중이다.",
        "sentenceSize": 66
      },
      {
        "sentenceNo": 10,
        "sentenceContent": "이번에 공급되는 중산 자이는 수성구와 경산시를 나누는 경계에 위치해 있어 수성과 경산 생활권을 동시에 누릴 수 있다는 장점이 있다.",
        "sentenceSize": 73
      },
      {
        "sentenceNo": 11,
        "sentenceContent": "반경 1㎞ 이내에 사월역, 욱수천, 신매공원의 수성 생활권궈 중산호수공원, 이마트, 성암산의 중산 생활권을 동시에 누릴 수 있다.",
        "sentenceSize": 72
      },
      {
        "sentenceNo": 12,
        "sentenceContent": "특히 중산 자이는 대구지하철 2호선 사월역을 도보로 이용할 수 있고, 대구를 관통하는 달구벌대로에 인접해 빠르게 대구 도심 진입이 가능하다.",
        "sentenceSize": 78
      },
      {
        "sentenceNo": 13,
        "sentenceContent": "게다가 수성IC, 동대구IC, 경산IC, KTX 경산역 등이 인접해 편리한 교통망을 갖췄다는 평가다.",
        "sentenceSize": 56
      },
      {
        "sentenceNo": 14,
        "sentenceContent": "중산자이는 수요자들의 선호도가 높은 남동·남서 위주의 단지배치로 일조권을 확보하고 타워형 설계 없이 모든 세대를 4베이 혹은 5베이 판상형으로 설계해 쾌적함을 더했다.",
        "sentenceSize": 93
      },
      {
        "sentenceNo": 15,
        "sentenceContent": "드레스 룸과 팬트리도 전 세대에 제공할 계획이다.",
        "sentenceSize": 27
      },
      {
        "sentenceNo": 16,
        "sentenceContent": "중산자이의 당첨자 발표는 1단지 15일 2단지 16일에 진행된다.",
        "sentenceSize": 36
      },
      {
        "sentenceNo": 17,
        "sentenceContent": "정당계약은 1단지 28~31일 2단지 29~31일에 당사 견본주택에서 진행된다.",
        "sentenceSize": 44
      },
      {
        "sentenceNo": 18,
        "sentenceContent": "분양 관계자는 \\\"지난 27일 진행한 사이버견본주택 라이브 방송에서도 입지와 평면에 대한 시청자들의 반응과 관심이 뜨거웠다\\\"면서 \\\"중산자이가 갖춘 경쟁력이 높은 청약 경쟁률로 이어진 것 같다\\\"고 말했다.",
        "sentenceSize": 116
      },
      {
        "sentenceNo": 19,
        "sentenceContent": "그는 이어 \\\"최근 지방 중소도시에 풍선효과가 발생하면서 비규제지역에 들어서는 중산자이에 대한 문의가 많았다\\\"면서 \\\"높은 청약경쟁률을 기록한 만큼 계약도 순조롭게 진행될 것이라 예상된다\\\"고 말했다.",
        "sentenceSize": 113
      },
      {
        "sentenceNo": 20,
        "sentenceContent": "GS건설의 한 관계자는 미디어SR에 \\\"중산자이의 경우 경북에서도 주거 선호도가 높은 경산시에 자이 아파트가 처음으로 들어서 거주민은 물론 타지 사람들도 관심이 높은 상황이었다\\\"며 \\\"미래 비전 등 시세 상승 요소들을 두루 갖추고 있어 실수요자와 투자자 모두 몰려 높은 청약 경쟁률을 나타낸 것으로 분석된다\\\"고 진단했다.",
        "sentenceSize": 181
      },
      {
        "sentenceNo": 21,
        "sentenceContent": "부동산업계의 한 관계자는 미디어SR에 \\\"아무래도 대형건설사의 브랜드 인지도가 높은 데다, 실제로 품질에서도 중형, 중견 건설사보다 더 낫다는 시각도 있다\\\"며 \\\"날로 강해지는 부동산 정책으로 비규제지역에 대한 수요가 많을 수밖에 없다\\\"고 설명했다.",
        "sentenceSize": 141
      }
    ]
  },
  "labeledDataInfo": {
    "newTitle": "GS건설, 경북 중산자이 청약경쟁률 1위... 네임드 효과",
    "clickbaitClass": 0,
    "referSentenceInfo": [
      {
        "sentenceNo": 1,
        "referSentenceyn": "N"
      },
      {
        "sentenceNo": 2,
        "referSentenceyn": "N"
      },
      {
        "sentenceNo": 3,
        "referSentenceyn": "N"
      },
      {
        "sentenceNo": 4,
        "referSentenceyn": "N"
      },
      {
        "sentenceNo": 5,
        "referSentenceyn": "N"
      },
      {
        "sentenceNo": 6,
        "referSentenceyn": "N"
      },
      {
        "sentenceNo": 7,
        "referSentenceyn": "N"
      },
      {
        "sentenceNo": 8,
        "referSentenceyn": "N"
      },
      {
        "sentenceNo": 9,
        "referSentenceyn": "N"
      },
      {
        "sentenceNo": 10,
        "referSentenceyn": "N"
      },
      {
        "sentenceNo": 11,
        "referSentenceyn": "N"
      },
      {
        "sentenceNo": 12,
        "referSentenceyn": "N"
      },
      {
        "sentenceNo": 13,
        "referSentenceyn": "N"
      },
      {
        "sentenceNo": 14,
        "referSentenceyn": "N"
      },
      {
        "sentenceNo": 15,
        "referSentenceyn": "N"
      },
      {
        "sentenceNo": 16,
        "referSentenceyn": "N"
      },
      {
        "sentenceNo": 17,
        "referSentenceyn": "N"
      },
      {
        "sentenceNo": 18,
        "referSentenceyn": "N"
      },
      {
        "sentenceNo": 19,
        "referSentenceyn": "N"
      },
      {
        "sentenceNo": 20,
        "referSentenceyn": "N"
      },
      {
        "sentenceNo": 21,
        "referSentenceyn": "Y"
      }
    ]
  }
}