{
  "sourceDataInfo": {
    "newsID": "EC_M02_157993",
    "newsCategory": "경제",
    "newsSubcategory": "산업",
    "newsTitle": "SK이노베이션, 첫 주식배당 \\\"주주가치 높인다\\\"",
    "newsSubTitle": "보통주 1주당 0.011주 배당...2023년까지 배당성향 30% 유지",
    "newsContent": "SK이노베이션이 창립 후 최초로 주식 배당을 결정했다.\n1주당 0.011주의 자기주식을 현물 배당할 계획이다.\n8일 투자업계 관계자는 데일리임팩트에 \\\"배터리 사업 물적 분할 후 추가 투자로, 현금 배당 여력이 남아 있지 않아 주식 배당을 결정했을 것\\\"이라고 해석했다.\nSK이노베이션은 지난 7일 임시 이사회를 개최하고, 2021년도 기말 배당에 대한 현물 배당을 의결했다.\n앞서 이사회에서 경영진이 현금 부족과 신규 사업 투자 등을 감안해 무배당으로 안건을 올렸으나 부결되고 주주신뢰 제고, 주주 환원을 위해 현물배당을 실시하기로 한 것으로 알려졌다.\nSK이노베이션은 보통주와 우선주 1주당 각각 자사주 0.011주를 배당하고 우선주의 경우 현금 50원을 추가 배당한다.\n지난 4일 종가 기준 배당금으로 환산하면 보통주 2508원, 우선주 2558원이며 배당성향은 69% 수준이다.\nSK이노베이션이 주식을 배당하는 것은 이번이 처음이다.\n지난해 9월 임시 주주총회에서 SK이노베이션은 주주에 대한 이익 배당을 금전 외 방식으로 할 수 있도록 정관을 변경하기도 했다.\nSK이노베이션은 배당성향이 높은 이유로 지난 2020년에 적자를 기록하며 배당하지 않았고, 2021년 영업이익 흑자와 최근 배터리와 석유개발사업의 물적 분할에 따른 주주가치 제고 등을 고려했다고 설명했다.\nSK이노베이션은 앞서 지난달 27일 열린 이사회에서 무배당 안건을 부결 처리했다.\n사유는 주주 환원으로 주주 가치를 제고할 필요가 있다는 측면에서다.\n이에 2021년도 배당안을 재검토하고, 이번 현물 배당 안건을 재상정해 의결했다.\n이번 배당은 주주총회일로부터 한 달 내 주식 계좌로 입고된다.\n현물 배당 후 단주 등에 대해선 현금으로 지급하며 현금 지급액은 정기 주주총회 전날 종가로 계산된다.\n또한 SK이노베이션은 2021~2023년 연간 배당성향 30% 이상을 지향하겠다는 내용의 중기 배당 정책을 수립해 공시했다.\nSK이노베이션 관계자는 \\\"향후에도 주주와 이해관계자의 신뢰도를 높이고자 시장과 소통을 지속해 주주환원정책 수립에 반영하겠다\\\"고 말했다.",
    "partNum": "P1",
    "useType": 0,
    "processType": "D",
    "processPattern": "11",
    "processLevel": "하",
    "sentenceCount": 17,
    "sentenceInfo": [
      {
        "sentenceNo": 1,
        "sentenceContent": "SK이노베이션이 창립 후 최초로 주식 배당을 결정했다.",
        "sentenceSize": 30
      },
      {
        "sentenceNo": 2,
        "sentenceContent": "1주당 0.011주의 자기주식을 현물 배당할 계획이다.",
        "sentenceSize": 30
      },
      {
        "sentenceNo": 3,
        "sentenceContent": "8일 투자업계 관계자는 데일리임팩트에 \\\"배터리 사업 물적 분할 후 추가 투자로, 현금 배당 여력이 남아 있지 않아 주식 배당을 결정했을 것\\\"이라고 해석했다.",
        "sentenceSize": 89
      },
      {
        "sentenceNo": 4,
        "sentenceContent": "SK이노베이션은 지난 7일 임시 이사회를 개최하고, 2021년도 기말 배당에 대한 현물 배당을 의결했다.",
        "sentenceSize": 58
      },
      {
        "sentenceNo": 5,
        "sentenceContent": "앞서 이사회에서 경영진이 현금 부족과 신규 사업 투자 등을 감안해 무배당으로 안건을 올렸으나 부결되고 주주신뢰 제고, 주주 환원을 위해 현물배당을 실시하기로 한 것으로 알려졌다.",
        "sentenceSize": 99
      },
      {
        "sentenceNo": 6,
        "sentenceContent": "SK이노베이션은 보통주와 우선주 1주당 각각 자사주 0.011주를 배당하고 우선주의 경우 현금 50원을 추가 배당한다.",
        "sentenceSize": 66
      },
      {
        "sentenceNo": 7,
        "sentenceContent": "지난 4일 종가 기준 배당금으로 환산하면 보통주 2508원, 우선주 2558원이며 배당성향은 69% 수준이다.",
        "sentenceSize": 61
      },
      {
        "sentenceNo": 8,
        "sentenceContent": "SK이노베이션이 주식을 배당하는 것은 이번이 처음이다.",
        "sentenceSize": 30
      },
      {
        "sentenceNo": 9,
        "sentenceContent": "지난해 9월 임시 주주총회에서 SK이노베이션은 주주에 대한 이익 배당을 금전 외 방식으로 할 수 있도록 정관을 변경하기도 했다.",
        "sentenceSize": 71
      },
      {
        "sentenceNo": 10,
        "sentenceContent": "SK이노베이션은 배당성향이 높은 이유로 지난 2020년에 적자를 기록하며 배당하지 않았고, 2021년 영업이익 흑자와 최근 배터리와 석유개발사업의 물적 분할에 따른 주주가치 제고 등을 고려했다고 설명했다.",
        "sentenceSize": 114
      },
      {
        "sentenceNo": 11,
        "sentenceContent": "SK이노베이션은 앞서 지난달 27일 열린 이사회에서 무배당 안건을 부결 처리했다.",
        "sentenceSize": 45
      },
      {
        "sentenceNo": 12,
        "sentenceContent": "사유는 주주 환원으로 주주 가치를 제고할 필요가 있다는 측면에서다.",
        "sentenceSize": 37
      },
      {
        "sentenceNo": 13,
        "sentenceContent": "이에 2021년도 배당안을 재검토하고, 이번 현물 배당 안건을 재상정해 의결했다.",
        "sentenceSize": 45
      },
      {
        "sentenceNo": 14,
        "sentenceContent": "이번 배당은 주주총회일로부터 한 달 내 주식 계좌로 입고된다.",
        "sentenceSize": 34
      },
      {
        "sentenceNo": 15,
        "sentenceContent": "현물 배당 후 단주 등에 대해선 현금으로 지급하며 현금 지급액은 정기 주주총회 전날 종가로 계산된다.",
        "sentenceSize": 56
      },
      {
        "sentenceNo": 16,
        "sentenceContent": "또한 SK이노베이션은 2021~2023년 연간 배당성향 30% 이상을 지향하겠다는 내용의 중기 배당 정책을 수립해 공시했다.",
        "sentenceSize": 69
      },
      {
        "sentenceNo": 17,
        "sentenceContent": "SK이노베이션 관계자는 \\\"향후에도 주주와 이해관계자의 신뢰도를 높이고자 시장과 소통을 지속해 주주환원정책 수립에 반영하겠다\\\"고 말했다.",
        "sentenceSize": 77
      }
    ]
  },
  "labeledDataInfo": {
    "newTitle": "최초로 주식 배당 결정한 SK이노베이션, 그 이유는? ",
    "clickbaitClass": 0,
    "referSentenceInfo": [
      {
        "sentenceNo": 1,
        "referSentenceyn": "N"
      },
      {
        "sentenceNo": 2,
        "referSentenceyn": "N"
      },
      {
        "sentenceNo": 3,
        "referSentenceyn": "Y"
      },
      {
        "sentenceNo": 4,
        "referSentenceyn": "N"
      },
      {
        "sentenceNo": 5,
        "referSentenceyn": "N"
      },
      {
        "sentenceNo": 6,
        "referSentenceyn": "N"
      },
      {
        "sentenceNo": 7,
        "referSentenceyn": "N"
      },
      {
        "sentenceNo": 8,
        "referSentenceyn": "N"
      },
      {
        "sentenceNo": 9,
        "referSentenceyn": "N"
      },
      {
        "sentenceNo": 10,
        "referSentenceyn": "N"
      },
      {
        "sentenceNo": 11,
        "referSentenceyn": "N"
      },
      {
        "sentenceNo": 12,
        "referSentenceyn": "N"
      },
      {
        "sentenceNo": 13,
        "referSentenceyn": "N"
      },
      {
        "sentenceNo": 14,
        "referSentenceyn": "N"
      },
      {
        "sentenceNo": 15,
        "referSentenceyn": "N"
      },
      {
        "sentenceNo": 16,
        "referSentenceyn": "N"
      },
      {
        "sentenceNo": 17,
        "referSentenceyn": "N"
      }
    ]
  }
}