{
  "sourceDataInfo": {
    "newsID": "EC_M02_158082",
    "newsCategory": "경제",
    "newsSubcategory": "카드",
    "newsTitle": "삼성카드, 디지털 전용상품 '모니모 카드' 출시",
    "newsSubTitle": "모니모 앱에서만 가입 가능 MZ세대 맞춤형 혜택 제공",
    "newsContent": "삼성카드는 삼성금융네트웍스의 첫번째 서비스인 '모니모' 출시에 맞춰 모니모에서만 가입이 가능한 전용상품인 '모니모 카드'를 출시했다고 18일 밝혔다. '모니모 카드'는 모니모 앱에서만 가입이 가능한 디지털 전용상품으로 디지털에 친숙한 MZ세대를 대상으로 가성비 높은 혜택을 제공한다. '모니모 카드'는 MZ세대의 생활패턴에 맞추어 고객이 직접 선택할 수 있는 2개의 옵션서비스와 기본서비스를 제공한다.\n옵션서비스는 고객이 본인의 취향에 따라 카드 혜택을 직접 선택할 수 있는 서비스이다.\n첫번째 옵션서비스는 △온라인 패션·오늘의집 30% 할인 △스타벅스 50%, 교보문고·스트리밍 30% 할인 중에서 한 가지를 선택할 수 있으며 월 최대 1만원까지 혜택이 제공된다.\n두번째 옵션서비스는 △온라인쇼핑몰 △편의점·다이소·올리브영 △해외 이용금액 중 고객이 선택한 영역에서 이용한 금액의 7%를 결제일 할인으로 월 최대 5000원까지 제공한다.\n각 옵션은 매월 변경하여 선택할 수 있으며 전월 이용금액 30만원 이상일 경우 혜택을 받을 수 있다.\n삼성카드 관계자는 데일리임팩트에 \\\"삼성금융네트웍스의 통합앱인 모니모 출시에맞추어 전용상품인 모니모 카드를 출시했다\\\"라며 \\\"모니모 카드는 대표 디지털 상품으로 자리매김 할 것으로 기대한다\\\"고 밝혔다.",
    "partNum": "P1",
    "useType": 0,
    "processType": "D",
    "processPattern": "11",
    "processLevel": "하",
    "sentenceCount": 6,
    "sentenceInfo": [
      {
        "sentenceNo": 1,
        "sentenceContent": "삼성카드는 삼성금융네트웍스의 첫번째 서비스인 '모니모' 출시에 맞춰 모니모에서만 가입이 가능한 전용상품인 '모니모 카드'를 출시했다고 18일 밝혔다. '모니모 카드'는 모니모 앱에서만 가입이 가능한 디지털 전용상품으로 디지털에 친숙한 MZ세대를 대상으로 가성비 높은 혜택을 제공한다. '모니모 카드'는 MZ세대의 생활패턴에 맞추어 고객이 직접 선택할 수 있는 2개의 옵션서비스와 기본서비스를 제공한다.",
        "sentenceSize": 224
      },
      {
        "sentenceNo": 2,
        "sentenceContent": "옵션서비스는 고객이 본인의 취향에 따라 카드 혜택을 직접 선택할 수 있는 서비스이다.",
        "sentenceSize": 47
      },
      {
        "sentenceNo": 3,
        "sentenceContent": "첫번째 옵션서비스는 △온라인 패션·오늘의집 30% 할인 △스타벅스 50%, 교보문고·스트리밍 30% 할인 중에서 한 가지를 선택할 수 있으며 월 최대 1만원까지 혜택이 제공된다.",
        "sentenceSize": 99
      },
      {
        "sentenceNo": 4,
        "sentenceContent": "두번째 옵션서비스는 △온라인쇼핑몰 △편의점·다이소·올리브영 △해외 이용금액 중 고객이 선택한 영역에서 이용한 금액의 7%를 결제일 할인으로 월 최대 5000원까지 제공한다.",
        "sentenceSize": 96
      },
      {
        "sentenceNo": 5,
        "sentenceContent": "각 옵션은 매월 변경하여 선택할 수 있으며 전월 이용금액 30만원 이상일 경우 혜택을 받을 수 있다.",
        "sentenceSize": 56
      },
      {
        "sentenceNo": 6,
        "sentenceContent": "삼성카드 관계자는 데일리임팩트에 \\\"삼성금융네트웍스의 통합앱인 모니모 출시에맞추어 전용상품인 모니모 카드를 출시했다\\\"라며 \\\"모니모 카드는 대표 디지털 상품으로 자리매김 할 것으로 기대한다\\\"고 밝혔다.",
        "sentenceSize": 114
      }
    ]
  },
  "labeledDataInfo": {
    "newTitle": "MZ세대를 대상으로 한 디지털 전용상품 '모니모 카드' 출시...고객이 직접 선택할 수 있는 서비스는?",
    "clickbaitClass": 0,
    "referSentenceInfo": [
      {
        "sentenceNo": 1,
        "referSentenceyn": "Y"
      },
      {
        "sentenceNo": 2,
        "referSentenceyn": "N"
      },
      {
        "sentenceNo": 3,
        "referSentenceyn": "N"
      },
      {
        "sentenceNo": 4,
        "referSentenceyn": "N"
      },
      {
        "sentenceNo": 5,
        "referSentenceyn": "N"
      },
      {
        "sentenceNo": 6,
        "referSentenceyn": "N"
      }
    ]
  }
}