{
  "sourceDataInfo": {
    "newsID": "EC_M02_157604",
    "newsCategory": "경제",
    "newsSubcategory": "산업",
    "newsTitle": "'트로피카나 스파클링', 11년 만에 새 옷 입었다",
    "newsSubTitle": "\\\"탄산 기포 패턴으로 청량함 표현…가로형으로 가시성 높여\\\"",
    "newsContent": "롯데칠성음료가 글로벌 주스 브랜드 '트로피카나(Tropicana)'의 과즙탄산음료 '트로피카나 스파클링(Tropicana Sparkling)'의 패키지 디자인을 11년 만에 리뉴얼했다고 7일 밝혔다.\n2009년 출시된 이후 처음으로 변화를 준 이번 리뉴얼은 제품의 특성을 강조하면서도 트렌디한 디자인을 적용해 브랜드에 새로운 활력을 불어넣고자 진행됐다.\n리뉴얼의 주요 콘셉트는 '컬러풀(Colorful)'과 '세련미'로, 각각의 과즙을 상징하는 컬러를 강조한 젊은 감성을 디자인에 담아냈다.\n리뉴얼 트로피카나 스파클링은 브랜드 로고를 중심으로 탄산 기포가 톡톡 터지는 것을 형상화한 패턴에 각 과즙의 상징색을 적용해 탄산의 청량함과 상큼함을 표현했다.\n제품 하단부에는 과일 이미지를 크게 배치하고 풍부한 과즙 이미지를 넣어 진짜 과즙을 넣어 만들었다는 점을 강조했다.\n또한, 기존의 세로형 디자인을 가로형으로 변경해 세련미를 더하고 제품을 진열했을 때 쉽게 눈에 띌 수 있도록 했다.\n롯데칠성음료는 올해 5월 신제품 '트로피카나 스파클링 패션후르츠'를 추가로 선보였다.\n해당 제품은 이국적인 열대과일 패션후르츠 과즙을 함유한 제품으로, 원과 특유의 새콤달콤한 맛과 청량한 탄산이 어우러진 점이 특징이다.\n롯데칠성음료 관계자는 \\\"리뉴얼된 트로피카나 스파클링이 젊은 소비자들의 마음을 사로잡을 것으로 기대한다\\\"며 \\\"더욱 상큼하고 청량하게 즐길 수 있도록 소비자 트렌드를 반영해 맛과 품질도 개선할 예정\\\"이라고 말했다.\n한편, 트로피카나 스파클링은 지난 2009년에 국내 출시된 이후 상큼한 리얼 과즙을 함유해 상큼하면서도 청량한 맛으로 소비자에게 꾸준한 사랑을 받아온 과즙탄산음료 브랜드다.\n현재 사과, 복숭아, 포도, 오렌지, 망고, 파인애플, 패션후르츠 등 총 7개의 맛으로 구성됐다.",
    "partNum": "P1",
    "useType": 0,
    "processType": "D",
    "processPattern": "11",
    "processLevel": "하",
    "sentenceCount": 11,
    "sentenceInfo": [
      {
        "sentenceNo": 1,
        "sentenceContent": "롯데칠성음료가 글로벌 주스 브랜드 '트로피카나(Tropicana)'의 과즙탄산음료 '트로피카나 스파클링(Tropicana Sparkling)'의 패키지 디자인을 11년 만에 리뉴얼했다고 7일 밝혔다.",
        "sentenceSize": 111
      },
      {
        "sentenceNo": 2,
        "sentenceContent": "2009년 출시된 이후 처음으로 변화를 준 이번 리뉴얼은 제품의 특성을 강조하면서도 트렌디한 디자인을 적용해 브랜드에 새로운 활력을 불어넣고자 진행됐다.",
        "sentenceSize": 85
      },
      {
        "sentenceNo": 3,
        "sentenceContent": "리뉴얼의 주요 콘셉트는 '컬러풀(Colorful)'과 '세련미'로, 각각의 과즙을 상징하는 컬러를 강조한 젊은 감성을 디자인에 담아냈다.",
        "sentenceSize": 76
      },
      {
        "sentenceNo": 4,
        "sentenceContent": "리뉴얼 트로피카나 스파클링은 브랜드 로고를 중심으로 탄산 기포가 톡톡 터지는 것을 형상화한 패턴에 각 과즙의 상징색을 적용해 탄산의 청량함과 상큼함을 표현했다.",
        "sentenceSize": 89
      },
      {
        "sentenceNo": 5,
        "sentenceContent": "제품 하단부에는 과일 이미지를 크게 배치하고 풍부한 과즙 이미지를 넣어 진짜 과즙을 넣어 만들었다는 점을 강조했다.",
        "sentenceSize": 64
      },
      {
        "sentenceNo": 6,
        "sentenceContent": "또한, 기존의 세로형 디자인을 가로형으로 변경해 세련미를 더하고 제품을 진열했을 때 쉽게 눈에 띌 수 있도록 했다.",
        "sentenceSize": 64
      },
      {
        "sentenceNo": 7,
        "sentenceContent": "롯데칠성음료는 올해 5월 신제품 '트로피카나 스파클링 패션후르츠'를 추가로 선보였다.",
        "sentenceSize": 47
      },
      {
        "sentenceNo": 8,
        "sentenceContent": "해당 제품은 이국적인 열대과일 패션후르츠 과즙을 함유한 제품으로, 원과 특유의 새콤달콤한 맛과 청량한 탄산이 어우러진 점이 특징이다.",
        "sentenceSize": 74
      },
      {
        "sentenceNo": 9,
        "sentenceContent": "롯데칠성음료 관계자는 \\\"리뉴얼된 트로피카나 스파클링이 젊은 소비자들의 마음을 사로잡을 것으로 기대한다\\\"며 \\\"더욱 상큼하고 청량하게 즐길 수 있도록 소비자 트렌드를 반영해 맛과 품질도 개선할 예정\\\"이라고 말했다.",
        "sentenceSize": 121
      },
      {
        "sentenceNo": 10,
        "sentenceContent": "한편, 트로피카나 스파클링은 지난 2009년에 국내 출시된 이후 상큼한 리얼 과즙을 함유해 상큼하면서도 청량한 맛으로 소비자에게 꾸준한 사랑을 받아온 과즙탄산음료 브랜드다.",
        "sentenceSize": 96
      },
      {
        "sentenceNo": 11,
        "sentenceContent": "현재 사과, 복숭아, 포도, 오렌지, 망고, 파인애플, 패션후르츠 등 총 7개의 맛으로 구성됐다.",
        "sentenceSize": 54
      }
    ]
  },
  "labeledDataInfo": {
    "newTitle": "'톡톡톡' 트로피카나 스파클링, MZ세대 노린 감성으로 디자인 리뉴얼하나?",
    "clickbaitClass": 0,
    "referSentenceInfo": [
      {
        "sentenceNo": 1,
        "referSentenceyn": "N"
      },
      {
        "sentenceNo": 2,
        "referSentenceyn": "N"
      },
      {
        "sentenceNo": 3,
        "referSentenceyn": "N"
      },
      {
        "sentenceNo": 4,
        "referSentenceyn": "N"
      },
      {
        "sentenceNo": 5,
        "referSentenceyn": "N"
      },
      {
        "sentenceNo": 6,
        "referSentenceyn": "N"
      },
      {
        "sentenceNo": 7,
        "referSentenceyn": "N"
      },
      {
        "sentenceNo": 8,
        "referSentenceyn": "Y"
      },
      {
        "sentenceNo": 9,
        "referSentenceyn": "Y"
      },
      {
        "sentenceNo": 10,
        "referSentenceyn": "N"
      },
      {
        "sentenceNo": 11,
        "referSentenceyn": "N"
      }
    ]
  }
}