{
  "sourceDataInfo": {
    "newsID": "EC_M02_157664",
    "newsCategory": "경제",
    "newsSubcategory": "일반",
    "newsTitle": "국토부, 25번째 부동산 대책 이르면 이번주 발표",
    "newsSubTitle": "",
    "newsContent": "문재인 정부의 25번째 부동산 정책이 이르면 이번 주 발표될 예정이다.\n이번 대책은 그동안의 규제 일변도의 정책과 달리 `공급`이나 `규제 완화`에 초점을 맞출 것으로 보여 관심을 끌고 있다.\n1일 관련 업계에 따르면 국토교통부는 서울 미 수도권에 공공 재개발, 역세권 개발, 신규 택지 등 공급 확대를 골자로 한 부동산 대책을 이번 주에 발표할 계획이다.\n시장에서는 변창흠 국토교통부 장관 취임 전후로 역세권 고밀개발, 준공업지·저층 주거지 개발 등이 거론됐던 만큼 현재로써는 획기적인 수준의 대책이 마련될 것으로 기대하고 있다.\n이를 위해 지하철역 주변 등 현재 350m인 역세권의 범위를 반경 500m로 확대하고, 역세권의 용적률을 높일 수 있다.\n또 저층 주거지의 경우 공공 소형 재건축을 통해 용적률을 법적 상한의 20%를 더 주고, 추가된 용적률의 20~50%는 임대주택을 기부채납 받는 방식으로 개발될 전망이다.\n뿐만 아니라 환매조건부 주택과 공공 자가주택 등 기존 공급방안의 보완책도 거론되고 있다.\n환매조건부주택을 공급하게 되면 행정절차를 간소화시켜주고 각종 비용을 낮춰주는 방식이 유력하다.\n또 무주택자와 실수요자에 한해 규제를 완화하는 정책도 기대된다.\n그동안 정부는 주택담보대출(LTV)의 비율을 줄이는 등 투기수요 억제를 위해 금융규제를 강화해왔다.\n한 부동산 전문가는 미디어SR에 \\\"그동안 정부는 공공재개발/재건축에 혁신적인 주거공급방안을 내놓겠다고 했다\\\"면서 \\\"양도세완화와 같은 규제 완화는 아니겠지만, 역세권 준공업지역 고밀도개발, 공공재개발/재건축 관련의 규제 완화는 나올 수 있다\\\"고 추측했다.\n다만, 꾸준히 언급됐던 개발제한구역 해제 등을 통한 서울 외곽 수도권에 소규모 신규 택지를 추가로 발굴하는 방안이 포함될지는 더 지켜봐야 할 것으로 보인다.\n그동안 정부는 출범 이후 꾸준히 그린벨트를 `미래 세대에 물려줘야 할 유산`으로 규정하고 그 해제에 대해 신중한 태도를 유지해왔다.",
    "partNum": "P1",
    "useType": 0,
    "processType": "D",
    "processPattern": "11",
    "processLevel": "하",
    "sentenceCount": 13,
    "sentenceInfo": [
      {
        "sentenceNo": 1,
        "sentenceContent": "문재인 정부의 25번째 부동산 정책이 이르면 이번 주 발표될 예정이다.",
        "sentenceSize": 39
      },
      {
        "sentenceNo": 2,
        "sentenceContent": "이번 대책은 그동안의 규제 일변도의 정책과 달리 `공급`이나 `규제 완화`에 초점을 맞출 것으로 보여 관심을 끌고 있다.",
        "sentenceSize": 67
      },
      {
        "sentenceNo": 3,
        "sentenceContent": "1일 관련 업계에 따르면 국토교통부는 서울 미 수도권에 공공 재개발, 역세권 개발, 신규 택지 등 공급 확대를 골자로 한 부동산 대책을 이번 주에 발표할 계획이다.",
        "sentenceSize": 91
      },
      {
        "sentenceNo": 4,
        "sentenceContent": "시장에서는 변창흠 국토교통부 장관 취임 전후로 역세권 고밀개발, 준공업지·저층 주거지 개발 등이 거론됐던 만큼 현재로써는 획기적인 수준의 대책이 마련될 것으로 기대하고 있다.",
        "sentenceSize": 97
      },
      {
        "sentenceNo": 5,
        "sentenceContent": "이를 위해 지하철역 주변 등 현재 350m인 역세권의 범위를 반경 500m로 확대하고, 역세권의 용적률을 높일 수 있다.",
        "sentenceSize": 67
      },
      {
        "sentenceNo": 6,
        "sentenceContent": "또 저층 주거지의 경우 공공 소형 재건축을 통해 용적률을 법적 상한의 20%를 더 주고, 추가된 용적률의 20~50%는 임대주택을 기부채납 받는 방식으로 개발될 전망이다.",
        "sentenceSize": 95
      },
      {
        "sentenceNo": 7,
        "sentenceContent": "뿐만 아니라 환매조건부 주택과 공공 자가주택 등 기존 공급방안의 보완책도 거론되고 있다.",
        "sentenceSize": 49
      },
      {
        "sentenceNo": 8,
        "sentenceContent": "환매조건부주택을 공급하게 되면 행정절차를 간소화시켜주고 각종 비용을 낮춰주는 방식이 유력하다.",
        "sentenceSize": 52
      },
      {
        "sentenceNo": 9,
        "sentenceContent": "또 무주택자와 실수요자에 한해 규제를 완화하는 정책도 기대된다.",
        "sentenceSize": 35
      },
      {
        "sentenceNo": 10,
        "sentenceContent": "그동안 정부는 주택담보대출(LTV)의 비율을 줄이는 등 투기수요 억제를 위해 금융규제를 강화해왔다.",
        "sentenceSize": 55
      },
      {
        "sentenceNo": 11,
        "sentenceContent": "한 부동산 전문가는 미디어SR에 \\\"그동안 정부는 공공재개발/재건축에 혁신적인 주거공급방안을 내놓겠다고 했다\\\"면서 \\\"양도세완화와 같은 규제 완화는 아니겠지만, 역세권 준공업지역 고밀도개발, 공공재개발/재건축 관련의 규제 완화는 나올 수 있다\\\"고 추측했다.",
        "sentenceSize": 145
      },
      {
        "sentenceNo": 12,
        "sentenceContent": "다만, 꾸준히 언급됐던 개발제한구역 해제 등을 통한 서울 외곽 수도권에 소규모 신규 택지를 추가로 발굴하는 방안이 포함될지는 더 지켜봐야 할 것으로 보인다.",
        "sentenceSize": 87
      },
      {
        "sentenceNo": 13,
        "sentenceContent": "그동안 정부는 출범 이후 꾸준히 그린벨트를 `미래 세대에 물려줘야 할 유산`으로 규정하고 그 해제에 대해 신중한 태도를 유지해왔다.",
        "sentenceSize": 73
      }
    ]
  },
  "labeledDataInfo": {
    "newTitle": "국토부, 25번째 부동산 대책 이르면 이번 주 발표... 획기적으로 변화하나?",
    "clickbaitClass": 0,
    "referSentenceInfo": [
      {
        "sentenceNo": 1,
        "referSentenceyn": "N"
      },
      {
        "sentenceNo": 2,
        "referSentenceyn": "N"
      },
      {
        "sentenceNo": 3,
        "referSentenceyn": "N"
      },
      {
        "sentenceNo": 4,
        "referSentenceyn": "Y"
      },
      {
        "sentenceNo": 5,
        "referSentenceyn": "N"
      },
      {
        "sentenceNo": 6,
        "referSentenceyn": "N"
      },
      {
        "sentenceNo": 7,
        "referSentenceyn": "N"
      },
      {
        "sentenceNo": 8,
        "referSentenceyn": "N"
      },
      {
        "sentenceNo": 9,
        "referSentenceyn": "N"
      },
      {
        "sentenceNo": 10,
        "referSentenceyn": "N"
      },
      {
        "sentenceNo": 11,
        "referSentenceyn": "N"
      },
      {
        "sentenceNo": 12,
        "referSentenceyn": "N"
      },
      {
        "sentenceNo": 13,
        "referSentenceyn": "N"
      }
    ]
  }
}