{
  "sourceDataInfo": {
    "newsID": "EC_M02_160595",
    "newsCategory": "경제",
    "newsSubcategory": "산업",
    "newsTitle": "소송리스크 털어낸 'K-배터리'에 러브콜…'동맹'으로 세계 1위 탈환 시동",
    "newsSubTitle": "",
    "newsContent": "소송리스크를 완전히 탈출한 국내 배터리업계가 중국에 빼앗긴 주도권을 되찾기 위해 사업 확대에 박차를 가하고 있다.\nSK이노베이션과 LG에너지솔루션은 잇따라 국내외 자동차업체와 협업과 투자를 강화하면서 본격적으로 글로벌 경쟁에 뛰어들었다.\n19일 업계에 따르면 LG에너지솔루션은 미국 1위 자동차회사 제너럴모터스(GM)와 손잡고 미국 내 제2 합작공장을 설립한다고 공식적으로 밝혔다.\nLG에너지솔루션은 지난 16일(현지시간) 미국 테네시주 내슈빌의 주 박물관에서 메리 바라 GM 회장, 빌 리 테네시 주지사, 김종현 LG에너지솔루션 사장 등이 참석한 가운데 제2 합작공장 투자 발표 행사를 열었다.\n양사는 기존 합작사였던 '얼티엄셀즈'를 통해 미국 테네시주 제2 공장 건설에 총 2조7000억원을 투자한다.\n제2 합작공장은 테네시주 스프링힐 지역에 들어서며, 연내 착공해 2023년 하반기 양산에 돌입하는 것을 목표로 하고 있다.\n오는 2024년 상반기까지 35GWh 이상의 생산능력을 확보할 계획이다.\n메리 바라 GM 회장은 \\\"합작 파트너인 LG에너지솔루션과 함께 미국에 두 번째 배터리 공장을 건설하는 것은 우리가 전기차 미래로 전환하기 위한 또 다른 주요 단계\\\"라고 강조했다.\nLG에너지솔루션과 GM의 협업은 이번이 두 번째다.\n양사는 앞서 2019년 미국 오하이오 주에 연간 35GWh 규모 배터리 제1합작공장 설립을 발표한 뒤 현재 공장을 짓고 있다.\n두 공장이 완공되면 2024년까지 총 연간 70GWh 이상의 생산능력을 갖출 수 있다.\n이는 한 번 충전으로 500㎞ 주행이 가능한 고성능 전기차를 약 100만대 생산할 수 있는 규모다.\nGM과의 협업과는 별개로 LG에너지솔루션은 2025년까지 5조원 이상을 단독 투자해 미국에서 총 145GWh의 생산 능력을 확보한다는 계획을 세웠다.\n미국뿐 아니라 한국, 폴란드, 중국 등의 전기차 배터리 생산 능력도 지속 확대해 2023년까지 260GWh의 생산 능력을 확보한다는 구상이다.\n김종현 LG에너지솔루션 사장은 \\\"배터리 생산뿐 아니라 연구·개발부터 제품 개발 및 원재로 조달까지 미국 내에서 차별화된 안정적인 공급망 체계를 갖추는 데 더욱 주력할 것\\\"이라고 말했다.\n현대차·기아-SK이노베이션 '10년 배터리 동맹' 결실 이보다 하루 앞서 SK이노베이션도 현대차·기아와의 협력 강화 카드를 꺼내들었다.\n이번 양사의 협력은 단순한 납품 관계를 넘어 산업 생태계를 주도적으로 이끌어가는 협업 모델을 새롭게 만든다는데 의미가 있다는 평가를 받는다.\nSK이노베이션은 현대차·기아와 경기도 화성시 남양연구소에서 'HEV 배터리 공동 개발 협력을 위한 업무 협약'을 체결했다고 16일 밝혔다.\n현대차·기아와 SK이노베이션은 전동화 차량에 최적화한 파우치형 배터리를 개발, 실제 차량에 적용하는 것을 목표로 협업에 나선다.\n이 배터리는 현대차가 2024년 선보일 하이브리드카부터 탑재된다.\n양사는 현대차·기아가 향후 출시할 차량 특성에 최적화한 배터리를 제작하기 위해 설계 단계부터 제품 평가 및 성능 개선에 이르기까지 긴밀하게 협업할 예정이다.\n특히 이번 업무 협약은 친환경차 분야에서 현대차·기아와 SK이노베이션이 10년 이상 다양한 프로그램을 통해 협업해 온 결실이다.\n현대차·기아와 SK이노베이션은 2010년 국내 최초 고속전기차인 '블루온'의 배터리를 시작으로국내 첫 양산형 전기차 '레이 EV', 해외 첫 수출 전기차인 '쏘울 EV'에서 협업했다.\n또 현대차그룹의 전기차 전용 플랫폼 'E-GMP' 기반의 전기차 '아이오닉 5', 'EV6'에서도 협력을 이어가고 있다.\n이장원 SK이노베이션 배터리연구원장은 \\\"SK이노베이션의 독보적인 배터리 기술력과 제조 안정성으로 시너지를 낼 수 있을 것\\\"이라고 말했다.\n골드만삭스도 주목한 'SK이노베이션'…\\\"대세상승 이제 시작\\\" 업계에서는 국내 배터리업체들이 해묵은 배터리분쟁을 마무리한 만큼 중국에 뺏긴 배터리 주도권을 되찾기 위해 협력을 통해 패권 경쟁에 본격적으로 뛰어들었다는 평가에 무게를 싣는다.\n김준 SK이노베이션 사장은 LG에너지솔루션과 합의 이후 직원들에게 \\\"미국은 물론 글로벌 전기차 산업 발전에 맞춰 추가 투자와 협력 확대도 추진할 수 있게 됐다\\\"며 \\\"불확실성이 사라졌으니 우리 기술과 제품 경쟁력에 대한 자신감을 가지고 더 큰 성장을 통해 저력을 보여주자\\\"고 독려했다.\n더욱이 미국의 친환경 정책 강화, 최근의 자동차 반도체 수급 대란 등으로 인해 배터리와 완성차 업계간 협력에 대한 검토가 활발히 진행되는 분위기다.\n이런 상황에서 소송리스크에서 벗어난 국내 배터리업체들도 완성차 업체들로부터 러브콜을 받을 가능성이 높아졌다.\nSK이노베이션 관계자는 미디어SR에 \\\"SK이노베이션은 세계최고 수준의 고성능 배터리 기술력을 비롯해 배터리 안전성과 높은 제조 기술력을 보유했다는 평가를 받고 있다\\\"며 \\\"현대차·기아 이외에도 다양한 글로벌 자동차 업체들과 협력 모델을 확대하고 있다\\\"고 강조했다.\n외국계증권사까지 국내 배터리업계를 주목하고 있다.\n대표적으로 골드만삭스는 'SK이노베이션'의 대세상승이 이제 막 시작됐을 가능성이 있다고 평가했다.\nSK이노베이션이 2030년까지 글로벌 시장점유율 8~10%를 기록할 것으로 전망했다.\n나킬 반다리(Nikhil Bhandari) 골드만삭스 애널리스트는 최근 보고서에서 \\\"SK이노베이션이 전기차 관련 사업은 2021~2023년 연평균 47%이 성장률을 기록할 것\\\"이라고 내다봤다.\n그는 \\\"지난 연말 기준 SK이노베이션의 전기차 배터리 수주잔고는 550GWh였고, 이를 토대로 2025년 생산능력 전망치를 125GWh 이상으로 늘려잡았다\\\"며 \\\"미국에서 폭스바겐과 포드, 유럽에서 다임러, 아시아에서 현대차와 기아에 배터리를 공급하고 있다\\\"고 설명했다.",
    "partNum": "P1",
    "useType": 0,
    "processType": "D",
    "processPattern": "15",
    "processLevel": "중",
    "sentenceCount": 35,
    "sentenceInfo": [
      {
        "sentenceNo": 1,
        "sentenceContent": "소송리스크를 완전히 탈출한 국내 배터리업계가 중국에 빼앗긴 주도권을 되찾기 위해 사업 확대에 박차를 가하고 있다.",
        "sentenceSize": 63
      },
      {
        "sentenceNo": 2,
        "sentenceContent": "SK이노베이션과 LG에너지솔루션은 잇따라 국내외 자동차업체와 협업과 투자를 강화하면서 본격적으로 글로벌 경쟁에 뛰어들었다.",
        "sentenceSize": 68
      },
      {
        "sentenceNo": 3,
        "sentenceContent": "19일 업계에 따르면 LG에너지솔루션은 미국 1위 자동차회사 제너럴모터스(GM)와 손잡고 미국 내 제2 합작공장을 설립한다고 공식적으로 밝혔다.",
        "sentenceSize": 80
      },
      {
        "sentenceNo": 4,
        "sentenceContent": "LG에너지솔루션은 지난 16일(현지시간) 미국 테네시주 내슈빌의 주 박물관에서 메리 바라 GM 회장, 빌 리 테네시 주지사, 김종현 LG에너지솔루션 사장 등이 참석한 가운데 제2 합작공장 투자 발표 행사를 열었다.",
        "sentenceSize": 119
      },
      {
        "sentenceNo": 5,
        "sentenceContent": "양사는 기존 합작사였던 '얼티엄셀즈'를 통해 미국 테네시주 제2 공장 건설에 총 2조7000억원을 투자한다.",
        "sentenceSize": 60
      },
      {
        "sentenceNo": 6,
        "sentenceContent": "제2 합작공장은 테네시주 스프링힐 지역에 들어서며, 연내 착공해 2023년 하반기 양산에 돌입하는 것을 목표로 하고 있다.",
        "sentenceSize": 68
      },
      {
        "sentenceNo": 7,
        "sentenceContent": "오는 2024년 상반기까지 35GWh 이상의 생산능력을 확보할 계획이다.",
        "sentenceSize": 40
      },
      {
        "sentenceNo": 8,
        "sentenceContent": "메리 바라 GM 회장은 \\\"합작 파트너인 LG에너지솔루션과 함께 미국에 두 번째 배터리 공장을 건설하는 것은 우리가 전기차 미래로 전환하기 위한 또 다른 주요 단계\\\"라고 강조했다.",
        "sentenceSize": 101
      },
      {
        "sentenceNo": 9,
        "sentenceContent": "LG에너지솔루션과 GM의 협업은 이번이 두 번째다.",
        "sentenceSize": 28
      },
      {
        "sentenceNo": 10,
        "sentenceContent": "양사는 앞서 2019년 미국 오하이오 주에 연간 35GWh 규모 배터리 제1합작공장 설립을 발표한 뒤 현재 공장을 짓고 있다.",
        "sentenceSize": 70
      },
      {
        "sentenceNo": 11,
        "sentenceContent": "두 공장이 완공되면 2024년까지 총 연간 70GWh 이상의 생산능력을 갖출 수 있다.",
        "sentenceSize": 48
      },
      {
        "sentenceNo": 12,
        "sentenceContent": "이는 한 번 충전으로 500㎞ 주행이 가능한 고성능 전기차를 약 100만대 생산할 수 있는 규모다.",
        "sentenceSize": 55
      },
      {
        "sentenceNo": 13,
        "sentenceContent": "GM과의 협업과는 별개로 LG에너지솔루션은 2025년까지 5조원 이상을 단독 투자해 미국에서 총 145GWh의 생산 능력을 확보한다는 계획을 세웠다.",
        "sentenceSize": 83
      },
      {
        "sentenceNo": 14,
        "sentenceContent": "미국뿐 아니라 한국, 폴란드, 중국 등의 전기차 배터리 생산 능력도 지속 확대해 2023년까지 260GWh의 생산 능력을 확보한다는 구상이다.",
        "sentenceSize": 79
      },
      {
        "sentenceNo": 15,
        "sentenceContent": "김종현 LG에너지솔루션 사장은 \\\"배터리 생산뿐 아니라 연구·개발부터 제품 개발 및 원재로 조달까지 미국 내에서 차별화된 안정적인 공급망 체계를 갖추는 데 더욱 주력할 것\\\"이라고 말했다.",
        "sentenceSize": 105
      },
      {
        "sentenceNo": 16,
        "sentenceContent": "현대차·기아-SK이노베이션 '10년 배터리 동맹' 결실 이보다 하루 앞서 SK이노베이션도 현대차·기아와의 협력 강화 카드를 꺼내들었다.",
        "sentenceSize": 75
      },
      {
        "sentenceNo": 17,
        "sentenceContent": "이번 양사의 협력은 단순한 납품 관계를 넘어 산업 생태계를 주도적으로 이끌어가는 협업 모델을 새롭게 만든다는데 의미가 있다는 평가를 받는다.",
        "sentenceSize": 78
      },
      {
        "sentenceNo": 18,
        "sentenceContent": "SK이노베이션은 현대차·기아와 경기도 화성시 남양연구소에서 'HEV 배터리 공동 개발 협력을 위한 업무 협약'을 체결했다고 16일 밝혔다.",
        "sentenceSize": 77
      },
      {
        "sentenceNo": 19,
        "sentenceContent": "현대차·기아와 SK이노베이션은 전동화 차량에 최적화한 파우치형 배터리를 개발, 실제 차량에 적용하는 것을 목표로 협업에 나선다.",
        "sentenceSize": 71
      },
      {
        "sentenceNo": 20,
        "sentenceContent": "이 배터리는 현대차가 2024년 선보일 하이브리드카부터 탑재된다.",
        "sentenceSize": 36
      },
      {
        "sentenceNo": 21,
        "sentenceContent": "양사는 현대차·기아가 향후 출시할 차량 특성에 최적화한 배터리를 제작하기 위해 설계 단계부터 제품 평가 및 성능 개선에 이르기까지 긴밀하게 협업할 예정이다.",
        "sentenceSize": 87
      },
      {
        "sentenceNo": 22,
        "sentenceContent": "특히 이번 업무 협약은 친환경차 분야에서 현대차·기아와 SK이노베이션이 10년 이상 다양한 프로그램을 통해 협업해 온 결실이다.",
        "sentenceSize": 71
      },
      {
        "sentenceNo": 23,
        "sentenceContent": "현대차·기아와 SK이노베이션은 2010년 국내 최초 고속전기차인 '블루온'의 배터리를 시작으로국내 첫 양산형 전기차 '레이 EV', 해외 첫 수출 전기차인 '쏘울 EV'에서 협업했다.",
        "sentenceSize": 102
      },
      {
        "sentenceNo": 24,
        "sentenceContent": "또 현대차그룹의 전기차 전용 플랫폼 'E-GMP' 기반의 전기차 '아이오닉 5', 'EV6'에서도 협력을 이어가고 있다.",
        "sentenceSize": 67
      },
      {
        "sentenceNo": 25,
        "sentenceContent": "이장원 SK이노베이션 배터리연구원장은 \\\"SK이노베이션의 독보적인 배터리 기술력과 제조 안정성으로 시너지를 낼 수 있을 것\\\"이라고 말했다.",
        "sentenceSize": 78
      },
      {
        "sentenceNo": 26,
        "sentenceContent": "골드만삭스도 주목한 'SK이노베이션'…\\\"대세상승 이제 시작\\\" 업계에서는 국내 배터리업체들이 해묵은 배터리분쟁을 마무리한 만큼 중국에 뺏긴 배터리 주도권을 되찾기 위해 협력을 통해 패권 경쟁에 본격적으로 뛰어들었다는 평가에 무게를 싣는다.",
        "sentenceSize": 134
      },
      {
        "sentenceNo": 27,
        "sentenceContent": "김준 SK이노베이션 사장은 LG에너지솔루션과 합의 이후 직원들에게 \\\"미국은 물론 글로벌 전기차 산업 발전에 맞춰 추가 투자와 협력 확대도 추진할 수 있게 됐다\\\"며 \\\"불확실성이 사라졌으니 우리 기술과 제품 경쟁력에 대한 자신감을 가지고 더 큰 성장을 통해 저력을 보여주자\\\"고 독려했다.",
        "sentenceSize": 162
      },
      {
        "sentenceNo": 28,
        "sentenceContent": "더욱이 미국의 친환경 정책 강화, 최근의 자동차 반도체 수급 대란 등으로 인해 배터리와 완성차 업계간 협력에 대한 검토가 활발히 진행되는 분위기다.",
        "sentenceSize": 82
      },
      {
        "sentenceNo": 29,
        "sentenceContent": "이런 상황에서 소송리스크에서 벗어난 국내 배터리업체들도 완성차 업체들로부터 러브콜을 받을 가능성이 높아졌다.",
        "sentenceSize": 60
      },
      {
        "sentenceNo": 30,
        "sentenceContent": "SK이노베이션 관계자는 미디어SR에 \\\"SK이노베이션은 세계최고 수준의 고성능 배터리 기술력을 비롯해 배터리 안전성과 높은 제조 기술력을 보유했다는 평가를 받고 있다\\\"며 \\\"현대차·기아 이외에도 다양한 글로벌 자동차 업체들과 협력 모델을 확대하고 있다\\\"고 강조했다.",
        "sentenceSize": 150
      },
      {
        "sentenceNo": 31,
        "sentenceContent": "외국계증권사까지 국내 배터리업계를 주목하고 있다.",
        "sentenceSize": 27
      },
      {
        "sentenceNo": 32,
        "sentenceContent": "대표적으로 골드만삭스는 'SK이노베이션'의 대세상승이 이제 막 시작됐을 가능성이 있다고 평가했다.",
        "sentenceSize": 54
      },
      {
        "sentenceNo": 33,
        "sentenceContent": "SK이노베이션이 2030년까지 글로벌 시장점유율 8~10%를 기록할 것으로 전망했다.",
        "sentenceSize": 47
      },
      {
        "sentenceNo": 34,
        "sentenceContent": "나킬 반다리(Nikhil Bhandari) 골드만삭스 애널리스트는 최근 보고서에서 \\\"SK이노베이션이 전기차 관련 사업은 2021~2023년 연평균 47%이 성장률을 기록할 것\\\"이라고 내다봤다.",
        "sentenceSize": 109
      },
      {
        "sentenceNo": 35,
        "sentenceContent": "그는 \\\"지난 연말 기준 SK이노베이션의 전기차 배터리 수주잔고는 550GWh였고, 이를 토대로 2025년 생산능력 전망치를 125GWh 이상으로 늘려잡았다\\\"며 \\\"미국에서 폭스바겐과 포드, 유럽에서 다임러, 아시아에서 현대차와 기아에 배터리를 공급하고 있다\\\"고 설명했다.",
        "sentenceSize": 154
      }
    ]
  },
  "labeledDataInfo": {
    "newTitle": "소송리스크에서 벗어난 국내 배터리업체들... 완성차 업체들로부터 러브콜 쇄도",
    "clickbaitClass": 0,
    "referSentenceInfo": [
      {
        "sentenceNo": 1,
        "referSentenceyn": "N"
      },
      {
        "sentenceNo": 2,
        "referSentenceyn": "N"
      },
      {
        "sentenceNo": 3,
        "referSentenceyn": "N"
      },
      {
        "sentenceNo": 4,
        "referSentenceyn": "N"
      },
      {
        "sentenceNo": 5,
        "referSentenceyn": "N"
      },
      {
        "sentenceNo": 6,
        "referSentenceyn": "N"
      },
      {
        "sentenceNo": 7,
        "referSentenceyn": "N"
      },
      {
        "sentenceNo": 8,
        "referSentenceyn": "N"
      },
      {
        "sentenceNo": 9,
        "referSentenceyn": "N"
      },
      {
        "sentenceNo": 10,
        "referSentenceyn": "N"
      },
      {
        "sentenceNo": 11,
        "referSentenceyn": "N"
      },
      {
        "sentenceNo": 12,
        "referSentenceyn": "N"
      },
      {
        "sentenceNo": 13,
        "referSentenceyn": "N"
      },
      {
        "sentenceNo": 14,
        "referSentenceyn": "N"
      },
      {
        "sentenceNo": 15,
        "referSentenceyn": "N"
      },
      {
        "sentenceNo": 16,
        "referSentenceyn": "N"
      },
      {
        "sentenceNo": 17,
        "referSentenceyn": "N"
      },
      {
        "sentenceNo": 18,
        "referSentenceyn": "N"
      },
      {
        "sentenceNo": 19,
        "referSentenceyn": "N"
      },
      {
        "sentenceNo": 20,
        "referSentenceyn": "N"
      },
      {
        "sentenceNo": 21,
        "referSentenceyn": "N"
      },
      {
        "sentenceNo": 22,
        "referSentenceyn": "N"
      },
      {
        "sentenceNo": 23,
        "referSentenceyn": "N"
      },
      {
        "sentenceNo": 24,
        "referSentenceyn": "N"
      },
      {
        "sentenceNo": 25,
        "referSentenceyn": "N"
      },
      {
        "sentenceNo": 26,
        "referSentenceyn": "N"
      },
      {
        "sentenceNo": 27,
        "referSentenceyn": "N"
      },
      {
        "sentenceNo": 28,
        "referSentenceyn": "N"
      },
      {
        "sentenceNo": 29,
        "referSentenceyn": "Y"
      },
      {
        "sentenceNo": 30,
        "referSentenceyn": "N"
      },
      {
        "sentenceNo": 31,
        "referSentenceyn": "N"
      },
      {
        "sentenceNo": 32,
        "referSentenceyn": "N"
      },
      {
        "sentenceNo": 33,
        "referSentenceyn": "N"
      },
      {
        "sentenceNo": 34,
        "referSentenceyn": "N"
      },
      {
        "sentenceNo": 35,
        "referSentenceyn": "N"
      }
    ]
  }
}