{
  "sourceDataInfo": {
    "newsID": "EC_M02_157906",
    "newsCategory": "경제",
    "newsSubcategory": "증권",
    "newsTitle": "신한금융투자, 첫 해외주식 투자 10주 챌린지 시행",
    "newsSubTitle": "유튜버 김짠부·앙찌와 협업··· 1주차 수강자 전원 경품 제공",
    "newsContent": "신한금융투자는 해외주식 초보 투자자를 위한 '처음 해외주식 10주 챌린지' 캠페인을 오는 12월 31일까지 시행한다고 16일 밝혔다.\n챌린지는 신한금융투자 모바일 앱 신한알파에서 10주간 해외주식 초보의 성장을 돕는 커리큘럼 콘텐츠를 시청하는 내용으로 구성돼 있다.\nMZ세대 재테크 인플루언서 김짠부가 주는 각 주의 미션과 해외주식 전문 인플루언서 앙찌의 강의가 영상으로 준비되어 있다.\n해외 주식에 첫 도전하는 투자자들이 궁금해하는 질문에 대한 답변 콘텐츠도 있다.\n누구나 해당 콘텐츠 1주차를 수강하면 무선 이어폰, 해외주식 상품권 스탁콘, 바나나우유, 사탕 중 하나를 받는다. 1주차 강의 수강 후 실시간으로 경품 당첨 결과가 나온다.\n10주차까지 모든 콘텐츠를 수강한 이들 중 100명은 추첨을 통해 '처음 해외주식' 도서를 받게 된다.\n신한금융투자 관계자는 데일리임팩트에 \\\"10주 동안의 커리큘럼을 마치면 처음 해외주식 거래를 할 때 접하는 상황들이나 용어 등 해외주식 투자에 기본적으로 필요한 정보들을 익힐 수 있다\\\"며 \\\"신한금융투자는 신한알파를 비롯해 다양한 채널에서 MZ세대를 비롯한 주식 초보 고객들에게 도움이 될 수 있는 다양한 콘텐츠 및 서비스를 지속 제공할 예정\\\"라고 전했다.\n한편, 신한금융투자가 신한알파에서 지난 7월 시행한 국내주식 초보 투자자를 위한 '처음 주식 10주 챌린지' 캠페인도 연말까지 진행된다.\n해당 캠페인 역시 주식 초보를 위한 10주 분량의 콘텐츠와 '처음 주식' 도서 증정 이벤트로 구성돼 있다.",
    "partNum": "P1",
    "useType": 0,
    "processType": "D",
    "processPattern": "11",
    "processLevel": "하",
    "sentenceCount": 9,
    "sentenceInfo": [
      {
        "sentenceNo": 1,
        "sentenceContent": "신한금융투자는 해외주식 초보 투자자를 위한 '처음 해외주식 10주 챌린지' 캠페인을 오는 12월 31일까지 시행한다고 16일 밝혔다.",
        "sentenceSize": 74
      },
      {
        "sentenceNo": 2,
        "sentenceContent": "챌린지는 신한금융투자 모바일 앱 신한알파에서 10주간 해외주식 초보의 성장을 돕는 커리큘럼 콘텐츠를 시청하는 내용으로 구성돼 있다.",
        "sentenceSize": 73
      },
      {
        "sentenceNo": 3,
        "sentenceContent": "MZ세대 재테크 인플루언서 김짠부가 주는 각 주의 미션과 해외주식 전문 인플루언서 앙찌의 강의가 영상으로 준비되어 있다.",
        "sentenceSize": 67
      },
      {
        "sentenceNo": 4,
        "sentenceContent": "해외 주식에 첫 도전하는 투자자들이 궁금해하는 질문에 대한 답변 콘텐츠도 있다.",
        "sentenceSize": 44
      },
      {
        "sentenceNo": 5,
        "sentenceContent": "누구나 해당 콘텐츠 1주차를 수강하면 무선 이어폰, 해외주식 상품권 스탁콘, 바나나우유, 사탕 중 하나를 받는다. 1주차 강의 수강 후 실시간으로 경품 당첨 결과가 나온다.",
        "sentenceSize": 96
      },
      {
        "sentenceNo": 6,
        "sentenceContent": "10주차까지 모든 콘텐츠를 수강한 이들 중 100명은 추첨을 통해 '처음 해외주식' 도서를 받게 된다.",
        "sentenceSize": 57
      },
      {
        "sentenceNo": 7,
        "sentenceContent": "신한금융투자 관계자는 데일리임팩트에 \\\"10주 동안의 커리큘럼을 마치면 처음 해외주식 거래를 할 때 접하는 상황들이나 용어 등 해외주식 투자에 기본적으로 필요한 정보들을 익힐 수 있다\\\"며 \\\"신한금융투자는 신한알파를 비롯해 다양한 채널에서 MZ세대를 비롯한 주식 초보 고객들에게 도움이 될 수 있는 다양한 콘텐츠 및 서비스를 지속 제공할 예정\\\"라고 전했다.",
        "sentenceSize": 201
      },
      {
        "sentenceNo": 8,
        "sentenceContent": "한편, 신한금융투자가 신한알파에서 지난 7월 시행한 국내주식 초보 투자자를 위한 '처음 주식 10주 챌린지' 캠페인도 연말까지 진행된다.",
        "sentenceSize": 76
      },
      {
        "sentenceNo": 9,
        "sentenceContent": "해당 캠페인 역시 주식 초보를 위한 10주 분량의 콘텐츠와 '처음 주식' 도서 증정 이벤트로 구성돼 있다.",
        "sentenceSize": 59
      }
    ]
  },
  "labeledDataInfo": {
    "newTitle": "신한금융 투자, 해외주식 초보자들을 위한 캠페인 실행... 준비된 커리큘럼은?",
    "clickbaitClass": 0,
    "referSentenceInfo": [
      {
        "sentenceNo": 1,
        "referSentenceyn": "N"
      },
      {
        "sentenceNo": 2,
        "referSentenceyn": "Y"
      },
      {
        "sentenceNo": 3,
        "referSentenceyn": "N"
      },
      {
        "sentenceNo": 4,
        "referSentenceyn": "N"
      },
      {
        "sentenceNo": 5,
        "referSentenceyn": "N"
      },
      {
        "sentenceNo": 6,
        "referSentenceyn": "N"
      },
      {
        "sentenceNo": 7,
        "referSentenceyn": "N"
      },
      {
        "sentenceNo": 8,
        "referSentenceyn": "N"
      },
      {
        "sentenceNo": 9,
        "referSentenceyn": "N"
      }
    ]
  }
}