{
  "sourceDataInfo": {
    "newsID": "EC_M02_158101",
    "newsCategory": "경제",
    "newsSubcategory": "IT·통신",
    "newsTitle": "네이버 D2SF, 3D 모델링 스타트업에 신규 투자",
    "newsSubTitle": "스마트폰 활용해 3D 모델링… AR커머스, 가상쇼룸 등에 활용 네이버와 긴밀한 기술 협력 예고… “새로운 차원의 3D 경험 제공”",
    "newsContent": "네이버의 스타트업 투자 전문 기관인 D2SF가 3D 모델링 기술 스타트업 '리빌더AI'에 신규 투자했다고 27일 밝혔다.\n이번 투자는 네이버 D2SF가 리드했고 KB인베스트먼트가 공동 참여했다.\n네이버 관계자는 데일리임팩트에 \\\"리빌더AI는 3D 기술력과 사업 역량을 두루 갖춘 팀\\\"이라며 \\\"특히 김정현 대표를 포함한 공동 창업진은 과거 스타트업 창업 경험을 바탕으로, 빠른 실행력을 갖춰 솔루션 개발부터 첫 기관 투자까지 성공적으로 이끌었다\\\"라고 설명했다.\n리빌더AI는 스마트폰 카메라로 찍은 물체나 공간을 약 3분 이내에 고품질 3D 모델로 변환하는 3D 모델링 기술을 개발했다.\n전문 장비 없이도 3D 모델을 만들 수 있는 기술로, 자동 변환된 3D 모델을 크리에이터들이 자유롭게 변형·편집할 수 있는 것이 특징이다.\n빛이 잘 투과되거나 반사되는 물체의 경우, 기존 기술로는 3D 모델링이 어려웠으나, 리빌더AI는 고품질 3D 모델을 만드는데 성공했다.\n현재 리빌더AI는 증강현실(AR) 커머스, 가상 쇼룸 등을 1차 타깃으로 비즈니스를 준비 중이다.\n주요 고객은 AR 커머스를 준비하는 중소상공인(SME) 및 브랜드사, 메타버스에 적합한 3D 재화를 만들려는 크리에이터들이다.\n또한 개인 이용자들을 위한 3D 모델 변환·편집이 가능한 모바일앱 'VRIN'도 상반기 내 선보일 예정이다.\n양상환 네이버 D2SF 리더는 \\\"그동안 3D 모델링은 전문가들의 영역이었지만, 메타버스의 부상과 함께 누구나 간편하게 활용할 수 있는 3D 저작도구가 중요해졌다\\\"며 \\\"이용자들에게 새로운 차원의 3D 경험을 제공할 수 있도록, 리빌더AI와 네이버의 협력도 다각도로 추진해나갈 것\\\"이라고 말했다.\n한편, 네이버 D2SF는 메타버스 분야 기술 스타트업에 대한 적극적인 투자를 이어가고 있다.\n지난해 D2SF는 전체 투자 건수에서 24%를 메타버스 기술 스타트업에 투자하였으며, 특히 3D, 가상현실(VR), AR 등 메타버스 콘텐츠 제작 솔루션을 개발하는 스타트업을 다수 발굴했다.\n대표적인 투자 사례로는 △자체 3D 엔진 기반으로 디자인 스튜디오를 개발한 '엔닷라이트' △언리얼 엔진 기반의 3D 콘텐츠 제작 솔루션을 개발 중인 '버추얼플로우' △포즈 추출 기술 기반의 애니메이팅 자동화 솔루션을 개발한 '플라스크' 등이 있다.",
    "partNum": "P1",
    "useType": 0,
    "processType": "D",
    "processPattern": "11",
    "processLevel": "하",
    "sentenceCount": 13,
    "sentenceInfo": [
      {
        "sentenceNo": 1,
        "sentenceContent": "네이버의 스타트업 투자 전문 기관인 D2SF가 3D 모델링 기술 스타트업 '리빌더AI'에 신규 투자했다고 27일 밝혔다.",
        "sentenceSize": 67
      },
      {
        "sentenceNo": 2,
        "sentenceContent": "이번 투자는 네이버 D2SF가 리드했고 KB인베스트먼트가 공동 참여했다.",
        "sentenceSize": 40
      },
      {
        "sentenceNo": 3,
        "sentenceContent": "네이버 관계자는 데일리임팩트에 \\\"리빌더AI는 3D 기술력과 사업 역량을 두루 갖춘 팀\\\"이라며 \\\"특히 김정현 대표를 포함한 공동 창업진은 과거 스타트업 창업 경험을 바탕으로, 빠른 실행력을 갖춰 솔루션 개발부터 첫 기관 투자까지 성공적으로 이끌었다\\\"라고 설명했다.",
        "sentenceSize": 150
      },
      {
        "sentenceNo": 4,
        "sentenceContent": "리빌더AI는 스마트폰 카메라로 찍은 물체나 공간을 약 3분 이내에 고품질 3D 모델로 변환하는 3D 모델링 기술을 개발했다.",
        "sentenceSize": 69
      },
      {
        "sentenceNo": 5,
        "sentenceContent": "전문 장비 없이도 3D 모델을 만들 수 있는 기술로, 자동 변환된 3D 모델을 크리에이터들이 자유롭게 변형·편집할 수 있는 것이 특징이다.",
        "sentenceSize": 77
      },
      {
        "sentenceNo": 6,
        "sentenceContent": "빛이 잘 투과되거나 반사되는 물체의 경우, 기존 기술로는 3D 모델링이 어려웠으나, 리빌더AI는 고품질 3D 모델을 만드는데 성공했다.",
        "sentenceSize": 75
      },
      {
        "sentenceNo": 7,
        "sentenceContent": "현재 리빌더AI는 증강현실(AR) 커머스, 가상 쇼룸 등을 1차 타깃으로 비즈니스를 준비 중이다.",
        "sentenceSize": 54
      },
      {
        "sentenceNo": 8,
        "sentenceContent": "주요 고객은 AR 커머스를 준비하는 중소상공인(SME) 및 브랜드사, 메타버스에 적합한 3D 재화를 만들려는 크리에이터들이다.",
        "sentenceSize": 70
      },
      {
        "sentenceNo": 9,
        "sentenceContent": "또한 개인 이용자들을 위한 3D 모델 변환·편집이 가능한 모바일앱 'VRIN'도 상반기 내 선보일 예정이다.",
        "sentenceSize": 60
      },
      {
        "sentenceNo": 10,
        "sentenceContent": "양상환 네이버 D2SF 리더는 \\\"그동안 3D 모델링은 전문가들의 영역이었지만, 메타버스의 부상과 함께 누구나 간편하게 활용할 수 있는 3D 저작도구가 중요해졌다\\\"며 \\\"이용자들에게 새로운 차원의 3D 경험을 제공할 수 있도록, 리빌더AI와 네이버의 협력도 다각도로 추진해나갈 것\\\"이라고 말했다.",
        "sentenceSize": 167
      },
      {
        "sentenceNo": 11,
        "sentenceContent": "한편, 네이버 D2SF는 메타버스 분야 기술 스타트업에 대한 적극적인 투자를 이어가고 있다.",
        "sentenceSize": 51
      },
      {
        "sentenceNo": 12,
        "sentenceContent": "지난해 D2SF는 전체 투자 건수에서 24%를 메타버스 기술 스타트업에 투자하였으며, 특히 3D, 가상현실(VR), AR 등 메타버스 콘텐츠 제작 솔루션을 개발하는 스타트업을 다수 발굴했다.",
        "sentenceSize": 106
      },
      {
        "sentenceNo": 13,
        "sentenceContent": "대표적인 투자 사례로는 △자체 3D 엔진 기반으로 디자인 스튜디오를 개발한 '엔닷라이트' △언리얼 엔진 기반의 3D 콘텐츠 제작 솔루션을 개발 중인 '버추얼플로우' △포즈 추출 기술 기반의 애니메이팅 자동화 솔루션을 개발한 '플라스크' 등이 있다.",
        "sentenceSize": 138
      }
    ]
  },
  "labeledDataInfo": {
    "newTitle": "네이버 스타트업 투자 전문 기관 D2SF, 신규 투자 회사 밝혀...",
    "clickbaitClass": 0,
    "referSentenceInfo": [
      {
        "sentenceNo": 1,
        "referSentenceyn": "Y"
      },
      {
        "sentenceNo": 2,
        "referSentenceyn": "N"
      },
      {
        "sentenceNo": 3,
        "referSentenceyn": "N"
      },
      {
        "sentenceNo": 4,
        "referSentenceyn": "N"
      },
      {
        "sentenceNo": 5,
        "referSentenceyn": "N"
      },
      {
        "sentenceNo": 6,
        "referSentenceyn": "N"
      },
      {
        "sentenceNo": 7,
        "referSentenceyn": "N"
      },
      {
        "sentenceNo": 8,
        "referSentenceyn": "N"
      },
      {
        "sentenceNo": 9,
        "referSentenceyn": "N"
      },
      {
        "sentenceNo": 10,
        "referSentenceyn": "N"
      },
      {
        "sentenceNo": 11,
        "referSentenceyn": "N"
      },
      {
        "sentenceNo": 12,
        "referSentenceyn": "N"
      },
      {
        "sentenceNo": 13,
        "referSentenceyn": "N"
      }
    ]
  }
}