{
  "sourceDataInfo": {
    "newsID": "EC_M02_158104",
    "newsCategory": "경제",
    "newsSubcategory": "산업",
    "newsTitle": "위생-디자인 다 잡았다…LG전자 퓨리케어 듀얼 정수기 오브제컬렉션 출시",
    "newsSubTitle": "필터부터 직수관까지 주 1회 고온 살균…대장균 99.99% 제거 광파오븐·식기세척기와 연동…레시피 맞춰 최적의 코스 설정",
    "newsContent": "LG전자가 고온살균으로 위생 기능을 강화하고 인테리어적 요소를 가미한 LG 퓨리케어 듀얼 정수기 오브제컬렉션을 최근 출시했다.\n신제품은 공간 인테리어 콘셉트인 오브제컬렉션이 처음 적용된 듀얼 정수기다.\n솔리드 베이지, 솔리드 크림 화이트, 솔리드 클레이 브라운, 솔리드 블랙 등 어떤 공간에도 어울리는 색상이 특징이다.\nLG전자 관계자는 데일리임팩트에 \\\"위생과 현리함은 물론 주방공간을 세련되게 만드는 미적 가치를 더한 제품\\\"이라며 \\\"LG 씽큐 앱을 활용하면, 정수기의 고온살균 이력이나 필터 교체시기, 물 사용량 등을 확인할 수 있을 뿐만 아니라, 다른 가전과 연동해 사용할 수 있다\\\"고 설명했다.\n특히 '먹는 물'인 만큼 이용자들이 중요시하는 위생 기능이 대폭 강화됐다.\n물을 걸러주는 필터부터 직수관까지 주 1회 고온수로 살균해주는 고온살균 기능이 새롭게 적용됐다.\n특히 출수구는 이용자가 원할 때마다 고온살균이 가능하고 주기적으로 UV LED로 자동 살균된다.\n제품의 고온살균한국화학융합시험연구원, KOTITI 시험연구원과 신제품의 고온살균 기능을 시험한 결과, 대장균, 황색포도상구균, 녹농균을 99.99% 제거하는 것으로 나타났다.\n사용자 편의성을 고려한 설계와 기능들도 눈에 띈다.\n본체를 싱크대 아래 수납장에 설치하고 출수구만 외부에 노출하는 빌트인 설계돼 공간 활용도를 높였다.\n정수기, 광파오븐, 식기세척기 등 조리과정에 필요한 가전제품들과 연동할 수도 있다.\nLG 씽큐 앱에서 광파오븐의 요리 레시피를 선택한 후 전송버튼만 누르면 정수기가 자동으로 물의 양을 맞춰준다.\n식기세척기는 요리에 맞는 최적의 코스를 알아서 설정해준다.\n신제품은 렌탈로도 이용할 수 있다.\n월 4만4900원~4만6900원의 이용료를 내면 5년 간 주기적으로 매니저의 방문관리를 받으며 사용할 수 있다.\n자가관리를 할 경우에는 4만2900원으로 이용할 수 있으며, 계약기간을 6년으로 선택하면 월 이용료가 4000원 더 저렴해진다.",
    "partNum": "P1",
    "useType": 0,
    "processType": "D",
    "processPattern": "11",
    "processLevel": "하",
    "sentenceCount": 16,
    "sentenceInfo": [
      {
        "sentenceNo": 1,
        "sentenceContent": "LG전자가 고온살균으로 위생 기능을 강화하고 인테리어적 요소를 가미한 LG 퓨리케어 듀얼 정수기 오브제컬렉션을 최근 출시했다.",
        "sentenceSize": 70
      },
      {
        "sentenceNo": 2,
        "sentenceContent": "신제품은 공간 인테리어 콘셉트인 오브제컬렉션이 처음 적용된 듀얼 정수기다.",
        "sentenceSize": 41
      },
      {
        "sentenceNo": 3,
        "sentenceContent": "솔리드 베이지, 솔리드 크림 화이트, 솔리드 클레이 브라운, 솔리드 블랙 등 어떤 공간에도 어울리는 색상이 특징이다.",
        "sentenceSize": 65
      },
      {
        "sentenceNo": 4,
        "sentenceContent": "LG전자 관계자는 데일리임팩트에 \\\"위생과 현리함은 물론 주방공간을 세련되게 만드는 미적 가치를 더한 제품\\\"이라며 \\\"LG 씽큐 앱을 활용하면, 정수기의 고온살균 이력이나 필터 교체시기, 물 사용량 등을 확인할 수 있을 뿐만 아니라, 다른 가전과 연동해 사용할 수 있다\\\"고 설명했다.",
        "sentenceSize": 160
      },
      {
        "sentenceNo": 5,
        "sentenceContent": "특히 '먹는 물'인 만큼 이용자들이 중요시하는 위생 기능이 대폭 강화됐다.",
        "sentenceSize": 41
      },
      {
        "sentenceNo": 6,
        "sentenceContent": "물을 걸러주는 필터부터 직수관까지 주 1회 고온수로 살균해주는 고온살균 기능이 새롭게 적용됐다.",
        "sentenceSize": 53
      },
      {
        "sentenceNo": 7,
        "sentenceContent": "특히 출수구는 이용자가 원할 때마다 고온살균이 가능하고 주기적으로 UV LED로 자동 살균된다.",
        "sentenceSize": 53
      },
      {
        "sentenceNo": 8,
        "sentenceContent": "제품의 고온살균한국화학융합시험연구원, KOTITI 시험연구원과 신제품의 고온살균 기능을 시험한 결과, 대장균, 황색포도상구균, 녹농균을 99.99% 제거하는 것으로 나타났다.",
        "sentenceSize": 97
      },
      {
        "sentenceNo": 9,
        "sentenceContent": "사용자 편의성을 고려한 설계와 기능들도 눈에 띈다.",
        "sentenceSize": 28
      },
      {
        "sentenceNo": 10,
        "sentenceContent": "본체를 싱크대 아래 수납장에 설치하고 출수구만 외부에 노출하는 빌트인 설계돼 공간 활용도를 높였다.",
        "sentenceSize": 55
      },
      {
        "sentenceNo": 11,
        "sentenceContent": "정수기, 광파오븐, 식기세척기 등 조리과정에 필요한 가전제품들과 연동할 수도 있다.",
        "sentenceSize": 46
      },
      {
        "sentenceNo": 12,
        "sentenceContent": "LG 씽큐 앱에서 광파오븐의 요리 레시피를 선택한 후 전송버튼만 누르면 정수기가 자동으로 물의 양을 맞춰준다.",
        "sentenceSize": 61
      },
      {
        "sentenceNo": 13,
        "sentenceContent": "식기세척기는 요리에 맞는 최적의 코스를 알아서 설정해준다.",
        "sentenceSize": 32
      },
      {
        "sentenceNo": 14,
        "sentenceContent": "신제품은 렌탈로도 이용할 수 있다.",
        "sentenceSize": 19
      },
      {
        "sentenceNo": 15,
        "sentenceContent": "월 4만4900원~4만6900원의 이용료를 내면 5년 간 주기적으로 매니저의 방문관리를 받으며 사용할 수 있다.",
        "sentenceSize": 62
      },
      {
        "sentenceNo": 16,
        "sentenceContent": "자가관리를 할 경우에는 4만2900원으로 이용할 수 있으며, 계약기간을 6년으로 선택하면 월 이용료가 4000원 더 저렴해진다.",
        "sentenceSize": 71
      }
    ]
  },
  "labeledDataInfo": {
    "newTitle": "LG전자, 세련된 주방을 만들다! 디자인과 기능까지 강화된 이 정수기는?",
    "clickbaitClass": 0,
    "referSentenceInfo": [
      {
        "sentenceNo": 1,
        "referSentenceyn": "N"
      },
      {
        "sentenceNo": 2,
        "referSentenceyn": "N"
      },
      {
        "sentenceNo": 3,
        "referSentenceyn": "Y"
      },
      {
        "sentenceNo": 4,
        "referSentenceyn": "N"
      },
      {
        "sentenceNo": 5,
        "referSentenceyn": "N"
      },
      {
        "sentenceNo": 6,
        "referSentenceyn": "N"
      },
      {
        "sentenceNo": 7,
        "referSentenceyn": "N"
      },
      {
        "sentenceNo": 8,
        "referSentenceyn": "N"
      },
      {
        "sentenceNo": 9,
        "referSentenceyn": "N"
      },
      {
        "sentenceNo": 10,
        "referSentenceyn": "N"
      },
      {
        "sentenceNo": 11,
        "referSentenceyn": "N"
      },
      {
        "sentenceNo": 12,
        "referSentenceyn": "N"
      },
      {
        "sentenceNo": 13,
        "referSentenceyn": "N"
      },
      {
        "sentenceNo": 14,
        "referSentenceyn": "N"
      },
      {
        "sentenceNo": 15,
        "referSentenceyn": "N"
      },
      {
        "sentenceNo": 16,
        "referSentenceyn": "N"
      }
    ]
  }
}