{
  "sourceDataInfo": {
    "newsID": "EC_M02_157915",
    "newsCategory": "경제",
    "newsSubcategory": "카드",
    "newsTitle": "우리카드, 2021 한국인터넷소통협회 소셜미디어 대상 수상",
    "newsSubTitle": "올해 SNS 팔로워 38만명…2019년 대비 451% 증가",
    "newsContent": "우리카드는 '2021 한국인터넷소통협회 소셜미디어 부문 대상'을 수상했다고 23일 밝혔다.\n이번 수상은 지난 2019년 인스타그램 개설 이후 약 2년의 짧은 기간 동안 이룬 성과로 지난 7월 '소셜아이어워즈' 대상 이후 SNS 관련 두 번째 수상이다.\n올해 10월 기준 우리카드 SNS 팔로워는 약 38만명으로 2019년 대비 451% 증가했고 지난해 게시한 콘텐츠의 전체 좋아요 및 댓글 수는 2019년과 비교해 각각 37%, 162% 증가하는 등 그간의 노력을 인정 받았다.\n특히 인스타그램은 꾸준히 양질의 콘텐츠를 개발 및 게시하며 고객들의 흥미와 관심을 불러일으킬 수 있는 다양한 볼거리를 제공하고 있다.\n연말에는 콘텐츠 참여도가 높은 고객을 선정해 경품을 증정하는 'THE FAN 시상식' 등 다양한 이벤트도 진행할 예정이다.\n우리카드 관계자는 데일리임팩트에 \\\"SNS를 통한 고객들과의 꾸준한 소통의 결과가 이번 수상으로 이어진 것 같아 매우 기쁘다\\\"며 \\\"보다 흥미로운 콘텐츠를 제공하고 많은 고객들이 함께 참여해 즐거움을 느낄 수 있는 이색적인 이벤트도 선보일 수 있도록 노력하겠다\\\"고 말했다.",
    "partNum": "P1",
    "useType": 0,
    "processType": "D",
    "processPattern": "11",
    "processLevel": "하",
    "sentenceCount": 6,
    "sentenceInfo": [
      {
        "sentenceNo": 1,
        "sentenceContent": "우리카드는 '2021 한국인터넷소통협회 소셜미디어 부문 대상'을 수상했다고 23일 밝혔다.",
        "sentenceSize": 50
      },
      {
        "sentenceNo": 2,
        "sentenceContent": "이번 수상은 지난 2019년 인스타그램 개설 이후 약 2년의 짧은 기간 동안 이룬 성과로 지난 7월 '소셜아이어워즈' 대상 이후 SNS 관련 두 번째 수상이다.",
        "sentenceSize": 89
      },
      {
        "sentenceNo": 3,
        "sentenceContent": "올해 10월 기준 우리카드 SNS 팔로워는 약 38만명으로 2019년 대비 451% 증가했고 지난해 게시한 콘텐츠의 전체 좋아요 및 댓글 수는 2019년과 비교해 각각 37%, 162% 증가하는 등 그간의 노력을 인정 받았다.",
        "sentenceSize": 126
      },
      {
        "sentenceNo": 4,
        "sentenceContent": "특히 인스타그램은 꾸준히 양질의 콘텐츠를 개발 및 게시하며 고객들의 흥미와 관심을 불러일으킬 수 있는 다양한 볼거리를 제공하고 있다.",
        "sentenceSize": 74
      },
      {
        "sentenceNo": 5,
        "sentenceContent": "연말에는 콘텐츠 참여도가 높은 고객을 선정해 경품을 증정하는 'THE FAN 시상식' 등 다양한 이벤트도 진행할 예정이다.",
        "sentenceSize": 68
      },
      {
        "sentenceNo": 6,
        "sentenceContent": "우리카드 관계자는 데일리임팩트에 \\\"SNS를 통한 고객들과의 꾸준한 소통의 결과가 이번 수상으로 이어진 것 같아 매우 기쁘다\\\"며 \\\"보다 흥미로운 콘텐츠를 제공하고 많은 고객들이 함께 참여해 즐거움을 느낄 수 있는 이색적인 이벤트도 선보일 수 있도록 노력하겠다\\\"고 말했다.",
        "sentenceSize": 154
      }
    ]
  },
  "labeledDataInfo": {
    "newTitle": "소셜미디어 대상 거머쥔 우리카드... 비결은?",
    "clickbaitClass": 0,
    "referSentenceInfo": [
      {
        "sentenceNo": 1,
        "referSentenceyn": "N"
      },
      {
        "sentenceNo": 2,
        "referSentenceyn": "N"
      },
      {
        "sentenceNo": 3,
        "referSentenceyn": "N"
      },
      {
        "sentenceNo": 4,
        "referSentenceyn": "Y"
      },
      {
        "sentenceNo": 5,
        "referSentenceyn": "N"
      },
      {
        "sentenceNo": 6,
        "referSentenceyn": "N"
      }
    ]
  }
}