{
  "sourceDataInfo": {
    "newsID": "EC_M02_160579",
    "newsCategory": "경제",
    "newsSubcategory": "증권",
    "newsTitle": "키움증권, 해외주식 월 약정금액 16조원 돌파",
    "newsSubTitle": "전년 동기 대비 1129% 증가한 수치",
    "newsContent": "키움증권은 지난 2월 해외주식 월 약정금액이 16조8000억원을 기록했다고 9일 밝혔다.\n지난해 같은 기간 해외 약정액이 1조1200억원이었던 것과 비교하면 1129% 증가한 수치다.\n키움증권은 지난 1월 해외주식 월 약정금액 14조1000억원을 기록했다.\n해외주식 거래 계좌 수도 꾸준히 증가해 지난해 2월 해외주식 활동계좌는 약 4만 계좌에서 올해 2월 활동계좌는 약 44만 계좌로 집계되며 전년 동기 대비 약 1000% 급증했다.\n키움증권 관계자는 미디어SR에 \\\"해외주식 시장의 거래 증가에 따른 늘어난 고객의 니즈를 충족시키기 위해 미국주식 프리마켓 서비스 확대, 무료 실시간 시세 서비스 등을 제공해 해외주식 서비스에 총력을 기울이고 있다\\\"고 말했다.\n이 외에도 키움증권은 미국주식 신규고객 40달러 지급 이벤트, 최대 95% 환율우대 및 0.1% 수수료 이벤트, 해외주식 입고 이벤트, 상시 실전투자대회 등 다양한 이벤트를 진행하고 있다.\n자세한 내용은 영웅문G(HTS) 혹은 영웅문SG(MTS)를 통해 확인할 수 있다.",
    "partNum": "P1",
    "useType": 0,
    "processType": "D",
    "processPattern": "15",
    "processLevel": "중",
    "sentenceCount": 7,
    "sentenceInfo": [
      {
        "sentenceNo": 1,
        "sentenceContent": "키움증권은 지난 2월 해외주식 월 약정금액이 16조8000억원을 기록했다고 9일 밝혔다.",
        "sentenceSize": 49
      },
      {
        "sentenceNo": 2,
        "sentenceContent": "지난해 같은 기간 해외 약정액이 1조1200억원이었던 것과 비교하면 1129% 증가한 수치다.",
        "sentenceSize": 52
      },
      {
        "sentenceNo": 3,
        "sentenceContent": "키움증권은 지난 1월 해외주식 월 약정금액 14조1000억원을 기록했다.",
        "sentenceSize": 40
      },
      {
        "sentenceNo": 4,
        "sentenceContent": "해외주식 거래 계좌 수도 꾸준히 증가해 지난해 2월 해외주식 활동계좌는 약 4만 계좌에서 올해 2월 활동계좌는 약 44만 계좌로 집계되며 전년 동기 대비 약 1000% 급증했다.",
        "sentenceSize": 99
      },
      {
        "sentenceNo": 5,
        "sentenceContent": "키움증권 관계자는 미디어SR에 \\\"해외주식 시장의 거래 증가에 따른 늘어난 고객의 니즈를 충족시키기 위해 미국주식 프리마켓 서비스 확대, 무료 실시간 시세 서비스 등을 제공해 해외주식 서비스에 총력을 기울이고 있다\\\"고 말했다.",
        "sentenceSize": 127
      },
      {
        "sentenceNo": 6,
        "sentenceContent": "이 외에도 키움증권은 미국주식 신규고객 40달러 지급 이벤트, 최대 95% 환율우대 및 0.1% 수수료 이벤트, 해외주식 입고 이벤트, 상시 실전투자대회 등 다양한 이벤트를 진행하고 있다.",
        "sentenceSize": 105
      },
      {
        "sentenceNo": 7,
        "sentenceContent": "자세한 내용은 영웅문G(HTS) 혹은 영웅문SG(MTS)를 통해 확인할 수 있다.",
        "sentenceSize": 45
      }
    ]
  },
  "labeledDataInfo": {
    "newTitle": "키움증권, 월 약정금액 전년 대비 천문학적 증가",
    "clickbaitClass": 0,
    "referSentenceInfo": [
      {
        "sentenceNo": 1,
        "referSentenceyn": "N"
      },
      {
        "sentenceNo": 2,
        "referSentenceyn": "Y"
      },
      {
        "sentenceNo": 3,
        "referSentenceyn": "N"
      },
      {
        "sentenceNo": 4,
        "referSentenceyn": "N"
      },
      {
        "sentenceNo": 5,
        "referSentenceyn": "N"
      },
      {
        "sentenceNo": 6,
        "referSentenceyn": "N"
      },
      {
        "sentenceNo": 7,
        "referSentenceyn": "N"
      }
    ]
  }
}