{
  "sourceDataInfo": {
    "newsID": "EC_M02_157898",
    "newsCategory": "경제",
    "newsSubcategory": "은행",
    "newsTitle": "한국씨티銀, 임직원 함께하는 '희망의 집짓기' 봉사활동",
    "newsSubTitle": "유명순 행장 비롯한 임직원, 이동식 목조주택 제작 참여 경북지역 내 저소득‧장기 미취업 청년에게 무상임대 지원",
    "newsContent": "한국씨티은행은 유명순 한국씨티은행장을 비롯한 임직원들이 저소득‧장기 미취업 청년을 위한 이동식 목조주택 집짓기 봉사활동에 참여했다고 4일 밝혔다.\n지난 3일 충청남도 천안시 동남구 목천읍 해비타트 건축현장에서 진행된 이번 봉사활동에는 백신 접종을 완료한 임직원들이 3채의 이동식 목조주택 제작에 참여했다.\n경상북도 내 생활 인프라 및 취·창업 시설과 근접한 곳에 설치될 이동식 주택은 주거공간이 필요한 저소득 청년 및 장기 미취업 청년에게 무상임대방식으로 제공될 예정이다.\n특히, 약 6평 공간으로 구성된 이동식 주택에는 화장실과 주방 등 생활시설이 갖춰져 있을 뿐 아니라, 입주한 청년이 자유롭게 인테리어를 할 수 있다는 장점도 갖고 있다.\n씨티은행 관계자는 데일리임팩트에 \\\"청년들이 주거문제를 해소하고, 안정적으로 지역에 정착하는데 많은 도움이 될 것으로 기대한다\\\"고 이번 봉사활동의 의미를 설명했다.\n한편, 한국씨티은행은 지난 1998년부터 전국 각지에서 매년 집짓기 사업을 후원해오고 있다.\n지난 24년간 진행된 한국씨티은행의 '희망의 집짓기' 활동에는 24년간 약 1700여명의 한국씨티임직원 및 가족들이 참여해 총 35세대의 집을 건축, 저소득층의 주거안정을 도왔다.",
    "partNum": "P1",
    "useType": 0,
    "processType": "D",
    "processPattern": "11",
    "processLevel": "하",
    "sentenceCount": 7,
    "sentenceInfo": [
      {
        "sentenceNo": 1,
        "sentenceContent": "한국씨티은행은 유명순 한국씨티은행장을 비롯한 임직원들이 저소득‧장기 미취업 청년을 위한 이동식 목조주택 집짓기 봉사활동에 참여했다고 4일 밝혔다.",
        "sentenceSize": 81
      },
      {
        "sentenceNo": 2,
        "sentenceContent": "지난 3일 충청남도 천안시 동남구 목천읍 해비타트 건축현장에서 진행된 이번 봉사활동에는 백신 접종을 완료한 임직원들이 3채의 이동식 목조주택 제작에 참여했다.",
        "sentenceSize": 88
      },
      {
        "sentenceNo": 3,
        "sentenceContent": "경상북도 내 생활 인프라 및 취·창업 시설과 근접한 곳에 설치될 이동식 주택은 주거공간이 필요한 저소득 청년 및 장기 미취업 청년에게 무상임대방식으로 제공될 예정이다.",
        "sentenceSize": 93
      },
      {
        "sentenceNo": 4,
        "sentenceContent": "특히, 약 6평 공간으로 구성된 이동식 주택에는 화장실과 주방 등 생활시설이 갖춰져 있을 뿐 아니라, 입주한 청년이 자유롭게 인테리어를 할 수 있다는 장점도 갖고 있다.",
        "sentenceSize": 94
      },
      {
        "sentenceNo": 5,
        "sentenceContent": "씨티은행 관계자는 데일리임팩트에 \\\"청년들이 주거문제를 해소하고, 안정적으로 지역에 정착하는데 많은 도움이 될 것으로 기대한다\\\"고 이번 봉사활동의 의미를 설명했다.",
        "sentenceSize": 92
      },
      {
        "sentenceNo": 6,
        "sentenceContent": "한편, 한국씨티은행은 지난 1998년부터 전국 각지에서 매년 집짓기 사업을 후원해오고 있다.",
        "sentenceSize": 51
      },
      {
        "sentenceNo": 7,
        "sentenceContent": "지난 24년간 진행된 한국씨티은행의 '희망의 집짓기' 활동에는 24년간 약 1700여명의 한국씨티임직원 및 가족들이 참여해 총 35세대의 집을 건축, 저소득층의 주거안정을 도왔다.",
        "sentenceSize": 100
      }
    ]
  },
  "labeledDataInfo": {
    "newTitle": "한국씨티은행이 1998년부터 하고 있다는 봉사활동은? ",
    "clickbaitClass": 0,
    "referSentenceInfo": [
      {
        "sentenceNo": 1,
        "referSentenceyn": "N"
      },
      {
        "sentenceNo": 2,
        "referSentenceyn": "N"
      },
      {
        "sentenceNo": 3,
        "referSentenceyn": "N"
      },
      {
        "sentenceNo": 4,
        "referSentenceyn": "N"
      },
      {
        "sentenceNo": 5,
        "referSentenceyn": "N"
      },
      {
        "sentenceNo": 6,
        "referSentenceyn": "N"
      },
      {
        "sentenceNo": 7,
        "referSentenceyn": "Y"
      }
    ]
  }
}