{
  "sourceDataInfo": {
    "newsID": "EC_M02_157922",
    "newsCategory": "경제",
    "newsSubcategory": "카드",
    "newsTitle": "롯데카드, 일·생활균형 우수기업 사례 공모 최우수상",
    "newsSubTitle": "",
    "newsContent": "롯데카드는 고용노동부가 주관하는 '2021 일·생활 균형 우수기업 사례 공모전'에서 최우수상을 수상했다고 30일 밝혔다.\n일·생활 균형 우수기업 사례 공모전은 다양한 제도와 활동을 통해 기업 경쟁력 향상에 기여한 사업장의 사례를 실천성, 구체성, 활용도, 전달력 등으로 평가해 시상하는 공모전이다.\n롯데카드는 리더가 지켜야 할 행동 강령, 똑똑하게 일하기, 퇴근 후 업무 연락 자제 등 다양한 사내 캠페인을 추진하며 일·생활 균형 문화 정착을 위해 노력하고 있는 점을 높게 평가 받았다.\n롯데카드는 임직원의 일과 생활의 균형을 맞추고 근무 만족도를 높이기 위해 유연근무제, PC-OFF제, 재택근무 제도 등을 도입해 유연한 조직문화 환경을 조성했다.\n휴가를 장려하기 위해 자동육아휴직, 가족돌봄휴직, 초등자녀돌봄휴직, 나눔연차제도도 시행 중이다.\n또한 가족친화경영의 일환으로 직장 어린이집을 운영하고 임산부나 육아기 직원의 근로시간을 단축하고 있다.\n롯데카드 관계자는 데일리임팩트에 \\\"직원의 눈높이와 시각에서 제도를 모색하고 개선하기 위해 노력 중\\\"이라며 \\\"시대적 상황에 부합하는 가족 친화적 복리후생 제도와 '워라밸'을 개선할 수 있는 환경을 조성하는데 더욱 매진하겠다\\\"고 말했다.",
    "partNum": "P1",
    "useType": 0,
    "processType": "D",
    "processPattern": "11",
    "processLevel": "하",
    "sentenceCount": 7,
    "sentenceInfo": [
      {
        "sentenceNo": 1,
        "sentenceContent": "롯데카드는 고용노동부가 주관하는 '2021 일·생활 균형 우수기업 사례 공모전'에서 최우수상을 수상했다고 30일 밝혔다.",
        "sentenceSize": 67
      },
      {
        "sentenceNo": 2,
        "sentenceContent": "일·생활 균형 우수기업 사례 공모전은 다양한 제도와 활동을 통해 기업 경쟁력 향상에 기여한 사업장의 사례를 실천성, 구체성, 활용도, 전달력 등으로 평가해 시상하는 공모전이다.",
        "sentenceSize": 98
      },
      {
        "sentenceNo": 3,
        "sentenceContent": "롯데카드는 리더가 지켜야 할 행동 강령, 똑똑하게 일하기, 퇴근 후 업무 연락 자제 등 다양한 사내 캠페인을 추진하며 일·생활 균형 문화 정착을 위해 노력하고 있는 점을 높게 평가 받았다.",
        "sentenceSize": 105
      },
      {
        "sentenceNo": 4,
        "sentenceContent": "롯데카드는 임직원의 일과 생활의 균형을 맞추고 근무 만족도를 높이기 위해 유연근무제, PC-OFF제, 재택근무 제도 등을 도입해 유연한 조직문화 환경을 조성했다.",
        "sentenceSize": 90
      },
      {
        "sentenceNo": 5,
        "sentenceContent": "휴가를 장려하기 위해 자동육아휴직, 가족돌봄휴직, 초등자녀돌봄휴직, 나눔연차제도도 시행 중이다.",
        "sentenceSize": 53
      },
      {
        "sentenceNo": 6,
        "sentenceContent": "또한 가족친화경영의 일환으로 직장 어린이집을 운영하고 임산부나 육아기 직원의 근로시간을 단축하고 있다.",
        "sentenceSize": 57
      },
      {
        "sentenceNo": 7,
        "sentenceContent": "롯데카드 관계자는 데일리임팩트에 \\\"직원의 눈높이와 시각에서 제도를 모색하고 개선하기 위해 노력 중\\\"이라며 \\\"시대적 상황에 부합하는 가족 친화적 복리후생 제도와 '워라밸'을 개선할 수 있는 환경을 조성하는데 더욱 매진하겠다\\\"고 말했다.",
        "sentenceSize": 134
      }
    ]
  },
  "labeledDataInfo": {
    "newTitle": "'일·생활균형 우수 기업 사례 공모' 최우수상 롯데카드... 직원 워라밸 비결은?",
    "clickbaitClass": 0,
    "referSentenceInfo": [
      {
        "sentenceNo": 1,
        "referSentenceyn": "N"
      },
      {
        "sentenceNo": 2,
        "referSentenceyn": "N"
      },
      {
        "sentenceNo": 3,
        "referSentenceyn": "N"
      },
      {
        "sentenceNo": 4,
        "referSentenceyn": "N"
      },
      {
        "sentenceNo": 5,
        "referSentenceyn": "N"
      },
      {
        "sentenceNo": 6,
        "referSentenceyn": "Y"
      },
      {
        "sentenceNo": 7,
        "referSentenceyn": "N"
      }
    ]
  }
}