{
  "sourceDataInfo": {
    "newsID": "EC_M02_158170",
    "newsCategory": "경제",
    "newsSubcategory": "IT·통신",
    "newsTitle": "팀네이버, 자율주행 스타트업 모라이와 시뮬레이션 협업",
    "newsSubTitle": "공공·민간 자율주행 시뮬레이션 시장 선점 노려",
    "newsContent": "네이버클라우드와 네이버랩스가 자율주행 시뮬레이션 업체 모라이와 업무협약(MOU)을 맺고, 자율주행 관련 공공과제 참여와 민간시장 공략에 박차를 가한다고 15일 밝혔다.\n모라이는 자율주행 시스템의 안정성 및 신뢰성을 통합적으로 검증하는 시뮬레이션을 보유한 스타트업 기업으로, '풀스택' 자율주행 시뮬레이션 플랫폼을 개발했다.\n모라이의 플랫폼은 정밀지도 데이터를 기반으로 완성도 높은 디지털트윈을 구축하고, 날씨나 시간 등의 변수도 시나리오로 구현할 수 있다.\n앞서 네이버는 스타트업 발굴·육성 조직인 D2SF를 통해 모라이 창업 직후부터 지금까지 총 3차례의 전략 투자를 진행하며 긴밀한 파트너십을 유지해왔다.\n네이버클라우드와 네이버랩스는 내년부터 자율주행기술 개발과 자율주행 테스트베드 확대를 목표로 모라이의 공공 시장 진출을 지원할 방침이다.\n아울러 로봇과 도심항공모빌리티(UAM), 드론 등 미래형 자율주행 개발 분야의 민간 시장도 공략한다.\n네이버클라우드 관계자는 데일리임팩트에 \\\"자율주행차의 안전성과 신뢰성을 신속하게 검증하려면 실제 환경과 동일한 가상공간에서 대규모 시나리오 시뮬레이션 테스트를 수행하는 과정이 필요하다\\\"며 \\\"이를 구현하기 위해선 정밀지도와 클라우드 그래픽처리장치(GPU) 가 필수다\\\"라고 설명했다.\n네이버클라우드는 올해 GPU리소스에 네이버랩스의 정밀지도 제작 솔루션 '어라이크'를 접목한 모라이 자율주행 시뮬레이션 서비스형 소프트웨어(SaaS) 솔루션을 유치해 자율주행 시장에서 네이버클라우드 인프라 활용 레퍼런스를 확보할 예정이다.\n모라이는 자율주행 시뮬레이션 솔루션을 향후 비즈니스에 적극 활용할 계획이다.\n한상영 네이버클라우드 전략&기획총괄 상무는 \\\"앞으로도 업계 선도 기업과의 파트너십을 활성화해 공공 분야의 디지털 혁신을 지원할 수 있도록 지원하겠다\\\"라고 말했다.",
    "partNum": "P1",
    "useType": 0,
    "processType": "D",
    "processPattern": "11",
    "processLevel": "하",
    "sentenceCount": 10,
    "sentenceInfo": [
      {
        "sentenceNo": 1,
        "sentenceContent": "네이버클라우드와 네이버랩스가 자율주행 시뮬레이션 업체 모라이와 업무협약(MOU)을 맺고, 자율주행 관련 공공과제 참여와 민간시장 공략에 박차를 가한다고 15일 밝혔다.",
        "sentenceSize": 93
      },
      {
        "sentenceNo": 2,
        "sentenceContent": "모라이는 자율주행 시스템의 안정성 및 신뢰성을 통합적으로 검증하는 시뮬레이션을 보유한 스타트업 기업으로, '풀스택' 자율주행 시뮬레이션 플랫폼을 개발했다.",
        "sentenceSize": 86
      },
      {
        "sentenceNo": 3,
        "sentenceContent": "모라이의 플랫폼은 정밀지도 데이터를 기반으로 완성도 높은 디지털트윈을 구축하고, 날씨나 시간 등의 변수도 시나리오로 구현할 수 있다.",
        "sentenceSize": 74
      },
      {
        "sentenceNo": 4,
        "sentenceContent": "앞서 네이버는 스타트업 발굴·육성 조직인 D2SF를 통해 모라이 창업 직후부터 지금까지 총 3차례의 전략 투자를 진행하며 긴밀한 파트너십을 유지해왔다.",
        "sentenceSize": 84
      },
      {
        "sentenceNo": 5,
        "sentenceContent": "네이버클라우드와 네이버랩스는 내년부터 자율주행기술 개발과 자율주행 테스트베드 확대를 목표로 모라이의 공공 시장 진출을 지원할 방침이다.",
        "sentenceSize": 75
      },
      {
        "sentenceNo": 6,
        "sentenceContent": "아울러 로봇과 도심항공모빌리티(UAM), 드론 등 미래형 자율주행 개발 분야의 민간 시장도 공략한다.",
        "sentenceSize": 56
      },
      {
        "sentenceNo": 7,
        "sentenceContent": "네이버클라우드 관계자는 데일리임팩트에 \\\"자율주행차의 안전성과 신뢰성을 신속하게 검증하려면 실제 환경과 동일한 가상공간에서 대규모 시나리오 시뮬레이션 테스트를 수행하는 과정이 필요하다\\\"며 \\\"이를 구현하기 위해선 정밀지도와 클라우드 그래픽처리장치(GPU) 가 필수다\\\"라고 설명했다.",
        "sentenceSize": 159
      },
      {
        "sentenceNo": 8,
        "sentenceContent": "네이버클라우드는 올해 GPU리소스에 네이버랩스의 정밀지도 제작 솔루션 '어라이크'를 접목한 모라이 자율주행 시뮬레이션 서비스형 소프트웨어(SaaS) 솔루션을 유치해 자율주행 시장에서 네이버클라우드 인프라 활용 레퍼런스를 확보할 예정이다.",
        "sentenceSize": 132
      },
      {
        "sentenceNo": 9,
        "sentenceContent": "모라이는 자율주행 시뮬레이션 솔루션을 향후 비즈니스에 적극 활용할 계획이다.",
        "sentenceSize": 42
      },
      {
        "sentenceNo": 10,
        "sentenceContent": "한상영 네이버클라우드 전략&기획총괄 상무는 \\\"앞으로도 업계 선도 기업과의 파트너십을 활성화해 공공 분야의 디지털 혁신을 지원할 수 있도록 지원하겠다\\\"라고 말했다.",
        "sentenceSize": 92
      }
    ]
  },
  "labeledDataInfo": {
    "newTitle": "네이버, 자율주행 스타트업 모라이와 협업 계획, 언제부터?",
    "clickbaitClass": 0,
    "referSentenceInfo": [
      {
        "sentenceNo": 1,
        "referSentenceyn": "Y"
      },
      {
        "sentenceNo": 2,
        "referSentenceyn": "N"
      },
      {
        "sentenceNo": 3,
        "referSentenceyn": "N"
      },
      {
        "sentenceNo": 4,
        "referSentenceyn": "N"
      },
      {
        "sentenceNo": 5,
        "referSentenceyn": "N"
      },
      {
        "sentenceNo": 6,
        "referSentenceyn": "N"
      },
      {
        "sentenceNo": 7,
        "referSentenceyn": "N"
      },
      {
        "sentenceNo": 8,
        "referSentenceyn": "N"
      },
      {
        "sentenceNo": 9,
        "referSentenceyn": "N"
      },
      {
        "sentenceNo": 10,
        "referSentenceyn": "N"
      }
    ]
  }
}