{
  "sourceDataInfo": {
    "newsID": "EC_M02_158114",
    "newsCategory": "경제",
    "newsSubcategory": "산업",
    "newsTitle": "'코로나 끝나니 수익도 껑충' SK네트웍스, 1분기 잘 넘겼다",
    "newsSubTitle": "영업익 433억원…전년 동기 대비 63.9% 증가 렌탈 사업 호조·호텔 손실 감소로 이윤 층가",
    "newsContent": "SK네트웍스가 올해 1분기 수익성이 향상된 성적표를 받았다.\n9일 SK네트웍스는 1분기 연결 기준으로 매출 2조5007억원, 영업이익 433억원을 기록했다고 공시했다.\n지난해 같은 기간보다 매출은 9.2% 감소했지만, 영업이익은 63.9% 증가했다.\n다만 당기순이익은 295억원으로 전년 동기 대비 55.0% 감소했다.\nSK네트웍스 관계자는 데일리임팩트에 \\\"글로벌 반도체 수급난으로 스마트폰 등 IT 단말기 매출에 영향을 받았다\\\"면서 \\\"지난해 1분기 실적에 중국 광산기업 매각 자금 회수액이 반영됐기 때문에 당기순이익이 줄어들었다\\\"고 설명했다.\n렌탈 사업을 영위하고 있는 핵심 자회사 SK렌터카와 SK매직이 지속적인 성장세를 이어간 가운데 사회적 거리두기 완화에 따른 호텔 손실 감소로 수익성이 개선됐다.\nSK렌터카는 중고차 매각이익 증가, 제주 중심 국내여행 수요 증가 효과를 톡톡히 봤다.\nSK렌터카 타고페이, 온라인 전용 중고차 장기렌터카와 같은 신규 상품을 출시해 고객층을 넓혔다.\n국토교통부로부터 온실가스 배출 감축 사업을 승인받고, 업계 최초로 폴스타2 장기렌탈 상품을 출시해 친환경 모빌리티 렌탈 사업자로서 차별화 함으로써 성장 동력을 만들고 있다.\nSK매직은 올클린 공기청정기, 트리플케어 식기세척기와 같은 인기 제품 덕분에 누적 렌탈 계정을 224만까지 늘렸다.\n지난 1월 에코미니 정수기 그린41을 출시하는 등 친환경 가전인 그린 컬렉션을 확대한 것도 긍정적으로 작용했다.\n특히 지난해 삼성전자와 함께 선보였던 스페셜 렌탈 서비스를 총 6종의 품목으로 늘리고 지난 3월에는 필립스생활가전코리아와 제휴해 라떼고 커피머신 렌탈 서비스를 시작하면서 사업영역을 넓힌 것도 수익성 확대에 기여했다.\n워커힐은 사회적 거리두기 완화로 객실 및 식음료 사업이 활성화됨에 따라 손실 폭을 대폭 줄였다.\n최근 일상 회복과 맞물려 웨딩·세미나가 재개돼 향후 수익성이 확대될 전망이다.\n정보통신기술(ICT) 리사이클 자회사 민팃은 고객 보상 프로그램 운영을 통해 중고폰 유통을 활성화시키며 좋은 반응을 얻었다.\n최근 개인정보 삭제 기술을 강조한 신규 캠페인 영상을 선보이고 팝업스토어를 열며 고객 저변을 확대 중이다.\nSK네트웍스가 단행한 미래 유망 투자도 기업가치 제고에 좋은 영향을 미쳤다.\n전기차 완속 충전업체인 에버온, 친환경 대체 가죽기업 마이코웍스에 이어 헤시드벤처스, 블록오디세이 등 블록체인 관련 투자를 진행했다.\n투자 포트폴리오를 다양화하고 신규 성장엔진을 강화했다.\nSK네트웍스는 2분기 이후에도 사업형 투자회사로서의 행보에 힘을 싣는다.\n동시에 사업 경쟁력 강화를 통해 투자자와 시장 등 이해관계자들의 신뢰성을 높이겠다는 방침이다.\nSK네트웍스 관계자는 데일리임팩트에 \\\"1분기 성과를 거둔 사업들은 지속적 성장을 꾀하고, 수입차 부품사업과 민팃, 카티니 등 신규 자회사들은 사업 영역을 계속 늘릴 예정\\\"이라며 \\\"신규 투자와 연계해 기존 사업의 고도화를 이루고, 새 동력을 찾아 시장의 기대에 부응하는 실적을 내도록 하겠다\\\"고 말했다.",
    "partNum": "P1",
    "useType": 0,
    "processType": "D",
    "processPattern": "11",
    "processLevel": "하",
    "sentenceCount": 22,
    "sentenceInfo": [
      {
        "sentenceNo": 1,
        "sentenceContent": "SK네트웍스가 올해 1분기 수익성이 향상된 성적표를 받았다.",
        "sentenceSize": 33
      },
      {
        "sentenceNo": 2,
        "sentenceContent": "9일 SK네트웍스는 1분기 연결 기준으로 매출 2조5007억원, 영업이익 433억원을 기록했다고 공시했다.",
        "sentenceSize": 59
      },
      {
        "sentenceNo": 3,
        "sentenceContent": "지난해 같은 기간보다 매출은 9.2% 감소했지만, 영업이익은 63.9% 증가했다.",
        "sentenceSize": 45
      },
      {
        "sentenceNo": 4,
        "sentenceContent": "다만 당기순이익은 295억원으로 전년 동기 대비 55.0% 감소했다.",
        "sentenceSize": 38
      },
      {
        "sentenceNo": 5,
        "sentenceContent": "SK네트웍스 관계자는 데일리임팩트에 \\\"글로벌 반도체 수급난으로 스마트폰 등 IT 단말기 매출에 영향을 받았다\\\"면서 \\\"지난해 1분기 실적에 중국 광산기업 매각 자금 회수액이 반영됐기 때문에 당기순이익이 줄어들었다\\\"고 설명했다.",
        "sentenceSize": 129
      },
      {
        "sentenceNo": 6,
        "sentenceContent": "렌탈 사업을 영위하고 있는 핵심 자회사 SK렌터카와 SK매직이 지속적인 성장세를 이어간 가운데 사회적 거리두기 완화에 따른 호텔 손실 감소로 수익성이 개선됐다.",
        "sentenceSize": 89
      },
      {
        "sentenceNo": 7,
        "sentenceContent": "SK렌터카는 중고차 매각이익 증가, 제주 중심 국내여행 수요 증가 효과를 톡톡히 봤다.",
        "sentenceSize": 48
      },
      {
        "sentenceNo": 8,
        "sentenceContent": "SK렌터카 타고페이, 온라인 전용 중고차 장기렌터카와 같은 신규 상품을 출시해 고객층을 넓혔다.",
        "sentenceSize": 53
      },
      {
        "sentenceNo": 9,
        "sentenceContent": "국토교통부로부터 온실가스 배출 감축 사업을 승인받고, 업계 최초로 폴스타2 장기렌탈 상품을 출시해 친환경 모빌리티 렌탈 사업자로서 차별화 함으로써 성장 동력을 만들고 있다.",
        "sentenceSize": 96
      },
      {
        "sentenceNo": 10,
        "sentenceContent": "SK매직은 올클린 공기청정기, 트리플케어 식기세척기와 같은 인기 제품 덕분에 누적 렌탈 계정을 224만까지 늘렸다.",
        "sentenceSize": 64
      },
      {
        "sentenceNo": 11,
        "sentenceContent": "지난 1월 에코미니 정수기 그린41을 출시하는 등 친환경 가전인 그린 컬렉션을 확대한 것도 긍정적으로 작용했다.",
        "sentenceSize": 62
      },
      {
        "sentenceNo": 12,
        "sentenceContent": "특히 지난해 삼성전자와 함께 선보였던 스페셜 렌탈 서비스를 총 6종의 품목으로 늘리고 지난 3월에는 필립스생활가전코리아와 제휴해 라떼고 커피머신 렌탈 서비스를 시작하면서 사업영역을 넓힌 것도 수익성 확대에 기여했다.",
        "sentenceSize": 120
      },
      {
        "sentenceNo": 13,
        "sentenceContent": "워커힐은 사회적 거리두기 완화로 객실 및 식음료 사업이 활성화됨에 따라 손실 폭을 대폭 줄였다.",
        "sentenceSize": 53
      },
      {
        "sentenceNo": 14,
        "sentenceContent": "최근 일상 회복과 맞물려 웨딩·세미나가 재개돼 향후 수익성이 확대될 전망이다.",
        "sentenceSize": 43
      },
      {
        "sentenceNo": 15,
        "sentenceContent": "정보통신기술(ICT) 리사이클 자회사 민팃은 고객 보상 프로그램 운영을 통해 중고폰 유통을 활성화시키며 좋은 반응을 얻었다.",
        "sentenceSize": 69
      },
      {
        "sentenceNo": 16,
        "sentenceContent": "최근 개인정보 삭제 기술을 강조한 신규 캠페인 영상을 선보이고 팝업스토어를 열며 고객 저변을 확대 중이다.",
        "sentenceSize": 59
      },
      {
        "sentenceNo": 17,
        "sentenceContent": "SK네트웍스가 단행한 미래 유망 투자도 기업가치 제고에 좋은 영향을 미쳤다.",
        "sentenceSize": 42
      },
      {
        "sentenceNo": 18,
        "sentenceContent": "전기차 완속 충전업체인 에버온, 친환경 대체 가죽기업 마이코웍스에 이어 헤시드벤처스, 블록오디세이 등 블록체인 관련 투자를 진행했다.",
        "sentenceSize": 74
      },
      {
        "sentenceNo": 19,
        "sentenceContent": "투자 포트폴리오를 다양화하고 신규 성장엔진을 강화했다.",
        "sentenceSize": 30
      },
      {
        "sentenceNo": 20,
        "sentenceContent": "SK네트웍스는 2분기 이후에도 사업형 투자회사로서의 행보에 힘을 싣는다.",
        "sentenceSize": 40
      },
      {
        "sentenceNo": 21,
        "sentenceContent": "동시에 사업 경쟁력 강화를 통해 투자자와 시장 등 이해관계자들의 신뢰성을 높이겠다는 방침이다.",
        "sentenceSize": 52
      },
      {
        "sentenceNo": 22,
        "sentenceContent": "SK네트웍스 관계자는 데일리임팩트에 \\\"1분기 성과를 거둔 사업들은 지속적 성장을 꾀하고, 수입차 부품사업과 민팃, 카티니 등 신규 자회사들은 사업 영역을 계속 늘릴 예정\\\"이라며 \\\"신규 투자와 연계해 기존 사업의 고도화를 이루고, 새 동력을 찾아 시장의 기대에 부응하는 실적을 내도록 하겠다\\\"고 말했다.",
        "sentenceSize": 172
      }
    ]
  },
  "labeledDataInfo": {
    "newTitle": "SK네트웍스, 1분기 수익성 증가... 근본적인 이유는?",
    "clickbaitClass": 0,
    "referSentenceInfo": [
      {
        "sentenceNo": 1,
        "referSentenceyn": "Y"
      },
      {
        "sentenceNo": 2,
        "referSentenceyn": "N"
      },
      {
        "sentenceNo": 3,
        "referSentenceyn": "N"
      },
      {
        "sentenceNo": 4,
        "referSentenceyn": "N"
      },
      {
        "sentenceNo": 5,
        "referSentenceyn": "N"
      },
      {
        "sentenceNo": 6,
        "referSentenceyn": "N"
      },
      {
        "sentenceNo": 7,
        "referSentenceyn": "N"
      },
      {
        "sentenceNo": 8,
        "referSentenceyn": "N"
      },
      {
        "sentenceNo": 9,
        "referSentenceyn": "N"
      },
      {
        "sentenceNo": 10,
        "referSentenceyn": "N"
      },
      {
        "sentenceNo": 11,
        "referSentenceyn": "N"
      },
      {
        "sentenceNo": 12,
        "referSentenceyn": "N"
      },
      {
        "sentenceNo": 13,
        "referSentenceyn": "N"
      },
      {
        "sentenceNo": 14,
        "referSentenceyn": "N"
      },
      {
        "sentenceNo": 15,
        "referSentenceyn": "N"
      },
      {
        "sentenceNo": 16,
        "referSentenceyn": "N"
      },
      {
        "sentenceNo": 17,
        "referSentenceyn": "N"
      },
      {
        "sentenceNo": 18,
        "referSentenceyn": "N"
      },
      {
        "sentenceNo": 19,
        "referSentenceyn": "N"
      },
      {
        "sentenceNo": 20,
        "referSentenceyn": "N"
      },
      {
        "sentenceNo": 21,
        "referSentenceyn": "N"
      },
      {
        "sentenceNo": 22,
        "referSentenceyn": "N"
      }
    ]
  }
}