{
  "sourceDataInfo": {
    "newsID": "EC_M02_157800",
    "newsCategory": "경제",
    "newsSubcategory": "산업",
    "newsTitle": "대웅제약·메디톡스, 美 '소송리스크' 털어냈지만…여전히 '평행선' 국내 소송은?",
    "newsSubTitle": "메디톡스-이온 바이오파마, 결국 합의 도출…모든 소송 철회 결정 대웅제약 '나보타' 미국서 날개 펼칠까?…국내 소송 리스트 '계속'",
    "newsContent": "'춘추전국시대' 보툴리눔 톡신 시장에서 경쟁사 발목잡기에 몰두하던 메디톡스와 대웅제약이 드디어 미국 내 소송을 마무리했다.\n이로써 대웅제약은 미국 사업의 리스크를 해소하고, 자사 보툴리눔 톡신 '나보타(미국명 주보)'의 글로벌 시장 공략을 가속화할 전망이다.\n그럼에도 양사는 \\\"이번 합의는 대웅제약과 메디톡스와의 한국 내 소송에 아무 영향을 미치지 못한다\\\"는 점을 분명히 하면서 '보톡스 전쟁'의 불씨가 완전히 꺼진 것은 아니라고 시사했다.\n23일 제약업계에 따르면 메디톡스는 지난 21일(미국시간) 대웅제약의 미국 파트너사인 이온 바이오파마와 합의를 체결하고 양자 간 진행중인 소송을 모두 해결했다.\n앞서 지난해 12월 16일 미국 국제무역위원회(ITC)SMS 대웅제약이 메디톡스의 제조공정 영업비밀과 보툴리눔 균주를 도용했다고 결론내리며, 관세법 337조를 위반했다고 판결했다.\n하지만 해당 판결에 대해 메디톡스와 대웅제약은 모두 각각 이의를 제기해 현재 연방순회항소법원(CAFC)에서 절차가 진행중이다.\nITC 최종판결 이후 메디톡스는 대웅과 이온 바이오파마를 상대로 ITC 도용 판결을 기반으로 미국 캘리포니아 중부지방법원에 소송을 제기했다.\n이번에 메디톡스와 이온 바이오파마가 합의를 도출하면서 분쟁할 주체가 사라져 메디톡스가 제기한 소송의 결과는 무의미해졌다.\n메디톡스는 합의 대가로 캘리포니아에서 이온 바이오파마에 제기한 영업비밀 도용 관련 청구를 철회하고 지난해 ITC가 내린 최종 판결과 관련된 소송을 철회하기로 했다.\n메디톡스와 이온 바이오파마가 체결한 계약은 대웅제약이 생산하는 보툴리눔 톡신 제제 'ABP-450(국내명 나보타)'의 판매와 관련한 소송의 해결을 위한 것이다.\n대웅제약은 이번 합의에 참여하지 않았다.\n양사의 합의에 따라 이온 바이오파마는 메디톡스에 향후 15년간 ABP-450의 순매출에 대한 로열티를 지급한다.\n또한, 이온 바이오파마는 현재 발행된 이온 주식 중 20%에 해당하는 보통주 2668만511주를 메디톡스에 액면가로 발행하게 된다.\n메디톡스 관계자는 \\\"이온 바이오파마와의 합의로 미국 내에서 대웅의 보툴리눔 톡신 제품 유통권을 보유한 두 회사와 분쟁을 해결했고 이로써 미국 소송의 목적을 달성했다\\\"고 평가했다.\n대웅제약 나보타, 소송리스크 해소하고 미국에서 '훨훨' 날까?\n이번 메디톡스와 이온 바이오파마의 합의를 끝으로 대웅제약은 미국 내 보툴리눔 톡신 사업의 모든 리스크를 해소하게 됐다.\n이를 통해 글로벌 시장 공략에 가속이 붙을 전망이다.\n대웅제약 관계자는 미디어SR에 \\\"대웅제약은 이번 합의의 당사자가 아니다\\\"라며 \\\"메디톡스와의 미국 내 소송과 관련 미 ITC 결정은 무효화될 것이며, 메디톡스가 추가로 제기한 연방법원 소송도 기각될 것이 확실해 합의할 이유가 전혀 없었다\\\"고 설명했다.\n이번 합의는 미국 소송을 기각당할 것을 우려한 메디톡스가 이온 바이오파마에 서둘러 합의를 유도했고, 미국 주식시장 상장을 앞둔 이온 바이오파마는 리스크를 제거하기 위해 전략적 합의에 이른 것이라는 게 대웅제약 측의 주장이다.\n그럼에도 대웅제약은 양사의 합의로 글로벌 시장에서 미용 분야에 이어 치료 영역 시장까지 모든 법적 리스크가 완전히 해결된 것으로 평가했다.\n이에 따라 나보타의 품질과 기술력을 바탕으로 글로벌 시장 공략에 한층 더 박차를 가해 글로벌 매출과 미래 사업가치도 더 큰 폭으로 증가할 것으로 기대하고 있다.\n대웅제약에 따르면 나보타는 2019년 5월 미국에 공식 출시된 이후, 출시 4개월 만에 미국 시장 점유율 3위에 올라서며 첫 해부터 눈에 띄는 성과를 거뒀다.\n지난 3월에는 미국 매출 급등을 통해 역대 최고 실적을 기록하기도 했다.\n나보타는 현재 미국·유럽·캐나다 등 전 세계 55개국에서 품목허가를 획득했으며, 약 80개국과 수출 계약을 체결했다.\n또 내년 초 유럽 출시를 앞두고 있다.\n중국 시장 진출 역시 순조롭게 준비 중이다.\n현재 진행 중인 임상 3상을 연내 완료하고 NDA를 제출하는 것을 목표로 하고 있다.\n미국, 유럽, 캐나다의 치료 시장에서도 이온바이오파마를 통해 주요 적응증을 대상으로 순조롭게 개발을 이어나가고 있다.\n대웅제약 관계자는 \\\"출시 국가와 적응증이 병렬로 확대됨에 따라 나보타의 매출은 앞으로도 높은 성장세를 이어갈 것\\\"이라고 내다봤다.\n여전히 '평행선' 걷는 메디톡스 vs 대웅제약…국내소송 향방은? 메디톡스와 대웅제약의 미국 소송 건은 일단락됐으나 오랜 기간 쌓인 감정의 골은 당분간 이어질 전망이다.\n미국 소송 합의와 별개로 양사는 국내 민사 소송을 이어간다.\n특히 '미국 ITC 최종판결 무효화'를 두고 양측의 의견이 엇갈리면서 향후 국내 소송에서 어떤 영향을 미칠지 주목된다.\n대웅제약은 \\\"자사가 미 ITC를 대상으로 제기한 항소를 CAFC가 기각할 경우 최종 결정을 무효화 하겠다고 이미 밝힌 바 있다\\\"며 \\\"메디톡스도 무효화에 동의한다는 서신을 CAFC에 제출해 무효화 결정이 곧 내려질 것으로 예상된다\\\"고 주장했다.\n이는 메디톡스의 주장이 더 이상 법정에서 증거로 인정받지 못한다는 것을 의미한다는 게 대웅제약 측의 설명이다.\n반면 메디톡스는 \\\"이번 이온 바이오파마와의 합의로 ITC가 최종결정을 무효화할 것으로 예상된다\\\"며 \\\"이는 메디톡스가 ITC 구제명령에 대해 제기한 주장이 합의되었음을 반영한다\\\"고 반박했다.\n미국 내 사업리스크 해소에도 여전히 평행선을 걷는 두 회사는 서로 국내 소송에서의 승소를 자신하고 있다.\n대웅제약 관계자는 \\\"지금까지 사정당국의 수사를 통해 드러난 메디톡스의 수많은 불법·부정행위들을 낱낱이 규명하고, 대웅제약이 메디톡스의 영업비밀을 도용했다는 거짓 주장에 대한 진실을 밝혀 반드시 승소할 것\\\"이라고 강조했다.\n정현호 메디톡스 대표는 \\\"메디톡스는 대웅이 메디톡스의 영업비밀을 도용했다는 것을 입증했다\\\"며 \\\"대웅의 불법행위에 대한 우리의 싸움은 계속될 것이며, 한국 법원에서도 유리한 판결이 나올 것으로 기대한다\\\"고 말했다.",
    "partNum": "P1",
    "useType": 0,
    "processType": "D",
    "processPattern": "11",
    "processLevel": "하",
    "sentenceCount": 38,
    "sentenceInfo": [
      {
        "sentenceNo": 1,
        "sentenceContent": "'춘추전국시대' 보툴리눔 톡신 시장에서 경쟁사 발목잡기에 몰두하던 메디톡스와 대웅제약이 드디어 미국 내 소송을 마무리했다.",
        "sentenceSize": 68
      },
      {
        "sentenceNo": 2,
        "sentenceContent": "이로써 대웅제약은 미국 사업의 리스크를 해소하고, 자사 보툴리눔 톡신 '나보타(미국명 주보)'의 글로벌 시장 공략을 가속화할 전망이다.",
        "sentenceSize": 75
      },
      {
        "sentenceNo": 3,
        "sentenceContent": "그럼에도 양사는 \\\"이번 합의는 대웅제약과 메디톡스와의 한국 내 소송에 아무 영향을 미치지 못한다\\\"는 점을 분명히 하면서 '보톡스 전쟁'의 불씨가 완전히 꺼진 것은 아니라고 시사했다.",
        "sentenceSize": 103
      },
      {
        "sentenceNo": 4,
        "sentenceContent": "23일 제약업계에 따르면 메디톡스는 지난 21일(미국시간) 대웅제약의 미국 파트너사인 이온 바이오파마와 합의를 체결하고 양자 간 진행중인 소송을 모두 해결했다.",
        "sentenceSize": 89
      },
      {
        "sentenceNo": 5,
        "sentenceContent": "앞서 지난해 12월 16일 미국 국제무역위원회(ITC)SMS 대웅제약이 메디톡스의 제조공정 영업비밀과 보툴리눔 균주를 도용했다고 결론내리며, 관세법 337조를 위반했다고 판결했다.",
        "sentenceSize": 100
      },
      {
        "sentenceNo": 6,
        "sentenceContent": "하지만 해당 판결에 대해 메디톡스와 대웅제약은 모두 각각 이의를 제기해 현재 연방순회항소법원(CAFC)에서 절차가 진행중이다.",
        "sentenceSize": 70
      },
      {
        "sentenceNo": 7,
        "sentenceContent": "ITC 최종판결 이후 메디톡스는 대웅과 이온 바이오파마를 상대로 ITC 도용 판결을 기반으로 미국 캘리포니아 중부지방법원에 소송을 제기했다.",
        "sentenceSize": 78
      },
      {
        "sentenceNo": 8,
        "sentenceContent": "이번에 메디톡스와 이온 바이오파마가 합의를 도출하면서 분쟁할 주체가 사라져 메디톡스가 제기한 소송의 결과는 무의미해졌다.",
        "sentenceSize": 67
      },
      {
        "sentenceNo": 9,
        "sentenceContent": "메디톡스는 합의 대가로 캘리포니아에서 이온 바이오파마에 제기한 영업비밀 도용 관련 청구를 철회하고 지난해 ITC가 내린 최종 판결과 관련된 소송을 철회하기로 했다.",
        "sentenceSize": 91
      },
      {
        "sentenceNo": 10,
        "sentenceContent": "메디톡스와 이온 바이오파마가 체결한 계약은 대웅제약이 생산하는 보툴리눔 톡신 제제 'ABP-450(국내명 나보타)'의 판매와 관련한 소송의 해결을 위한 것이다.",
        "sentenceSize": 89
      },
      {
        "sentenceNo": 11,
        "sentenceContent": "대웅제약은 이번 합의에 참여하지 않았다.",
        "sentenceSize": 22
      },
      {
        "sentenceNo": 12,
        "sentenceContent": "양사의 합의에 따라 이온 바이오파마는 메디톡스에 향후 15년간 ABP-450의 순매출에 대한 로열티를 지급한다.",
        "sentenceSize": 62
      },
      {
        "sentenceNo": 13,
        "sentenceContent": "또한, 이온 바이오파마는 현재 발행된 이온 주식 중 20%에 해당하는 보통주 2668만511주를 메디톡스에 액면가로 발행하게 된다.",
        "sentenceSize": 73
      },
      {
        "sentenceNo": 14,
        "sentenceContent": "메디톡스 관계자는 \\\"이온 바이오파마와의 합의로 미국 내에서 대웅의 보툴리눔 톡신 제품 유통권을 보유한 두 회사와 분쟁을 해결했고 이로써 미국 소송의 목적을 달성했다\\\"고 평가했다.",
        "sentenceSize": 101
      },
      {
        "sentenceNo": 15,
        "sentenceContent": "대웅제약 나보타, 소송리스크 해소하고 미국에서 '훨훨' 날까?",
        "sentenceSize": 34
      },
      {
        "sentenceNo": 16,
        "sentenceContent": "이번 메디톡스와 이온 바이오파마의 합의를 끝으로 대웅제약은 미국 내 보툴리눔 톡신 사업의 모든 리스크를 해소하게 됐다.",
        "sentenceSize": 66
      },
      {
        "sentenceNo": 17,
        "sentenceContent": "이를 통해 글로벌 시장 공략에 가속이 붙을 전망이다.",
        "sentenceSize": 29
      },
      {
        "sentenceNo": 18,
        "sentenceContent": "대웅제약 관계자는 미디어SR에 \\\"대웅제약은 이번 합의의 당사자가 아니다\\\"라며 \\\"메디톡스와의 미국 내 소송과 관련 미 ITC 결정은 무효화될 것이며, 메디톡스가 추가로 제기한 연방법원 소송도 기각될 것이 확실해 합의할 이유가 전혀 없었다\\\"고 설명했다.",
        "sentenceSize": 143
      },
      {
        "sentenceNo": 19,
        "sentenceContent": "이번 합의는 미국 소송을 기각당할 것을 우려한 메디톡스가 이온 바이오파마에 서둘러 합의를 유도했고, 미국 주식시장 상장을 앞둔 이온 바이오파마는 리스크를 제거하기 위해 전략적 합의에 이른 것이라는 게 대웅제약 측의 주장이다.",
        "sentenceSize": 125
      },
      {
        "sentenceNo": 20,
        "sentenceContent": "그럼에도 대웅제약은 양사의 합의로 글로벌 시장에서 미용 분야에 이어 치료 영역 시장까지 모든 법적 리스크가 완전히 해결된 것으로 평가했다.",
        "sentenceSize": 77
      },
      {
        "sentenceNo": 21,
        "sentenceContent": "이에 따라 나보타의 품질과 기술력을 바탕으로 글로벌 시장 공략에 한층 더 박차를 가해 글로벌 매출과 미래 사업가치도 더 큰 폭으로 증가할 것으로 기대하고 있다.",
        "sentenceSize": 89
      },
      {
        "sentenceNo": 22,
        "sentenceContent": "대웅제약에 따르면 나보타는 2019년 5월 미국에 공식 출시된 이후, 출시 4개월 만에 미국 시장 점유율 3위에 올라서며 첫 해부터 눈에 띄는 성과를 거뒀다.",
        "sentenceSize": 88
      },
      {
        "sentenceNo": 23,
        "sentenceContent": "지난 3월에는 미국 매출 급등을 통해 역대 최고 실적을 기록하기도 했다.",
        "sentenceSize": 40
      },
      {
        "sentenceNo": 24,
        "sentenceContent": "나보타는 현재 미국·유럽·캐나다 등 전 세계 55개국에서 품목허가를 획득했으며, 약 80개국과 수출 계약을 체결했다.",
        "sentenceSize": 65
      },
      {
        "sentenceNo": 25,
        "sentenceContent": "또 내년 초 유럽 출시를 앞두고 있다.",
        "sentenceSize": 21
      },
      {
        "sentenceNo": 26,
        "sentenceContent": "중국 시장 진출 역시 순조롭게 준비 중이다.",
        "sentenceSize": 24
      },
      {
        "sentenceNo": 27,
        "sentenceContent": "현재 진행 중인 임상 3상을 연내 완료하고 NDA를 제출하는 것을 목표로 하고 있다.",
        "sentenceSize": 47
      },
      {
        "sentenceNo": 28,
        "sentenceContent": "미국, 유럽, 캐나다의 치료 시장에서도 이온바이오파마를 통해 주요 적응증을 대상으로 순조롭게 개발을 이어나가고 있다.",
        "sentenceSize": 65
      },
      {
        "sentenceNo": 29,
        "sentenceContent": "대웅제약 관계자는 \\\"출시 국가와 적응증이 병렬로 확대됨에 따라 나보타의 매출은 앞으로도 높은 성장세를 이어갈 것\\\"이라고 내다봤다.",
        "sentenceSize": 74
      },
      {
        "sentenceNo": 30,
        "sentenceContent": "여전히 '평행선' 걷는 메디톡스 vs 대웅제약…국내소송 향방은? 메디톡스와 대웅제약의 미국 소송 건은 일단락됐으나 오랜 기간 쌓인 감정의 골은 당분간 이어질 전망이다.",
        "sentenceSize": 93
      },
      {
        "sentenceNo": 31,
        "sentenceContent": "미국 소송 합의와 별개로 양사는 국내 민사 소송을 이어간다.",
        "sentenceSize": 33
      },
      {
        "sentenceNo": 32,
        "sentenceContent": "특히 '미국 ITC 최종판결 무효화'를 두고 양측의 의견이 엇갈리면서 향후 국내 소송에서 어떤 영향을 미칠지 주목된다.",
        "sentenceSize": 66
      },
      {
        "sentenceNo": 33,
        "sentenceContent": "대웅제약은 \\\"자사가 미 ITC를 대상으로 제기한 항소를 CAFC가 기각할 경우 최종 결정을 무효화 하겠다고 이미 밝힌 바 있다\\\"며 \\\"메디톡스도 무효화에 동의한다는 서신을 CAFC에 제출해 무효화 결정이 곧 내려질 것으로 예상된다\\\"고 주장했다.",
        "sentenceSize": 139
      },
      {
        "sentenceNo": 34,
        "sentenceContent": "이는 메디톡스의 주장이 더 이상 법정에서 증거로 인정받지 못한다는 것을 의미한다는 게 대웅제약 측의 설명이다.",
        "sentenceSize": 61
      },
      {
        "sentenceNo": 35,
        "sentenceContent": "반면 메디톡스는 \\\"이번 이온 바이오파마와의 합의로 ITC가 최종결정을 무효화할 것으로 예상된다\\\"며 \\\"이는 메디톡스가 ITC 구제명령에 대해 제기한 주장이 합의되었음을 반영한다\\\"고 반박했다.",
        "sentenceSize": 109
      },
      {
        "sentenceNo": 36,
        "sentenceContent": "미국 내 사업리스크 해소에도 여전히 평행선을 걷는 두 회사는 서로 국내 소송에서의 승소를 자신하고 있다.",
        "sentenceSize": 58
      },
      {
        "sentenceNo": 37,
        "sentenceContent": "대웅제약 관계자는 \\\"지금까지 사정당국의 수사를 통해 드러난 메디톡스의 수많은 불법·부정행위들을 낱낱이 규명하고, 대웅제약이 메디톡스의 영업비밀을 도용했다는 거짓 주장에 대한 진실을 밝혀 반드시 승소할 것\\\"이라고 강조했다.",
        "sentenceSize": 125
      },
      {
        "sentenceNo": 38,
        "sentenceContent": "정현호 메디톡스 대표는 \\\"메디톡스는 대웅이 메디톡스의 영업비밀을 도용했다는 것을 입증했다\\\"며 \\\"대웅의 불법행위에 대한 우리의 싸움은 계속될 것이며, 한국 법원에서도 유리한 판결이 나올 것으로 기대한다\\\"고 말했다.",
        "sentenceSize": 122
      }
    ]
  },
  "labeledDataInfo": {
    "newTitle": "대웅제약·메디톡스, 美 '소송리스크' 털어냈지만…여전히 '평행선', 국내 소송에 어떤 영향 끼치나?",
    "clickbaitClass": 0,
    "referSentenceInfo": [
      {
        "sentenceNo": 1,
        "referSentenceyn": "N"
      },
      {
        "sentenceNo": 2,
        "referSentenceyn": "N"
      },
      {
        "sentenceNo": 3,
        "referSentenceyn": "N"
      },
      {
        "sentenceNo": 4,
        "referSentenceyn": "N"
      },
      {
        "sentenceNo": 5,
        "referSentenceyn": "N"
      },
      {
        "sentenceNo": 6,
        "referSentenceyn": "N"
      },
      {
        "sentenceNo": 7,
        "referSentenceyn": "N"
      },
      {
        "sentenceNo": 8,
        "referSentenceyn": "N"
      },
      {
        "sentenceNo": 9,
        "referSentenceyn": "N"
      },
      {
        "sentenceNo": 10,
        "referSentenceyn": "N"
      },
      {
        "sentenceNo": 11,
        "referSentenceyn": "N"
      },
      {
        "sentenceNo": 12,
        "referSentenceyn": "N"
      },
      {
        "sentenceNo": 13,
        "referSentenceyn": "N"
      },
      {
        "sentenceNo": 14,
        "referSentenceyn": "N"
      },
      {
        "sentenceNo": 15,
        "referSentenceyn": "N"
      },
      {
        "sentenceNo": 16,
        "referSentenceyn": "N"
      },
      {
        "sentenceNo": 17,
        "referSentenceyn": "N"
      },
      {
        "sentenceNo": 18,
        "referSentenceyn": "N"
      },
      {
        "sentenceNo": 19,
        "referSentenceyn": "N"
      },
      {
        "sentenceNo": 20,
        "referSentenceyn": "N"
      },
      {
        "sentenceNo": 21,
        "referSentenceyn": "N"
      },
      {
        "sentenceNo": 22,
        "referSentenceyn": "N"
      },
      {
        "sentenceNo": 23,
        "referSentenceyn": "N"
      },
      {
        "sentenceNo": 24,
        "referSentenceyn": "N"
      },
      {
        "sentenceNo": 25,
        "referSentenceyn": "N"
      },
      {
        "sentenceNo": 26,
        "referSentenceyn": "N"
      },
      {
        "sentenceNo": 27,
        "referSentenceyn": "N"
      },
      {
        "sentenceNo": 28,
        "referSentenceyn": "N"
      },
      {
        "sentenceNo": 29,
        "referSentenceyn": "N"
      },
      {
        "sentenceNo": 30,
        "referSentenceyn": "N"
      },
      {
        "sentenceNo": 31,
        "referSentenceyn": "N"
      },
      {
        "sentenceNo": 32,
        "referSentenceyn": "Y"
      },
      {
        "sentenceNo": 33,
        "referSentenceyn": "N"
      },
      {
        "sentenceNo": 34,
        "referSentenceyn": "N"
      },
      {
        "sentenceNo": 35,
        "referSentenceyn": "N"
      },
      {
        "sentenceNo": 36,
        "referSentenceyn": "N"
      },
      {
        "sentenceNo": 37,
        "referSentenceyn": "N"
      },
      {
        "sentenceNo": 38,
        "referSentenceyn": "N"
      }
    ]
  }
}