{
  "sourceDataInfo": {
    "newsID": "EC_M02_156574",
    "newsCategory": "경제",
    "newsSubcategory": "은행",
    "newsTitle": "KB국민銀, 'TWO테크 외화정기예금 환율우대 100% 이벤트' 실시",
    "newsSubTitle": "비대면 신규 시 환율우대 100% 혜택 제공",
    "newsContent": "KB국민은행은 환테크에 관심 있는 개인고객을 위해 'KB TWO테크 외화정기예금 환율우대 100% 이벤트'를 실시한다고 9일 밝혔다.\n오는 7월 29일까지 진행되는 이번 이벤트의 대상 고객은 이벤트 기간 중 KB스타뱅킹 또는 인터넷뱅킹을 통해 'KB TWO테크 외화정기예금'을 신규 가입한 고객이다.\n대상 고객 전원에게 환율우대 100% 혜택을 제공한다.\nKB국민은행 관계자는 데일리임팩트에 \\\"지난 2월 진행된 동일 이벤트 당시 보여준 고객의 성원에 보답하기 위해 또 한번 이번 이벤트를 진행하기로 했다\\\"라고 설명했다. 'KB TWO테크 외화정기예금'은 상품 가입시점에 목표환율을 지정해 이자와 환차익을 동시에 추구하는 재테크용 외화정기예금이다.\n은행이 매일 고시하는 최초환율이 고객의 목표환율 이상인 경우 자동해지돼 가입 기간에 따른 이자뿐만 아니라 환차익도 얻을 수 있다.\nKB국민은행 관계자는 \\\"환차익과 이자, 환율우대 혜택까지 얻을 수 있는 이벤트에 많은 참여 부탁드린다\\\"고 밝혔다.",
    "partNum": "P1",
    "useType": 0,
    "processType": "D",
    "processPattern": "14",
    "processLevel": "중",
    "sentenceCount": 6,
    "sentenceInfo": [
      {
        "sentenceNo": 1,
        "sentenceContent": "KB국민은행은 환테크에 관심 있는 개인고객을 위해 'KB TWO테크 외화정기예금 환율우대 100% 이벤트'를 실시한다고 9일 밝혔다.",
        "sentenceSize": 74
      },
      {
        "sentenceNo": 2,
        "sentenceContent": "오는 7월 29일까지 진행되는 이번 이벤트의 대상 고객은 이벤트 기간 중 KB스타뱅킹 또는 인터넷뱅킹을 통해 'KB TWO테크 외화정기예금'을 신규 가입한 고객이다.",
        "sentenceSize": 92
      },
      {
        "sentenceNo": 3,
        "sentenceContent": "대상 고객 전원에게 환율우대 100% 혜택을 제공한다.",
        "sentenceSize": 30
      },
      {
        "sentenceNo": 4,
        "sentenceContent": "KB국민은행 관계자는 데일리임팩트에 \\\"지난 2월 진행된 동일 이벤트 당시 보여준 고객의 성원에 보답하기 위해 또 한번 이번 이벤트를 진행하기로 했다\\\"라고 설명했다. 'KB TWO테크 외화정기예금'은 상품 가입시점에 목표환율을 지정해 이자와 환차익을 동시에 추구하는 재테크용 외화정기예금이다.",
        "sentenceSize": 164
      },
      {
        "sentenceNo": 5,
        "sentenceContent": "은행이 매일 고시하는 최초환율이 고객의 목표환율 이상인 경우 자동해지돼 가입 기간에 따른 이자뿐만 아니라 환차익도 얻을 수 있다.",
        "sentenceSize": 72
      },
      {
        "sentenceNo": 6,
        "sentenceContent": "KB국민은행 관계자는 \\\"환차익과 이자, 환율우대 혜택까지 얻을 수 있는 이벤트에 많은 참여 부탁드린다\\\"고 밝혔다.",
        "sentenceSize": 65
      }
    ]
  },
  "labeledDataInfo": {
    "newTitle": "KB국민은행, 외화정기예금 환율우대 이벤트... 수수로 내는 흑우 없지?",
    "clickbaitClass": 0,
    "referSentenceInfo": [
      {
        "sentenceNo": 1,
        "referSentenceyn": "N"
      },
      {
        "sentenceNo": 2,
        "referSentenceyn": "N"
      },
      {
        "sentenceNo": 3,
        "referSentenceyn": "N"
      },
      {
        "sentenceNo": 4,
        "referSentenceyn": "N"
      },
      {
        "sentenceNo": 5,
        "referSentenceyn": "Y"
      },
      {
        "sentenceNo": 6,
        "referSentenceyn": "N"
      }
    ]
  }
}