{
  "sourceDataInfo": {
    "newsID": "EC_M02_160616",
    "newsCategory": "경제",
    "newsSubcategory": "은행",
    "newsTitle": "KB손보, '친환경 자동차보험' 출시로 ESG경영 실천",
    "newsSubTitle": "전기차 충전 중 감전사고 상해 보장하는 '전기자동차자기신체사고보상특약'도 함께 출시",
    "newsContent": "KB손해보험은 ESG(환경·사회·지배구조) 경영을 실천하기 위해 전기자동차 관련 특약 및 '걸음수할인특약' 등 친환경 자동차보험 상품을 출시했다고 14일 밝혔다.\n우선 KB손해보험은 탄소배출량 감축을 통한 저탄소경제로의 전환을 꾀한다는 정부정책에 발맞춰 친환경 전기자동차 전용 특약 상품을 출시했다.\n기존에는 전기차 배터리 파손사고로 배터리의 전면교체가 필요한 경우, '자기차량손해' 보장에서 새 배터리 가격에 감가상각을 적용해 보험금을 지급했다.\n이에 따라 소비자는 배터리 파손사고 시 감가상각분에 해당하는 금액을 직접 지불해야 하는 부담이 있었다.\n이번에 출시한 '전기자동차배터리신가보상특약'은 그간 소비자에게 부담으로 작용했던 감가상각분에 해당하는 금액을 보장해 소비자는 본인 부담 없이 새 배터리로 교체할 수 있다.\n이와 함께 전기자동차 충전 중 감전 및 화재사고에 노출돼 있는 소비자들을 위해 전기자동차 충전 중에 발생할 수 있는 감전·화재사고로 인한 피보험자의 상해를 보장하는 '전기자동차자기신체사고보상특약'을 함께 출시했다.\n기존 자동차보험에서는 차량 탑승 중 화재사고만 보장을 받을 수 있었으나 '전기자동차 자기신체사고 보상 특약'에서는 차량에 탑승하지 않은 상태에서 발생한 충전 중 감전·화재 사고에 대해서도 보장을 받을 수 있다.\n또한 KB손해보험은 고객의 건강과 환경보호를 함께 생각한 헬스케어형 친환경 특약인 '걸음수할인특약'을 신설했다.\n이 특약은 기명피보험자한정 또는 부부한정특약 가입자를 대상으로 보험 청약일 기준 90일 이내에 보험회사에서 인정한 걸음수 측정 프로그램을 통해 하루 5000보 이상 달성일이 50일 이상인 경우 자동차보험료를 3% 할인해준다.\n최근 코로나19의 확산에 따른 재택근무 등의 증가로 대중교통이용실적에 따라 보험료를 할인해주는 '대중교통이용할인특약'의 가입 필요성이 낮아진 고객들은 이 특약을 가입해 건강관리와 함께 보험료 할인 혜택도 누릴 수 있게 됐다.\n마지막으로 약관 및 안내자료 등은 모바일을 포함한 디지털 방식으로 수령하고 보험증권만은 서면으로 수령이 가능한 '전자우편(보험증권서면수령형)특약'을 신설했다.\n이에 따라 소비자의 선택권을 넓힘과 동시에 종이 사용 절감(paperless)을 통한 환경보호 효과도 거둘 수 있을 것으로 기대된다.\n김민기 KB손해보험 자동차보험부문장(전무)은 미디어SR에 \\\"지속가능한 성장을 위한 기업의 ESG경영이 강조됨에 따라 친환경 상품 개발을 추진하게 됐다\\\"며 \\\"KB손해보험은 앞으로도 고객의 니즈와 ESG요소를 반영한 보험상품 개발을 지속 추진할 것\\\"이라고 강조했다.",
    "partNum": "P1",
    "useType": 0,
    "processType": "D",
    "processPattern": "15",
    "processLevel": "중",
    "sentenceCount": 13,
    "sentenceInfo": [
      {
        "sentenceNo": 1,
        "sentenceContent": "KB손해보험은 ESG(환경·사회·지배구조) 경영을 실천하기 위해 전기자동차 관련 특약 및 '걸음수할인특약' 등 친환경 자동차보험 상품을 출시했다고 14일 밝혔다.",
        "sentenceSize": 90
      },
      {
        "sentenceNo": 2,
        "sentenceContent": "우선 KB손해보험은 탄소배출량 감축을 통한 저탄소경제로의 전환을 꾀한다는 정부정책에 발맞춰 친환경 전기자동차 전용 특약 상품을 출시했다.",
        "sentenceSize": 76
      },
      {
        "sentenceNo": 3,
        "sentenceContent": "기존에는 전기차 배터리 파손사고로 배터리의 전면교체가 필요한 경우, '자기차량손해' 보장에서 새 배터리 가격에 감가상각을 적용해 보험금을 지급했다.",
        "sentenceSize": 82
      },
      {
        "sentenceNo": 4,
        "sentenceContent": "이에 따라 소비자는 배터리 파손사고 시 감가상각분에 해당하는 금액을 직접 지불해야 하는 부담이 있었다.",
        "sentenceSize": 57
      },
      {
        "sentenceNo": 5,
        "sentenceContent": "이번에 출시한 '전기자동차배터리신가보상특약'은 그간 소비자에게 부담으로 작용했던 감가상각분에 해당하는 금액을 보장해 소비자는 본인 부담 없이 새 배터리로 교체할 수 있다.",
        "sentenceSize": 95
      },
      {
        "sentenceNo": 6,
        "sentenceContent": "이와 함께 전기자동차 충전 중 감전 및 화재사고에 노출돼 있는 소비자들을 위해 전기자동차 충전 중에 발생할 수 있는 감전·화재사고로 인한 피보험자의 상해를 보장하는 '전기자동차자기신체사고보상특약'을 함께 출시했다.",
        "sentenceSize": 119
      },
      {
        "sentenceNo": 7,
        "sentenceContent": "기존 자동차보험에서는 차량 탑승 중 화재사고만 보장을 받을 수 있었으나 '전기자동차 자기신체사고 보상 특약'에서는 차량에 탑승하지 않은 상태에서 발생한 충전 중 감전·화재 사고에 대해서도 보장을 받을 수 있다.",
        "sentenceSize": 117
      },
      {
        "sentenceNo": 8,
        "sentenceContent": "또한 KB손해보험은 고객의 건강과 환경보호를 함께 생각한 헬스케어형 친환경 특약인 '걸음수할인특약'을 신설했다.",
        "sentenceSize": 62
      },
      {
        "sentenceNo": 9,
        "sentenceContent": "이 특약은 기명피보험자한정 또는 부부한정특약 가입자를 대상으로 보험 청약일 기준 90일 이내에 보험회사에서 인정한 걸음수 측정 프로그램을 통해 하루 5000보 이상 달성일이 50일 이상인 경우 자동차보험료를 3% 할인해준다.",
        "sentenceSize": 125
      },
      {
        "sentenceNo": 10,
        "sentenceContent": "최근 코로나19의 확산에 따른 재택근무 등의 증가로 대중교통이용실적에 따라 보험료를 할인해주는 '대중교통이용할인특약'의 가입 필요성이 낮아진 고객들은 이 특약을 가입해 건강관리와 함께 보험료 할인 혜택도 누릴 수 있게 됐다.",
        "sentenceSize": 125
      },
      {
        "sentenceNo": 11,
        "sentenceContent": "마지막으로 약관 및 안내자료 등은 모바일을 포함한 디지털 방식으로 수령하고 보험증권만은 서면으로 수령이 가능한 '전자우편(보험증권서면수령형)특약'을 신설했다.",
        "sentenceSize": 88
      },
      {
        "sentenceNo": 12,
        "sentenceContent": "이에 따라 소비자의 선택권을 넓힘과 동시에 종이 사용 절감(paperless)을 통한 환경보호 효과도 거둘 수 있을 것으로 기대된다.",
        "sentenceSize": 74
      },
      {
        "sentenceNo": 13,
        "sentenceContent": "김민기 KB손해보험 자동차보험부문장(전무)은 미디어SR에 \\\"지속가능한 성장을 위한 기업의 ESG경영이 강조됨에 따라 친환경 상품 개발을 추진하게 됐다\\\"며 \\\"KB손해보험은 앞으로도 고객의 니즈와 ESG요소를 반영한 보험상품 개발을 지속 추진할 것\\\"이라고 강조했다.",
        "sentenceSize": 150
      }
    ]
  },
  "labeledDataInfo": {
    "newTitle": "KB손해보험, '친환경 자동차보험' 출시로 또 한번 지구 살렸다",
    "clickbaitClass": 0,
    "referSentenceInfo": [
      {
        "sentenceNo": 1,
        "referSentenceyn": "Y"
      },
      {
        "sentenceNo": 2,
        "referSentenceyn": "N"
      },
      {
        "sentenceNo": 3,
        "referSentenceyn": "N"
      },
      {
        "sentenceNo": 4,
        "referSentenceyn": "N"
      },
      {
        "sentenceNo": 5,
        "referSentenceyn": "N"
      },
      {
        "sentenceNo": 6,
        "referSentenceyn": "N"
      },
      {
        "sentenceNo": 7,
        "referSentenceyn": "N"
      },
      {
        "sentenceNo": 8,
        "referSentenceyn": "N"
      },
      {
        "sentenceNo": 9,
        "referSentenceyn": "N"
      },
      {
        "sentenceNo": 10,
        "referSentenceyn": "N"
      },
      {
        "sentenceNo": 11,
        "referSentenceyn": "N"
      },
      {
        "sentenceNo": 12,
        "referSentenceyn": "N"
      },
      {
        "sentenceNo": 13,
        "referSentenceyn": "N"
      }
    ]
  }
}