{
  "sourceDataInfo": {
    "newsID": "EC_M02_160598",
    "newsCategory": "경제",
    "newsSubcategory": "일반",
    "newsTitle": "김석준 쌍용건설 회장, 싱가포르 사업지 직접 둘러본다...15개월만에 해외출장 나서",
    "newsSubTitle": "",
    "newsContent": "쌍용건설 김석준 회장이 지난 연말 두바이에 이어 지난 27일 전세계적인 코로나 팬데믹(pandemic)을 뚫고 싱가포르 출장에 나섰다.\n29일 쌍용건설에 따르면 김 회장의 싱가포르 출장은 지난해 2월 이후 15개월만으로, 그동안 코로나로 인해 온라인 비대면 화상회의를 진행했던 것에 한계를 느껴 직접 현장을 둘러보고 발주처 관계자들과 만나서 협상을 하기 위해 해외출장을 강행한 것으로 파악되고 있다.\n김 회장은 출장 중 현장을 찾아 진행 상황을 파악하고 발주처와 현안을 조율할 예정이다.\n또한 한동안 미뤄졌던 대형 프로젝트의 발주가 재개될 것으로 예상함에 따라 수주를 위한 발주처 미팅 등 전략적 영업의 목적도 두루 포함된 것으로 관측된다.\n쌍용건설의 한 관계자는 미디어SR에 \\\"아직 싱가포르에서 돌아오는 일정이 정해지지 않았지만, 싱가포르는 회사 차원에서 집중하고 있는 주력 사업지역\\\"이라고 강조했다.\n실제 현재 쌍용건설이 싱가포르에서 수행 중인 프로젝트는 총 5곳, 2조1000억원 규모에 달한다.\n김 회장은 출장기간 동안 먼저 우드랜드 병원(Woodlands Health Campus, WHC) 현장, 포레스트 우즈 콘도미니엄 현장을 방문해 현안을 점검하고 발주처와 면담도 가질 방침이다.\n이 가운데 초대형 현장인 WHC는 싱가포르 최대 규모의 미래형 종합병원으로 조성되는 프로젝트로, 약 7만6600㎡ 부지에 지하 4층~지상 7층 8개동, 1800병상 규모로 들어설 예정이다.\n이 병원의 공사비는 미화 7억4000만 달러(한화 약 8800억원)에 달한다.\n이와 함께 김 회장은 공사가 한창인 대형 토목현장 3곳을 찾아 현장 점검과 현안을 파악에 나설 계획이다.\n쌍용건설이 시공 중인 남북 고속도로 N102•N111공구(8500억원)와 도심지하철 TEL308공구(3050억원)는 싱가포르 정부 육상교통청에서 발주한 대형 토목 프로젝트다.\n특히 N102공구는 남부 마리나베이에서 최북단 우드랜드 지역을 연결하는 총 21.5km의 최고 난이도 구간이고, TEL308공구는 아파트 밀집지역을 통과하며 연약 지반 위에 들어서는 고난도 공사로 알려져 있다.\n쌍용건설 관계자는 미디어SR에 \\\"해외현장은 워낙 크고 변수와 현안이 다양해 그동안 화상회의와 유선만으로는 한계가 있어 이번에 회장께서 직접 출장에 나선 것\\\"이라며 \\\"코로나 팬데믹 이후 해외출장이 어려운 상황이지만, 지난해 말 두바이 출장을 통해 로얄 아틀란티스 호텔의 공사비를 기존 8000억원에서 약 1조5000억원으로 대폭 증액하는 성과를 거둔 바 있다\\\"고 강조했다.\n한편 김석준 회장은 1983년 쌍용건설 사장으로 취임한 이후 수시로 해외현장을 찾아 현황 파악과 함께 직원들을 격려하고, 연말연시에는 이라크, 적도기니 등 해외 오지 현장을 방문하는 등 광폭 행보를 보여왔다.",
    "partNum": "P1",
    "useType": 0,
    "processType": "D",
    "processPattern": "15",
    "processLevel": "중",
    "sentenceCount": 14,
    "sentenceInfo": [
      {
        "sentenceNo": 1,
        "sentenceContent": "쌍용건설 김석준 회장이 지난 연말 두바이에 이어 지난 27일 전세계적인 코로나 팬데믹(pandemic)을 뚫고 싱가포르 출장에 나섰다.",
        "sentenceSize": 75
      },
      {
        "sentenceNo": 2,
        "sentenceContent": "29일 쌍용건설에 따르면 김 회장의 싱가포르 출장은 지난해 2월 이후 15개월만으로, 그동안 코로나로 인해 온라인 비대면 화상회의를 진행했던 것에 한계를 느껴 직접 현장을 둘러보고 발주처 관계자들과 만나서 협상을 하기 위해 해외출장을 강행한 것으로 파악되고 있다.",
        "sentenceSize": 147
      },
      {
        "sentenceNo": 3,
        "sentenceContent": "김 회장은 출장 중 현장을 찾아 진행 상황을 파악하고 발주처와 현안을 조율할 예정이다.",
        "sentenceSize": 48
      },
      {
        "sentenceNo": 4,
        "sentenceContent": "또한 한동안 미뤄졌던 대형 프로젝트의 발주가 재개될 것으로 예상함에 따라 수주를 위한 발주처 미팅 등 전략적 영업의 목적도 두루 포함된 것으로 관측된다.",
        "sentenceSize": 85
      },
      {
        "sentenceNo": 5,
        "sentenceContent": "쌍용건설의 한 관계자는 미디어SR에 \\\"아직 싱가포르에서 돌아오는 일정이 정해지지 않았지만, 싱가포르는 회사 차원에서 집중하고 있는 주력 사업지역\\\"이라고 강조했다.",
        "sentenceSize": 92
      },
      {
        "sentenceNo": 6,
        "sentenceContent": "실제 현재 쌍용건설이 싱가포르에서 수행 중인 프로젝트는 총 5곳, 2조1000억원 규모에 달한다.",
        "sentenceSize": 54
      },
      {
        "sentenceNo": 7,
        "sentenceContent": "김 회장은 출장기간 동안 먼저 우드랜드 병원(Woodlands Health Campus, WHC) 현장, 포레스트 우즈 콘도미니엄 현장을 방문해 현안을 점검하고 발주처와 면담도 가질 방침이다.",
        "sentenceSize": 107
      },
      {
        "sentenceNo": 8,
        "sentenceContent": "이 가운데 초대형 현장인 WHC는 싱가포르 최대 규모의 미래형 종합병원으로 조성되는 프로젝트로, 약 7만6600㎡ 부지에 지하 4층~지상 7층 8개동, 1800병상 규모로 들어설 예정이다.",
        "sentenceSize": 105
      },
      {
        "sentenceNo": 9,
        "sentenceContent": "이 병원의 공사비는 미화 7억4000만 달러(한화 약 8800억원)에 달한다.",
        "sentenceSize": 43
      },
      {
        "sentenceNo": 10,
        "sentenceContent": "이와 함께 김 회장은 공사가 한창인 대형 토목현장 3곳을 찾아 현장 점검과 현안을 파악에 나설 계획이다.",
        "sentenceSize": 58
      },
      {
        "sentenceNo": 11,
        "sentenceContent": "쌍용건설이 시공 중인 남북 고속도로 N102•N111공구(8500억원)와 도심지하철 TEL308공구(3050억원)는 싱가포르 정부 육상교통청에서 발주한 대형 토목 프로젝트다.",
        "sentenceSize": 97
      },
      {
        "sentenceNo": 12,
        "sentenceContent": "특히 N102공구는 남부 마리나베이에서 최북단 우드랜드 지역을 연결하는 총 21.5km의 최고 난이도 구간이고, TEL308공구는 아파트 밀집지역을 통과하며 연약 지반 위에 들어서는 고난도 공사로 알려져 있다.",
        "sentenceSize": 117
      },
      {
        "sentenceNo": 13,
        "sentenceContent": "쌍용건설 관계자는 미디어SR에 \\\"해외현장은 워낙 크고 변수와 현안이 다양해 그동안 화상회의와 유선만으로는 한계가 있어 이번에 회장께서 직접 출장에 나선 것\\\"이라며 \\\"코로나 팬데믹 이후 해외출장이 어려운 상황이지만, 지난해 말 두바이 출장을 통해 로얄 아틀란티스 호텔의 공사비를 기존 8000억원에서 약 1조5000억원으로 대폭 증액하는 성과를 거둔 바 있다\\\"고 강조했다.",
        "sentenceSize": 211
      },
      {
        "sentenceNo": 14,
        "sentenceContent": "한편 김석준 회장은 1983년 쌍용건설 사장으로 취임한 이후 수시로 해외현장을 찾아 현황 파악과 함께 직원들을 격려하고, 연말연시에는 이라크, 적도기니 등 해외 오지 현장을 방문하는 등 광폭 행보를 보여왔다.",
        "sentenceSize": 116
      }
    ]
  },
  "labeledDataInfo": {
    "newTitle": "쌍용건설 김석준 회장, 대형 프로젝트의 발주 소식에 곧바로 싱가폴 행",
    "clickbaitClass": 0,
    "referSentenceInfo": [
      {
        "sentenceNo": 1,
        "referSentenceyn": "N"
      },
      {
        "sentenceNo": 2,
        "referSentenceyn": "N"
      },
      {
        "sentenceNo": 3,
        "referSentenceyn": "N"
      },
      {
        "sentenceNo": 4,
        "referSentenceyn": "Y"
      },
      {
        "sentenceNo": 5,
        "referSentenceyn": "N"
      },
      {
        "sentenceNo": 6,
        "referSentenceyn": "N"
      },
      {
        "sentenceNo": 7,
        "referSentenceyn": "N"
      },
      {
        "sentenceNo": 8,
        "referSentenceyn": "N"
      },
      {
        "sentenceNo": 9,
        "referSentenceyn": "N"
      },
      {
        "sentenceNo": 10,
        "referSentenceyn": "N"
      },
      {
        "sentenceNo": 11,
        "referSentenceyn": "N"
      },
      {
        "sentenceNo": 12,
        "referSentenceyn": "N"
      },
      {
        "sentenceNo": 13,
        "referSentenceyn": "N"
      },
      {
        "sentenceNo": 14,
        "referSentenceyn": "N"
      }
    ]
  }
}