{
  "sourceDataInfo": {
    "newsID": "EC_M02_157280",
    "newsCategory": "경제",
    "newsSubcategory": "산업",
    "newsTitle": "카카오 유료 배차 시작... \\\"현장 모르는 소리\\\", \\\"꼼수다\\\"",
    "newsSubTitle": "",
    "newsContent": "카카오택시가 웃돈을 주면 택시 호출 성공률을 높여주는 '스마트 호출' 서비스를 개시했다.\n기존의 무료 호출이 가까운 위치에 있는 택시기사에게 순차적으로 정보를 보내는 방식이었다면, '스마트 호출'은 인공지능(AI)이 예상 거리와 시간, 과거 운행 패턴, 교통 상황 등을 분석해 응답할 확률이 높은 기사에게 전달해준다.\n사용료는 1000 원으로 현행 콜비와 같다.\n카카오 홍보파트 윤승재 매니저는 \\\"업계와 기관과 협의를 거쳐 콜비 1000원으로 서비스를 시작했다\\\"며 \\\"택시 승차난을 해소하는 데 도움이 되기 위해 내놓은 방책\\\"이라고 말했다.\n이어, \\\"바로 배차를 해주는 '즉시배차' 서비스 도입은 조금 연기됐다\\\"며 \\\"서비스 모델과 가격 등을 업계, 기관과 논의해 빠른 시일 내에 출시할 것\\\"이라고 밝혔다.\n한편, 업계 반응은 차갑다.\n서울에서 택시를 운전하는 김 모 기사는 \\\"'콜비' 1000원에 승차난이 해결된다는 것은 현장을 모르는 소리\\\"라며 \\\"(기사들은) 호출을 받았을 때 대로나 대교로 이동해 빨리, 멀리 갈 수 있는 목적지를 선호하지, 절대 웃돈에 응답하지 않는다\\\"고 설명했다.\n택시 기사 박 모 씨는 \\\"콜비 1000원의 절반이 조금 넘는 돈이 택시 기사에게 돌아온다고 들었다\\\"며 \\\"그 돈 받느니, 장거리 호출을 기다리겠다\\\"고 말했다.\n택시 노조들은 카카오택시 유료화는 '꼼수'라며 결사반대하고 있다.\n전국택시노동조합연맹 임승훈 정책본부장은 \\\"카카오가 252억 원 주고 인수한 카풀 업체 '럭시'의 서비스를 합리화 하기 위한 꼼수\\\"라며 \\\"카카오택시 유료화 서비스는 카풀을 적법화 하기 위한 작업이지 택시기사를 위한게 아니다\\\"라고 말했다.\n현재 카풀 이용은 출퇴근 시간 외에는 불법이다.\n카풀에 관해 카카오 윤승재 매니저는 \\\"카풀 앱 럭시의 경우 24시간 운영이 아닌 택시 수요나 공급이 부족한 시간대에 이를 보완하는 방향으로 나아갈 계획\\\"이라며 \\\"업계 입장도 반영해 내부적으로 세부 계획을 세울 것\\\"이라고 밝혔다.",
    "partNum": "P1",
    "useType": 0,
    "processType": "D",
    "processPattern": "11",
    "processLevel": "하",
    "sentenceCount": 12,
    "sentenceInfo": [
      {
        "sentenceNo": 1,
        "sentenceContent": "카카오택시가 웃돈을 주면 택시 호출 성공률을 높여주는 '스마트 호출' 서비스를 개시했다.",
        "sentenceSize": 49
      },
      {
        "sentenceNo": 2,
        "sentenceContent": "기존의 무료 호출이 가까운 위치에 있는 택시기사에게 순차적으로 정보를 보내는 방식이었다면, '스마트 호출'은 인공지능(AI)이 예상 거리와 시간, 과거 운행 패턴, 교통 상황 등을 분석해 응답할 확률이 높은 기사에게 전달해준다.",
        "sentenceSize": 127
      },
      {
        "sentenceNo": 3,
        "sentenceContent": "사용료는 1000 원으로 현행 콜비와 같다.",
        "sentenceSize": 24
      },
      {
        "sentenceNo": 4,
        "sentenceContent": "카카오 홍보파트 윤승재 매니저는 \\\"업계와 기관과 협의를 거쳐 콜비 1000원으로 서비스를 시작했다\\\"며 \\\"택시 승차난을 해소하는 데 도움이 되기 위해 내놓은 방책\\\"이라고 말했다.",
        "sentenceSize": 102
      },
      {
        "sentenceNo": 5,
        "sentenceContent": "이어, \\\"바로 배차를 해주는 '즉시배차' 서비스 도입은 조금 연기됐다\\\"며 \\\"서비스 모델과 가격 등을 업계, 기관과 논의해 빠른 시일 내에 출시할 것\\\"이라고 밝혔다.",
        "sentenceSize": 95
      },
      {
        "sentenceNo": 6,
        "sentenceContent": "한편, 업계 반응은 차갑다.",
        "sentenceSize": 15
      },
      {
        "sentenceNo": 7,
        "sentenceContent": "서울에서 택시를 운전하는 김 모 기사는 \\\"'콜비' 1000원에 승차난이 해결된다는 것은 현장을 모르는 소리\\\"라며 \\\"(기사들은) 호출을 받았을 때 대로나 대교로 이동해 빨리, 멀리 갈 수 있는 목적지를 선호하지, 절대 웃돈에 응답하지 않는다\\\"고 설명했다.",
        "sentenceSize": 145
      },
      {
        "sentenceNo": 8,
        "sentenceContent": "택시 기사 박 모 씨는 \\\"콜비 1000원의 절반이 조금 넘는 돈이 택시 기사에게 돌아온다고 들었다\\\"며 \\\"그 돈 받느니, 장거리 호출을 기다리겠다\\\"고 말했다.",
        "sentenceSize": 91
      },
      {
        "sentenceNo": 9,
        "sentenceContent": "택시 노조들은 카카오택시 유료화는 '꼼수'라며 결사반대하고 있다.",
        "sentenceSize": 36
      },
      {
        "sentenceNo": 10,
        "sentenceContent": "전국택시노동조합연맹 임승훈 정책본부장은 \\\"카카오가 252억 원 주고 인수한 카풀 업체 '럭시'의 서비스를 합리화 하기 위한 꼼수\\\"라며 \\\"카카오택시 유료화 서비스는 카풀을 적법화 하기 위한 작업이지 택시기사를 위한게 아니다\\\"라고 말했다.",
        "sentenceSize": 135
      },
      {
        "sentenceNo": 11,
        "sentenceContent": "현재 카풀 이용은 출퇴근 시간 외에는 불법이다.",
        "sentenceSize": 26
      },
      {
        "sentenceNo": 12,
        "sentenceContent": "카풀에 관해 카카오 윤승재 매니저는 \\\"카풀 앱 럭시의 경우 24시간 운영이 아닌 택시 수요나 공급이 부족한 시간대에 이를 보완하는 방향으로 나아갈 계획\\\"이라며 \\\"업계 입장도 반영해 내부적으로 세부 계획을 세울 것\\\"이라고 밝혔다.",
        "sentenceSize": 131
      }
    ]
  },
  "labeledDataInfo": {
    "newTitle": "'웃돈 주면 택시 호출 성공'...택시 승차난 해결책인가, 카풀 서비스 꼼수인가!",
    "clickbaitClass": 0,
    "referSentenceInfo": [
      {
        "sentenceNo": 1,
        "referSentenceyn": "N"
      },
      {
        "sentenceNo": 2,
        "referSentenceyn": "N"
      },
      {
        "sentenceNo": 3,
        "referSentenceyn": "N"
      },
      {
        "sentenceNo": 4,
        "referSentenceyn": "N"
      },
      {
        "sentenceNo": 5,
        "referSentenceyn": "N"
      },
      {
        "sentenceNo": 6,
        "referSentenceyn": "N"
      },
      {
        "sentenceNo": 7,
        "referSentenceyn": "N"
      },
      {
        "sentenceNo": 8,
        "referSentenceyn": "N"
      },
      {
        "sentenceNo": 9,
        "referSentenceyn": "N"
      },
      {
        "sentenceNo": 10,
        "referSentenceyn": "Y"
      },
      {
        "sentenceNo": 11,
        "referSentenceyn": "N"
      },
      {
        "sentenceNo": 12,
        "referSentenceyn": "N"
      }
    ]
  }
}