{
  "sourceDataInfo": {
    "newsID": "EC_M02_156542",
    "newsCategory": "경제",
    "newsSubcategory": "건설부동산",
    "newsTitle": "GS건설, 대구 심장부 '대구역자이 더 스타' 분양 돌입",
    "newsSubTitle": "주상복합아파트, 생활인프라 이용 수월",
    "newsContent": "GS건설은 25일 대구역과 인접한 지역에 '대구역자이 더 스타' 견본주택을 열고 본격적인 분양에 돌입한다.\n대구역자이 더 스타는 대구시 북구 칠성동2가 일원에 들어서는 주상복합아파트다.\n지하 5층에서 지상 최고 47층 3개 동으로 아파트 424가구와 주거형 오피스텔 81호실 총 505가구 규모로 구성된다.\n대구역자이 더 스타는 대구도시철도 1호선과 경부선 대구역을 걸어서 이용할 수 있다.\n단지 바로 앞에 롯데백화점이 있고 동성로 상권과 칠성시장도 편리하게 이용할 수 있다.\n콘서트하우스 및 대구복합스포츠타운 등 문화생활 편의시설도 단지 인근이다.\n도보거리에는 옥산초등학교가 잇고 경명여중·고·칠성고도 가깝다.\n청약 일정은 오는 4월 4일 특별공급을 시작으로 5일 1순위(해당지역), 6일 1순위(기타지역), 7일 2순위 청약접수가 이뤄진다.\n당첨자 발표는 다음달 14일 예정이다.\n해당지역은 대구시 6개월 이상 거주자, 기타지역은 대구 6개월 미만 거주 혹은 경상북도 거주자를 대상으로 한다.\n입주는 오는 2025년 상반기 예정이다.\nGS건설 관계자는 데일리임팩트에 \\\"대구역자이 더 스타는 대구의 최중심인 대구역에 인접한 곳에 들어서는 만큼 자이 기술력과 노하우를 바탕으로 지역을 대표하는 랜드마크로 자리잡을 수 있도록 최선을 다하겠다\\\"라고 밝혔다.",
    "partNum": "P1",
    "useType": 0,
    "processType": "D",
    "processPattern": "14",
    "processLevel": "중",
    "sentenceCount": 12,
    "sentenceInfo": [
      {
        "sentenceNo": 1,
        "sentenceContent": "GS건설은 25일 대구역과 인접한 지역에 '대구역자이 더 스타' 견본주택을 열고 본격적인 분양에 돌입한다.",
        "sentenceSize": 59
      },
      {
        "sentenceNo": 2,
        "sentenceContent": "대구역자이 더 스타는 대구시 북구 칠성동2가 일원에 들어서는 주상복합아파트다.",
        "sentenceSize": 43
      },
      {
        "sentenceNo": 3,
        "sentenceContent": "지하 5층에서 지상 최고 47층 3개 동으로 아파트 424가구와 주거형 오피스텔 81호실 총 505가구 규모로 구성된다.",
        "sentenceSize": 67
      },
      {
        "sentenceNo": 4,
        "sentenceContent": "대구역자이 더 스타는 대구도시철도 1호선과 경부선 대구역을 걸어서 이용할 수 있다.",
        "sentenceSize": 46
      },
      {
        "sentenceNo": 5,
        "sentenceContent": "단지 바로 앞에 롯데백화점이 있고 동성로 상권과 칠성시장도 편리하게 이용할 수 있다.",
        "sentenceSize": 47
      },
      {
        "sentenceNo": 6,
        "sentenceContent": "콘서트하우스 및 대구복합스포츠타운 등 문화생활 편의시설도 단지 인근이다.",
        "sentenceSize": 40
      },
      {
        "sentenceNo": 7,
        "sentenceContent": "도보거리에는 옥산초등학교가 잇고 경명여중·고·칠성고도 가깝다.",
        "sentenceSize": 34
      },
      {
        "sentenceNo": 8,
        "sentenceContent": "청약 일정은 오는 4월 4일 특별공급을 시작으로 5일 1순위(해당지역), 6일 1순위(기타지역), 7일 2순위 청약접수가 이뤄진다.",
        "sentenceSize": 73
      },
      {
        "sentenceNo": 9,
        "sentenceContent": "당첨자 발표는 다음달 14일 예정이다.",
        "sentenceSize": 21
      },
      {
        "sentenceNo": 10,
        "sentenceContent": "해당지역은 대구시 6개월 이상 거주자, 기타지역은 대구 6개월 미만 거주 혹은 경상북도 거주자를 대상으로 한다.",
        "sentenceSize": 62
      },
      {
        "sentenceNo": 11,
        "sentenceContent": "입주는 오는 2025년 상반기 예정이다.",
        "sentenceSize": 22
      },
      {
        "sentenceNo": 12,
        "sentenceContent": "GS건설 관계자는 데일리임팩트에 \\\"대구역자이 더 스타는 대구의 최중심인 대구역에 인접한 곳에 들어서는 만큼 자이 기술력과 노하우를 바탕으로 지역을 대표하는 랜드마크로 자리잡을 수 있도록 최선을 다하겠다\\\"라고 밝혔다.",
        "sentenceSize": 122
      }
    ]
  },
  "labeledDataInfo": {
    "newTitle": "대구역 인근 '대구역자이 더 스타' 견본주택 열고 본격 분양 돌입! 머선 129",
    "clickbaitClass": 0,
    "referSentenceInfo": [
      {
        "sentenceNo": 1,
        "referSentenceyn": "Y"
      },
      {
        "sentenceNo": 2,
        "referSentenceyn": "N"
      },
      {
        "sentenceNo": 3,
        "referSentenceyn": "N"
      },
      {
        "sentenceNo": 4,
        "referSentenceyn": "N"
      },
      {
        "sentenceNo": 5,
        "referSentenceyn": "N"
      },
      {
        "sentenceNo": 6,
        "referSentenceyn": "N"
      },
      {
        "sentenceNo": 7,
        "referSentenceyn": "N"
      },
      {
        "sentenceNo": 8,
        "referSentenceyn": "N"
      },
      {
        "sentenceNo": 9,
        "referSentenceyn": "N"
      },
      {
        "sentenceNo": 10,
        "referSentenceyn": "N"
      },
      {
        "sentenceNo": 11,
        "referSentenceyn": "N"
      },
      {
        "sentenceNo": 12,
        "referSentenceyn": "N"
      }
    ]
  }
}