{
  "sourceDataInfo": {
    "newsID": "EC_M02_156506",
    "newsCategory": "경제",
    "newsSubcategory": "증권",
    "newsTitle": "대신증권 라임펀드 분조위 신청인, 조정안 '수락'",
    "newsSubTitle": "일부 투자자 경영진 형사 소송 예고 손해배상비율은 최대 80%로 합의",
    "newsContent": "금융감독원 금융분쟁조정위원회(분조위)에 분쟁조정을 신청한 대신증권 라임펀드 투자자가 분조위의 조정안을 수락했다.\n대신증권과 투자자 양측이 조정안을 수용함에 따라 대신증권 관련 라임펀드 분쟁조정은 일단락 될 것으로 보인다.\n27일 금융당국과 금융투자업계에 따르면 대신증권 라임펀드 분쟁조정 신청인 A씨는 대신증권에 최대 80%까지 배상하라고 분조위가 권고한 조정안을 받아들이겠다는 의사를 밝혔다.\n대신증권도 지난 9일 이사회를 열고 금감원 분조위의 이와 같은 조정안을 수용하기로 결정한 상태다.\n대신증권은 이번 주부터 투자자들과 개별 협의를 통해 분조위가 권고한 40~80% 수준으로 자율조정을 진행할 예정이다.\n다만 조정안을 수용한 A씨와 달리 일부 투자자들이 회사 측의 자율조정안을 받아들이지 않을 경우 개별 민사 소송으로 이어질 가능성도 배제할 수 없는 상황이다.\n또 투자자 측이 대신증권 경영진 등에 대한 형사 소송도 진행할 경우 갈등의 불씨는 더 커질 것이란 전망이다.\n손해배상 비율은 투자권유 위반 행위 여부, 투자자의 투자 경험, 가입점포 등에 따라 개인 40~80%, 법인 30~80%로 결정됐다.\n분조위가 권고한 최대 80% 수준 배상 비율은 '착오에 의한 계약취소(100%)'를 제외하고 기존 라임펀드 불완전판매에 대한 손해배상 비율로는 최고 수준이다.\n금융투자업계 관계자는 데일리임팩트에 \\\"오랜 분쟁 끝에 투자자들이 조정안을 수락한 것은 현재 상황에서 분조위가 권고한 최대 80% 배상비율보다 더 높은 배상비율을 받기 어려울 것이라는 판단하에 결정한 것으로 관측된다\\\"고 분석했다.",
    "partNum": "P1",
    "useType": 0,
    "processType": "D",
    "processPattern": "14",
    "processLevel": "중",
    "sentenceCount": 10,
    "sentenceInfo": [
      {
        "sentenceNo": 1,
        "sentenceContent": "금융감독원 금융분쟁조정위원회(분조위)에 분쟁조정을 신청한 대신증권 라임펀드 투자자가 분조위의 조정안을 수락했다.",
        "sentenceSize": 62
      },
      {
        "sentenceNo": 2,
        "sentenceContent": "대신증권과 투자자 양측이 조정안을 수용함에 따라 대신증권 관련 라임펀드 분쟁조정은 일단락 될 것으로 보인다.",
        "sentenceSize": 60
      },
      {
        "sentenceNo": 3,
        "sentenceContent": "27일 금융당국과 금융투자업계에 따르면 대신증권 라임펀드 분쟁조정 신청인 A씨는 대신증권에 최대 80%까지 배상하라고 분조위가 권고한 조정안을 받아들이겠다는 의사를 밝혔다.",
        "sentenceSize": 96
      },
      {
        "sentenceNo": 4,
        "sentenceContent": "대신증권도 지난 9일 이사회를 열고 금감원 분조위의 이와 같은 조정안을 수용하기로 결정한 상태다.",
        "sentenceSize": 54
      },
      {
        "sentenceNo": 5,
        "sentenceContent": "대신증권은 이번 주부터 투자자들과 개별 협의를 통해 분조위가 권고한 40~80% 수준으로 자율조정을 진행할 예정이다.",
        "sentenceSize": 65
      },
      {
        "sentenceNo": 6,
        "sentenceContent": "다만 조정안을 수용한 A씨와 달리 일부 투자자들이 회사 측의 자율조정안을 받아들이지 않을 경우 개별 민사 소송으로 이어질 가능성도 배제할 수 없는 상황이다.",
        "sentenceSize": 87
      },
      {
        "sentenceNo": 7,
        "sentenceContent": "또 투자자 측이 대신증권 경영진 등에 대한 형사 소송도 진행할 경우 갈등의 불씨는 더 커질 것이란 전망이다.",
        "sentenceSize": 60
      },
      {
        "sentenceNo": 8,
        "sentenceContent": "손해배상 비율은 투자권유 위반 행위 여부, 투자자의 투자 경험, 가입점포 등에 따라 개인 40~80%, 법인 30~80%로 결정됐다.",
        "sentenceSize": 74
      },
      {
        "sentenceNo": 9,
        "sentenceContent": "분조위가 권고한 최대 80% 수준 배상 비율은 '착오에 의한 계약취소(100%)'를 제외하고 기존 라임펀드 불완전판매에 대한 손해배상 비율로는 최고 수준이다.",
        "sentenceSize": 88
      },
      {
        "sentenceNo": 10,
        "sentenceContent": "금융투자업계 관계자는 데일리임팩트에 \\\"오랜 분쟁 끝에 투자자들이 조정안을 수락한 것은 현재 상황에서 분조위가 권고한 최대 80% 배상비율보다 더 높은 배상비율을 받기 어려울 것이라는 판단하에 결정한 것으로 관측된다\\\"고 분석했다.",
        "sentenceSize": 129
      }
    ]
  },
  "labeledDataInfo": {
    "newTitle": "분쟁조정 신청한 투자자, 어떤 각을 보는걸까?",
    "clickbaitClass": 0,
    "referSentenceInfo": [
      {
        "sentenceNo": 1,
        "referSentenceyn": "Y"
      },
      {
        "sentenceNo": 2,
        "referSentenceyn": "N"
      },
      {
        "sentenceNo": 3,
        "referSentenceyn": "N"
      },
      {
        "sentenceNo": 4,
        "referSentenceyn": "N"
      },
      {
        "sentenceNo": 5,
        "referSentenceyn": "N"
      },
      {
        "sentenceNo": 6,
        "referSentenceyn": "N"
      },
      {
        "sentenceNo": 7,
        "referSentenceyn": "N"
      },
      {
        "sentenceNo": 8,
        "referSentenceyn": "N"
      },
      {
        "sentenceNo": 9,
        "referSentenceyn": "N"
      },
      {
        "sentenceNo": 10,
        "referSentenceyn": "N"
      }
    ]
  }
}