{
  "sourceDataInfo": {
    "newsID": "EC_M02_155995",
    "newsCategory": "경제",
    "newsSubcategory": "은행",
    "newsTitle": "하나벤처스,'제4회 초기 스타트업 경진대회' 개최",
    "newsSubTitle": "수상 기업 3개 포함 총 9개 기업에 34억 원 투자",
    "newsContent": "하나금융그룹의 벤처캐피탈 자회사 하나벤처스는 지난 15일 오후 서울시 강남구 소재 본사에서 '제4회 초기 스타트업 경진대회'를 개최했다고 17일 밝혔다.\n지난 2020년 7월 처음 개최된 '초기 스타트업 경진대회'는 유망한 초기 스타트업을 발굴하고 선정된 스타트업의 빠른 성장지원을 위해 하나벤처스가 주최하는 투자 경진대회다.\n이번 대회에는 사업 준비 단계 또는 창업 3년 이내의 초기 스타트업을 대상으로 콘텐츠 키즈 인공지능 빅데이터 반려동물 아트 등 다양한 영역에서 초기 스타트업들이 참여했다.\n하나벤처스 심사역들은 이 가운데 비즈니스모델, 팀 역량, 차별화 기술 등을 중심으로 서면 및 대면 평가를 통해 최종 3개의 기업을 선정했다.\n이번 대회의 대상은 MZ세대를 위한 아트 컬렉틱 플랫폼을 개발·운영하는 '플리옥션'에게 돌아갔다.\n이어 최우수상에는 키베이직(생애 주기 맞춤형 반려동물 건강식품), 우수상은 파라스타엔터테인먼트(장애인 스타 발굴 및 육성 전문 엔터테인먼트사)가 차지했다.\n하나금융 관계자는 데일리임팩트에 \\\"이번 대회에서 수상한 3개 스타트업을 포함해 총 9개 스타트업에게 34억원의 투자협약서를 전달했다\\\"고 설명했다.\n한편, 하나벤처스는 향후에도 스타트업에 대한 투자 및 지속 성장을 지원할 예정한다는 방침이다.\n김동환 하나벤처스 대표는 \\\"초기 스타트업 경진대회가 횟수를 거듭할수록 다양한 분야에서 경쟁력 있는 벤처기업들이 지원해 대회의 다양성을 높여주고 있다\\\"며, \\\"스타트업 생태계 전반을 적극 지원해 스타트업과 함께 성장하는 금융파트너가 될 것\\\"이라고 밝혔다.",
    "partNum": "P1",
    "useType": 0,
    "processType": "D",
    "processPattern": "16",
    "processLevel": "상",
    "sentenceCount": 9,
    "sentenceInfo": [
      {
        "sentenceNo": 1,
        "sentenceContent": "하나금융그룹의 벤처캐피탈 자회사 하나벤처스는 지난 15일 오후 서울시 강남구 소재 본사에서 '제4회 초기 스타트업 경진대회'를 개최했다고 17일 밝혔다.",
        "sentenceSize": 85
      },
      {
        "sentenceNo": 2,
        "sentenceContent": "지난 2020년 7월 처음 개최된 '초기 스타트업 경진대회'는 유망한 초기 스타트업을 발굴하고 선정된 스타트업의 빠른 성장지원을 위해 하나벤처스가 주최하는 투자 경진대회다.",
        "sentenceSize": 96
      },
      {
        "sentenceNo": 3,
        "sentenceContent": "이번 대회에는 사업 준비 단계 또는 창업 3년 이내의 초기 스타트업을 대상으로 콘텐츠 키즈 인공지능 빅데이터 반려동물 아트 등 다양한 영역에서 초기 스타트업들이 참여했다.",
        "sentenceSize": 95
      },
      {
        "sentenceNo": 4,
        "sentenceContent": "하나벤처스 심사역들은 이 가운데 비즈니스모델, 팀 역량, 차별화 기술 등을 중심으로 서면 및 대면 평가를 통해 최종 3개의 기업을 선정했다.",
        "sentenceSize": 78
      },
      {
        "sentenceNo": 5,
        "sentenceContent": "이번 대회의 대상은 MZ세대를 위한 아트 컬렉틱 플랫폼을 개발·운영하는 '플리옥션'에게 돌아갔다.",
        "sentenceSize": 54
      },
      {
        "sentenceNo": 6,
        "sentenceContent": "이어 최우수상에는 키베이직(생애 주기 맞춤형 반려동물 건강식품), 우수상은 파라스타엔터테인먼트(장애인 스타 발굴 및 육성 전문 엔터테인먼트사)가 차지했다.",
        "sentenceSize": 86
      },
      {
        "sentenceNo": 7,
        "sentenceContent": "하나금융 관계자는 데일리임팩트에 \\\"이번 대회에서 수상한 3개 스타트업을 포함해 총 9개 스타트업에게 34억원의 투자협약서를 전달했다\\\"고 설명했다.",
        "sentenceSize": 83
      },
      {
        "sentenceNo": 8,
        "sentenceContent": "한편, 하나벤처스는 향후에도 스타트업에 대한 투자 및 지속 성장을 지원할 예정한다는 방침이다.",
        "sentenceSize": 52
      },
      {
        "sentenceNo": 9,
        "sentenceContent": "김동환 하나벤처스 대표는 \\\"초기 스타트업 경진대회가 횟수를 거듭할수록 다양한 분야에서 경쟁력 있는 벤처기업들이 지원해 대회의 다양성을 높여주고 있다\\\"며, \\\"스타트업 생태계 전반을 적극 지원해 스타트업과 함께 성장하는 금융파트너가 될 것\\\"이라고 밝혔다.",
        "sentenceSize": 144
      }
    ]
  },
  "labeledDataInfo": {
    "newTitle": "하나벤처스, \"적극 지원을 통하여 함께 성장하겠다\"",
    "clickbaitClass": 0,
    "referSentenceInfo": [
      {
        "sentenceNo": 1,
        "referSentenceyn": "N"
      },
      {
        "sentenceNo": 2,
        "referSentenceyn": "N"
      },
      {
        "sentenceNo": 3,
        "referSentenceyn": "N"
      },
      {
        "sentenceNo": 4,
        "referSentenceyn": "N"
      },
      {
        "sentenceNo": 5,
        "referSentenceyn": "N"
      },
      {
        "sentenceNo": 6,
        "referSentenceyn": "N"
      },
      {
        "sentenceNo": 7,
        "referSentenceyn": "N"
      },
      {
        "sentenceNo": 8,
        "referSentenceyn": "N"
      },
      {
        "sentenceNo": 9,
        "referSentenceyn": "Y"
      }
    ]
  }
}