{
  "sourceDataInfo": {
    "newsID": "EC_M02_157953",
    "newsCategory": "경제",
    "newsSubcategory": "산업",
    "newsTitle": "정호영 LG디스플레이 사장 \\\"미래사업 선점 위한 효과적인 운영체계 확립\\\"",
    "newsSubTitle": "정호영 사장, 각자의 자리에서 묵묵히 최선을 다해 준 임직원들에게 감사 인사 전해 \\\"LG디스플레이의 재도약 이루어 낸다는 긍지와 자부심으로 새해를 시작하자\\\" 강조",
    "newsContent": "정호영 LG디스플레이 사장이 신년사를 통해 미래사업 선점을 위한 효과적인 운영체계 확립을 주문했다.\n정 사장은 3일 \\\"올해는 융복합 제품으로의 혁신과 새로운 산업분야로의 확장이 디스플레이 산업의 새로운 미래를 열어가게 될 것\\\"이라며 \\\"시장경쟁 심화와 전 세계적인 공급망 문제는 여전히 숙제\\\"라고 관측했다.\n이어 \\\"기존 3개 사업부 체제를 대형과 중소형 양대 축으로 재편한 것과 관련해 사업 환경 변화에 유연하고 기민하게 대응하며 핵심역량을 강화하고 미래사업 기회의 선점에 보다 효과적인 운영체제가 확립되길 기대한다\\\"고 강조했다.\n정호영 사장은 지난해는 우리가 할 수 있다는 자신감을 회복한 해였다며, 각자의 자리에서 묵묵히 최선을 다해 준 구성원들에게 감사 인사를 전했다.\n그는 \\\"우리 안에 내재된 잠재력과 실력을 발휘해 삶의 혁신과 LG디스플레이의 재도약을 이루어 낸다는 긍지와 자부심으로 힘차게 새해를 시작하자\\\"고 피력했다.\n이를 기반으로 올 한해 함께 실천해야 할 5대 핵심과제로 고객가치혁신 체질화, 새로운 시장 창출, 근본 경쟁력과 핵심역량 강화, 창의적이고 스마트한 LGD만의 문화 정착 등을 제시했다.\n정호영 사장은 급변하는 사업 환경에서도 변하지 않는 핵심 원칙은 모든 경영활동의 출발점이자 귀결점은 '고객'에 있다는 점을 꼽았다.\n경영활동의 전 영역에서 고객을 모든 업무와 의사결정의 기준으로 삼아야 한다고 거듭 강조했다.\n이어 \\\"고객의 애로사항과 니즈를 명확히 파악하고 개선해 나가야 하고, 나아가 고객의 마음을 앞서 읽고 선제적인 제안을 통해 새로운 고객경험을 제공하는 단계로 진화해야 한다\\\"고 당부했다.\n그러면서 \\\"전통적 수급형 사업구조에서 벗어나 수주형 사업 비중을 확대해 가고 있으며, 앞으로는 이전에 없던 고객경험을 제공할 수 있는 '시장창출형' 사업을 적극 추진해 가고자 한다\\\"며 \\\"세분화된 고객전략을 바탕으로 고수익 신규시장 창출을 가속화하고 교통, 건축 등 다양한 분야와 협업해 나갈 것\\\"이라고 말했다.\n특히 \\\"올해부터 게임, 투명 등 차별화된 신규 사업분야에 본격 진입하게 될 것이라며 시장, 고객에 대한 철저한 분석과 치밀한 준비, 외부 협업으로 통해 자신감 있게 도전할 것\\\"이라고 당부했다.\n또한 \\\"경영 전반의 근본경쟁력을 최고수준으로 만들어야 한다\\\"며 \\\"R&D 분야에서는 주도적인 미래준비를 강화하는 동시에 전략고객과의 협업 강도와 속도를 높여가야 하고 제조 분야는 자동화와 지능화를 중심으로 한 제조 혁신을 강도 높게 추진해 공급망의 안정적 운영기반을 강화해야 한다\\\"고 주문했다.\n디스플레이 산업에 대해서는 \\\"시장세분화 추세속에서 다양성이 차별화된 강점이 되도록 최적화된 운영으로 전체 사업구조를 고도화하고 각 분야의 구성원이 명확한 미래비전을 갖도록 하는 것이 매우 중요한 과제\\\"라며 \\\"창의적인 발상과 시도, 스마트한 접근이 이뤄질 수 있도록 하겠다\\\"고 강조했다.\n아울러 \\\"우리는 경영 정상화와 근본 경쟁력 강화를 위해 노력해 왔고, 이제는 우리 안에 내재된 잠재력과 실력을 제대로 발휘할 때\\\"라며 \\\"삶의 혁신과 LG디스플레이의 재도약을 이루어 낸다는 긍지와 자부심으로 우리 모두 힘차게 새해를 시작하자\\\"고 덧붙였다.\nLG디스플레이 관계자는 데일리임팩트에 \\\"과거 전통적인 디스플레이 시장과 함게 이제는 투명과 게임 등 코로나19로 인해 확대되는 시장도 적극적으로 공략하겠다는 메시지\\\"라고 전했다.",
    "partNum": "P1",
    "useType": 0,
    "processType": "D",
    "processPattern": "11",
    "processLevel": "하",
    "sentenceCount": 15,
    "sentenceInfo": [
      {
        "sentenceNo": 1,
        "sentenceContent": "정호영 LG디스플레이 사장이 신년사를 통해 미래사업 선점을 위한 효과적인 운영체계 확립을 주문했다.",
        "sentenceSize": 55
      },
      {
        "sentenceNo": 2,
        "sentenceContent": "정 사장은 3일 \\\"올해는 융복합 제품으로의 혁신과 새로운 산업분야로의 확장이 디스플레이 산업의 새로운 미래를 열어가게 될 것\\\"이라며 \\\"시장경쟁 심화와 전 세계적인 공급망 문제는 여전히 숙제\\\"라고 관측했다.",
        "sentenceSize": 118
      },
      {
        "sentenceNo": 3,
        "sentenceContent": "이어 \\\"기존 3개 사업부 체제를 대형과 중소형 양대 축으로 재편한 것과 관련해 사업 환경 변화에 유연하고 기민하게 대응하며 핵심역량을 강화하고 미래사업 기회의 선점에 보다 효과적인 운영체제가 확립되길 기대한다\\\"고 강조했다.",
        "sentenceSize": 126
      },
      {
        "sentenceNo": 4,
        "sentenceContent": "정호영 사장은 지난해는 우리가 할 수 있다는 자신감을 회복한 해였다며, 각자의 자리에서 묵묵히 최선을 다해 준 구성원들에게 감사 인사를 전했다.",
        "sentenceSize": 80
      },
      {
        "sentenceNo": 5,
        "sentenceContent": "그는 \\\"우리 안에 내재된 잠재력과 실력을 발휘해 삶의 혁신과 LG디스플레이의 재도약을 이루어 낸다는 긍지와 자부심으로 힘차게 새해를 시작하자\\\"고 피력했다.",
        "sentenceSize": 88
      },
      {
        "sentenceNo": 6,
        "sentenceContent": "이를 기반으로 올 한해 함께 실천해야 할 5대 핵심과제로 고객가치혁신 체질화, 새로운 시장 창출, 근본 경쟁력과 핵심역량 강화, 창의적이고 스마트한 LGD만의 문화 정착 등을 제시했다.",
        "sentenceSize": 103
      },
      {
        "sentenceNo": 7,
        "sentenceContent": "정호영 사장은 급변하는 사업 환경에서도 변하지 않는 핵심 원칙은 모든 경영활동의 출발점이자 귀결점은 '고객'에 있다는 점을 꼽았다.",
        "sentenceSize": 73
      },
      {
        "sentenceNo": 8,
        "sentenceContent": "경영활동의 전 영역에서 고객을 모든 업무와 의사결정의 기준으로 삼아야 한다고 거듭 강조했다.",
        "sentenceSize": 51
      },
      {
        "sentenceNo": 9,
        "sentenceContent": "이어 \\\"고객의 애로사항과 니즈를 명확히 파악하고 개선해 나가야 하고, 나아가 고객의 마음을 앞서 읽고 선제적인 제안을 통해 새로운 고객경험을 제공하는 단계로 진화해야 한다\\\"고 당부했다.",
        "sentenceSize": 105
      },
      {
        "sentenceNo": 10,
        "sentenceContent": "그러면서 \\\"전통적 수급형 사업구조에서 벗어나 수주형 사업 비중을 확대해 가고 있으며, 앞으로는 이전에 없던 고객경험을 제공할 수 있는 '시장창출형' 사업을 적극 추진해 가고자 한다\\\"며 \\\"세분화된 고객전략을 바탕으로 고수익 신규시장 창출을 가속화하고 교통, 건축 등 다양한 분야와 협업해 나갈 것\\\"이라고 말했다.",
        "sentenceSize": 177
      },
      {
        "sentenceNo": 11,
        "sentenceContent": "특히 \\\"올해부터 게임, 투명 등 차별화된 신규 사업분야에 본격 진입하게 될 것이라며 시장, 고객에 대한 철저한 분석과 치밀한 준비, 외부 협업으로 통해 자신감 있게 도전할 것\\\"이라고 당부했다.",
        "sentenceSize": 109
      },
      {
        "sentenceNo": 12,
        "sentenceContent": "또한 \\\"경영 전반의 근본경쟁력을 최고수준으로 만들어야 한다\\\"며 \\\"R&D 분야에서는 주도적인 미래준비를 강화하는 동시에 전략고객과의 협업 강도와 속도를 높여가야 하고 제조 분야는 자동화와 지능화를 중심으로 한 제조 혁신을 강도 높게 추진해 공급망의 안정적 운영기반을 강화해야 한다\\\"고 주문했다.",
        "sentenceSize": 167
      },
      {
        "sentenceNo": 13,
        "sentenceContent": "디스플레이 산업에 대해서는 \\\"시장세분화 추세속에서 다양성이 차별화된 강점이 되도록 최적화된 운영으로 전체 사업구조를 고도화하고 각 분야의 구성원이 명확한 미래비전을 갖도록 하는 것이 매우 중요한 과제\\\"라며 \\\"창의적인 발상과 시도, 스마트한 접근이 이뤄질 수 있도록 하겠다\\\"고 강조했다.",
        "sentenceSize": 163
      },
      {
        "sentenceNo": 14,
        "sentenceContent": "아울러 \\\"우리는 경영 정상화와 근본 경쟁력 강화를 위해 노력해 왔고, 이제는 우리 안에 내재된 잠재력과 실력을 제대로 발휘할 때\\\"라며 \\\"삶의 혁신과 LG디스플레이의 재도약을 이루어 낸다는 긍지와 자부심으로 우리 모두 힘차게 새해를 시작하자\\\"고 덧붙였다.",
        "sentenceSize": 145
      },
      {
        "sentenceNo": 15,
        "sentenceContent": "LG디스플레이 관계자는 데일리임팩트에 \\\"과거 전통적인 디스플레이 시장과 함게 이제는 투명과 게임 등 코로나19로 인해 확대되는 시장도 적극적으로 공략하겠다는 메시지\\\"라고 전했다.",
        "sentenceSize": 101
      }
    ]
  },
  "labeledDataInfo": {
    "newTitle": "LG디스플레이 정호영, 신년사를 통해 주문한 것은?",
    "clickbaitClass": 0,
    "referSentenceInfo": [
      {
        "sentenceNo": 1,
        "referSentenceyn": "Y"
      },
      {
        "sentenceNo": 2,
        "referSentenceyn": "N"
      },
      {
        "sentenceNo": 3,
        "referSentenceyn": "N"
      },
      {
        "sentenceNo": 4,
        "referSentenceyn": "N"
      },
      {
        "sentenceNo": 5,
        "referSentenceyn": "N"
      },
      {
        "sentenceNo": 6,
        "referSentenceyn": "N"
      },
      {
        "sentenceNo": 7,
        "referSentenceyn": "N"
      },
      {
        "sentenceNo": 8,
        "referSentenceyn": "N"
      },
      {
        "sentenceNo": 9,
        "referSentenceyn": "N"
      },
      {
        "sentenceNo": 10,
        "referSentenceyn": "N"
      },
      {
        "sentenceNo": 11,
        "referSentenceyn": "N"
      },
      {
        "sentenceNo": 12,
        "referSentenceyn": "N"
      },
      {
        "sentenceNo": 13,
        "referSentenceyn": "N"
      },
      {
        "sentenceNo": 14,
        "referSentenceyn": "N"
      },
      {
        "sentenceNo": 15,
        "referSentenceyn": "N"
      }
    ]
  }
}