{
  "sourceDataInfo": {
    "newsID": "EC_M02_158028",
    "newsCategory": "경제",
    "newsSubcategory": "산업",
    "newsTitle": "폐가스전을 탄소 저장고로...SK E&S, 바유운단 CCS 허브로 구축",
    "newsSubTitle": "생산 과정에서 발생하는 350만톤 이산화탄소 전량 상쇄 계획",
    "newsContent": "SK E&S가 생산 종료된 가스전을 이산화탄소 저장고로 재활용하는 'CCS 프로젝트'를 시작한다.\nSK E&S는 동티모르 해상에 위치한 바유운단 천연가스 생산설비를 탄소포집(CCS) 시설로 전환하기 위한 기본 설계에 착수했다고 11일 밝혔다.\n바유운단 가스전은 SK E&S를 포함해 글로벌 에너지 기업 5개사가 지분을 공동 보유하고 있는 시설로 생산 종료를 앞두고 있다.\nSK E&S와 4개 파트너사들은 그동안 함께 검토한 탄소포집 기술, 수송, 저장 전 과정에 대한 분석을 통해 상세 설계에 따른 투자비를 구체화해 왔다.\n앞서 SK E&S는 2012년부터 개발에 참여해온 호주 바로사 가스전에 CCS기술을 적용해 저탄소 LNG를 생산하고 2025년부터 20년간 연평균 약 100만톤을 국내로 도입해 블루수소 생산 등에 사용하는 계획을 지난해 3월 밝힌 바 있다.\n설비가 구축되고 운송이 시작하면 바로사 가스전에서 생산하는 천연가스는 호주 육상의 다윈 LNG 액화 플랜트로 운송되어 탄소 포집 설비를 통해 이산화탄소를 분리하게 된다.\n포집된 이산화탄소는 바유운단의 천연가스 운송을 위해 보유하고 있던 파이프라인을 통해 500KM 떨어진 바유운단 폐가스전으로 운송, 지하 3km에 위치한 사암층에 영구적으로 저장하게 된다.\nSK E&S는 이를 통해 연간 100만톤의 저탄소 LNG를 생산할 것으로 추정하고 있다.\nSK E&S가 추정하는 탄소 배출량은 연간 350만톤이다.\nSK E&S 관계자는 데일리임팩트에 \\\"배출량 350만톤 중 200만톤은 탄소포집 기술로 바유운단 폐가스전에 지중 저장하고 나머지 150만톤은 탄소배출권 구매 등 다양한 방식으로 전량 상쇄할 것\\\"이라고 밝혔다.\nSK E&S는 이번 프로젝트가 바로사 가스전에서 발생하는 이산화탄소뿐만 아니라, 향후 국내 블루수소 생산 과정에서 나오는 이산화탄소까지 처리할 수 있는 해외 이산화탄소 저장소를 확보하게 된다는 점에서 의미가 있다고 설명했다.\n이를 위해 SK E&S는 바유운단 가스전의 기존 생산 설비 및 해저 파이프라인 등을 CO2 수송·주입 설비로 재활용해 사업 경제성 제고에도 힘쓸 예정이다.\n연간 약 1000만톤의 CO2 저장이 가능한 바유운단 CCS는 향후 처리 규모가 더 확대될 가능성도 있어 앞으로 호주 및 아시아 지역에서 늘어나는 CCS 수요를 커버할 수 있을 것으로 전망된다.\nSK E&S는 기본설계 추진과 더불어 올해 호주-동티모르 정부와 CCS 프로젝트 추진을 위한 인허가 등의 관련 절차를 거쳐 내년 초 CCS 설비 구축에 본격 착수할 예정이다.",
    "partNum": "P1",
    "useType": 0,
    "processType": "D",
    "processPattern": "11",
    "processLevel": "하",
    "sentenceCount": 14,
    "sentenceInfo": [
      {
        "sentenceNo": 1,
        "sentenceContent": "SK E&S가 생산 종료된 가스전을 이산화탄소 저장고로 재활용하는 'CCS 프로젝트'를 시작한다.",
        "sentenceSize": 54
      },
      {
        "sentenceNo": 2,
        "sentenceContent": "SK E&S는 동티모르 해상에 위치한 바유운단 천연가스 생산설비를 탄소포집(CCS) 시설로 전환하기 위한 기본 설계에 착수했다고 11일 밝혔다.",
        "sentenceSize": 80
      },
      {
        "sentenceNo": 3,
        "sentenceContent": "바유운단 가스전은 SK E&S를 포함해 글로벌 에너지 기업 5개사가 지분을 공동 보유하고 있는 시설로 생산 종료를 앞두고 있다.",
        "sentenceSize": 71
      },
      {
        "sentenceNo": 4,
        "sentenceContent": "SK E&S와 4개 파트너사들은 그동안 함께 검토한 탄소포집 기술, 수송, 저장 전 과정에 대한 분석을 통해 상세 설계에 따른 투자비를 구체화해 왔다.",
        "sentenceSize": 84
      },
      {
        "sentenceNo": 5,
        "sentenceContent": "앞서 SK E&S는 2012년부터 개발에 참여해온 호주 바로사 가스전에 CCS기술을 적용해 저탄소 LNG를 생산하고 2025년부터 20년간 연평균 약 100만톤을 국내로 도입해 블루수소 생산 등에 사용하는 계획을 지난해 3월 밝힌 바 있다.",
        "sentenceSize": 134
      },
      {
        "sentenceNo": 6,
        "sentenceContent": "설비가 구축되고 운송이 시작하면 바로사 가스전에서 생산하는 천연가스는 호주 육상의 다윈 LNG 액화 플랜트로 운송되어 탄소 포집 설비를 통해 이산화탄소를 분리하게 된다.",
        "sentenceSize": 94
      },
      {
        "sentenceNo": 7,
        "sentenceContent": "포집된 이산화탄소는 바유운단의 천연가스 운송을 위해 보유하고 있던 파이프라인을 통해 500KM 떨어진 바유운단 폐가스전으로 운송, 지하 3km에 위치한 사암층에 영구적으로 저장하게 된다.",
        "sentenceSize": 104
      },
      {
        "sentenceNo": 8,
        "sentenceContent": "SK E&S는 이를 통해 연간 100만톤의 저탄소 LNG를 생산할 것으로 추정하고 있다.",
        "sentenceSize": 49
      },
      {
        "sentenceNo": 9,
        "sentenceContent": "SK E&S가 추정하는 탄소 배출량은 연간 350만톤이다.",
        "sentenceSize": 32
      },
      {
        "sentenceNo": 10,
        "sentenceContent": "SK E&S 관계자는 데일리임팩트에 \\\"배출량 350만톤 중 200만톤은 탄소포집 기술로 바유운단 폐가스전에 지중 저장하고 나머지 150만톤은 탄소배출권 구매 등 다양한 방식으로 전량 상쇄할 것\\\"이라고 밝혔다.",
        "sentenceSize": 118
      },
      {
        "sentenceNo": 11,
        "sentenceContent": "SK E&S는 이번 프로젝트가 바로사 가스전에서 발생하는 이산화탄소뿐만 아니라, 향후 국내 블루수소 생산 과정에서 나오는 이산화탄소까지 처리할 수 있는 해외 이산화탄소 저장소를 확보하게 된다는 점에서 의미가 있다고 설명했다.",
        "sentenceSize": 125
      },
      {
        "sentenceNo": 12,
        "sentenceContent": "이를 위해 SK E&S는 바유운단 가스전의 기존 생산 설비 및 해저 파이프라인 등을 CO2 수송·주입 설비로 재활용해 사업 경제성 제고에도 힘쓸 예정이다.",
        "sentenceSize": 86
      },
      {
        "sentenceNo": 13,
        "sentenceContent": "연간 약 1000만톤의 CO2 저장이 가능한 바유운단 CCS는 향후 처리 규모가 더 확대될 가능성도 있어 앞으로 호주 및 아시아 지역에서 늘어나는 CCS 수요를 커버할 수 있을 것으로 전망된다.",
        "sentenceSize": 108
      },
      {
        "sentenceNo": 14,
        "sentenceContent": "SK E&S는 기본설계 추진과 더불어 올해 호주-동티모르 정부와 CCS 프로젝트 추진을 위한 인허가 등의 관련 절차를 거쳐 내년 초 CCS 설비 구축에 본격 착수할 예정이다.",
        "sentenceSize": 97
      }
    ]
  },
  "labeledDataInfo": {
    "newTitle": "SK E&S가 시작하는 'CCS 프로젝트'... 무엇을 노렸을까?",
    "clickbaitClass": 0,
    "referSentenceInfo": [
      {
        "sentenceNo": 1,
        "referSentenceyn": "N"
      },
      {
        "sentenceNo": 2,
        "referSentenceyn": "N"
      },
      {
        "sentenceNo": 3,
        "referSentenceyn": "N"
      },
      {
        "sentenceNo": 4,
        "referSentenceyn": "N"
      },
      {
        "sentenceNo": 5,
        "referSentenceyn": "N"
      },
      {
        "sentenceNo": 6,
        "referSentenceyn": "N"
      },
      {
        "sentenceNo": 7,
        "referSentenceyn": "N"
      },
      {
        "sentenceNo": 8,
        "referSentenceyn": "N"
      },
      {
        "sentenceNo": 9,
        "referSentenceyn": "N"
      },
      {
        "sentenceNo": 10,
        "referSentenceyn": "N"
      },
      {
        "sentenceNo": 11,
        "referSentenceyn": "Y"
      },
      {
        "sentenceNo": 12,
        "referSentenceyn": "N"
      },
      {
        "sentenceNo": 13,
        "referSentenceyn": "N"
      },
      {
        "sentenceNo": 14,
        "referSentenceyn": "N"
      }
    ]
  }
}