{
  "sourceDataInfo": {
    "newsID": "EC_M02_157792",
    "newsCategory": "경제",
    "newsSubcategory": "은행",
    "newsTitle": "'ESG금융 강화' NH농협은행, 우수농식품 기업 지원 대출 1조원 돌파",
    "newsSubTitle": "우수농식품기업 지원하는 'NH농식품그린성장론' 잔액 1조원 넘어 \\\"ESG금융을 포함해 정부의 그린뉴딜 정책에 적극 부응할 것\\\" 강조",
    "newsContent": "NH농협은행이 ESG(환경‧사회‧지배구조)경영 실천을 위한 금융지원에 적극 나선다.\nNH농협은행은 지난 11일 ESG실천 우수농식품기업 지원을 위한 NH농식품그린성장론 잔액이 1조원을 돌파했다고 14일 밝혔다.\n지난 3월 상품 출시 이후, 4개월 만에 대출잔액 5000억원을 돌파한 NH농식품그린성장론은 이후 2개월여만에 1조원을 넘어설 정도로 성장속도가 가파르다.\n농협은행 관계자는 미디어SR에 \\\"이번 상품은 친환경·사회적 농업·농식품기업을 지원하는 대표 여신상품으로 입소문을 타면서 대출 증가속도가 점점 빨라지고 있다\\\"고 설명했다.\n특히 대부분 중소기업, 농업인, 개인사업자 위주 여신상품의 평균 대출금액이 2~3억원이라는점을 감안하면 출시 7개월만에 1조원 돌파는 주목할 하다는 것이 농협은행측의 설명이다.\n농협은행은 ESG라는 표현이 본격적으로 사용되기 이전부터 매년 2조원 이상의 자금을 농식품기업에 지원하며 친환경 농식품기업·신재생에너지 활용기업·스마트팜 농가 등의 성장을 도왔다.\n여기에 농식품기업컨설팅, 농업금융컨설팅을 통해 업체 맞춤형 경영 해법 지원으로 농업·농식품분야 ESG 확대에 지속적으로 앞장서온 바 있다.\n농협은행측은 \\\"NH농식품그린성장론 출시 및 단기간 1조원 달성을 통해 농업·농식품분야 ESG 실천기업에 대한 금융지원 확대 발판을 공고화했다는 평가를 받고 있다\\\"며 \\\"이를 기반으로 농협은행은 6월 기준 전체 농식품기업여신 잔액이 26조 5000억원을 넘어섰다\\\"고 밝혔다.\n한편 농협은행은 앞으로도 농식품금융 전문은행으로서 지속적인 자금 지원뿐만 아니라, 그린분야 내부 전문가인 GD(Green Director) 육성도 병행할 계획이다.\n이밖에 대외적으로는 ESG 실천 우수기업을 지속 발굴하는 등 친환경‧저탄소 사회 구축에 더욱 힘을 보태기로 했다.\n권준학 은행장은 \\\"농업·농식품기업에 대한 지원이 ESG 실천이라는 사명감으로 정부의 그린뉴딜 사업에 부응할 것\\\"이라며 \\\"농업인 지원 및 농산업 가치 제고에도 최선의 노력을 다하겠다\\\"고 밝혔다.",
    "partNum": "P1",
    "useType": 0,
    "processType": "D",
    "processPattern": "11",
    "processLevel": "하",
    "sentenceCount": 11,
    "sentenceInfo": [
      {
        "sentenceNo": 1,
        "sentenceContent": "NH농협은행이 ESG(환경‧사회‧지배구조)경영 실천을 위한 금융지원에 적극 나선다.",
        "sentenceSize": 46
      },
      {
        "sentenceNo": 2,
        "sentenceContent": "NH농협은행은 지난 11일 ESG실천 우수농식품기업 지원을 위한 NH농식품그린성장론 잔액이 1조원을 돌파했다고 14일 밝혔다.",
        "sentenceSize": 70
      },
      {
        "sentenceNo": 3,
        "sentenceContent": "지난 3월 상품 출시 이후, 4개월 만에 대출잔액 5000억원을 돌파한 NH농식품그린성장론은 이후 2개월여만에 1조원을 넘어설 정도로 성장속도가 가파르다.",
        "sentenceSize": 86
      },
      {
        "sentenceNo": 4,
        "sentenceContent": "농협은행 관계자는 미디어SR에 \\\"이번 상품은 친환경·사회적 농업·농식품기업을 지원하는 대표 여신상품으로 입소문을 타면서 대출 증가속도가 점점 빨라지고 있다\\\"고 설명했다.",
        "sentenceSize": 96
      },
      {
        "sentenceNo": 5,
        "sentenceContent": "특히 대부분 중소기업, 농업인, 개인사업자 위주 여신상품의 평균 대출금액이 2~3억원이라는점을 감안하면 출시 7개월만에 1조원 돌파는 주목할 하다는 것이 농협은행측의 설명이다.",
        "sentenceSize": 98
      },
      {
        "sentenceNo": 6,
        "sentenceContent": "농협은행은 ESG라는 표현이 본격적으로 사용되기 이전부터 매년 2조원 이상의 자금을 농식품기업에 지원하며 친환경 농식품기업·신재생에너지 활용기업·스마트팜 농가 등의 성장을 도왔다.",
        "sentenceSize": 100
      },
      {
        "sentenceNo": 7,
        "sentenceContent": "여기에 농식품기업컨설팅, 농업금융컨설팅을 통해 업체 맞춤형 경영 해법 지원으로 농업·농식품분야 ESG 확대에 지속적으로 앞장서온 바 있다.",
        "sentenceSize": 77
      },
      {
        "sentenceNo": 8,
        "sentenceContent": "농협은행측은 \\\"NH농식품그린성장론 출시 및 단기간 1조원 달성을 통해 농업·농식품분야 ESG 실천기업에 대한 금융지원 확대 발판을 공고화했다는 평가를 받고 있다\\\"며 \\\"이를 기반으로 농협은행은 6월 기준 전체 농식품기업여신 잔액이 26조 5000억원을 넘어섰다\\\"고 밝혔다.",
        "sentenceSize": 155
      },
      {
        "sentenceNo": 9,
        "sentenceContent": "한편 농협은행은 앞으로도 농식품금융 전문은행으로서 지속적인 자금 지원뿐만 아니라, 그린분야 내부 전문가인 GD(Green Director) 육성도 병행할 계획이다.",
        "sentenceSize": 91
      },
      {
        "sentenceNo": 10,
        "sentenceContent": "이밖에 대외적으로는 ESG 실천 우수기업을 지속 발굴하는 등 친환경‧저탄소 사회 구축에 더욱 힘을 보태기로 했다.",
        "sentenceSize": 63
      },
      {
        "sentenceNo": 11,
        "sentenceContent": "권준학 은행장은 \\\"농업·농식품기업에 대한 지원이 ESG 실천이라는 사명감으로 정부의 그린뉴딜 사업에 부응할 것\\\"이라며 \\\"농업인 지원 및 농산업 가치 제고에도 최선의 노력을 다하겠다\\\"고 밝혔다.",
        "sentenceSize": 111
      }
    ]
  },
  "labeledDataInfo": {
    "newTitle": "NH농협은행, 'NH농식품그린성장론 잔액 1조원 돌파' 비결은?",
    "clickbaitClass": 0,
    "referSentenceInfo": [
      {
        "sentenceNo": 1,
        "referSentenceyn": "N"
      },
      {
        "sentenceNo": 2,
        "referSentenceyn": "Y"
      },
      {
        "sentenceNo": 3,
        "referSentenceyn": "N"
      },
      {
        "sentenceNo": 4,
        "referSentenceyn": "N"
      },
      {
        "sentenceNo": 5,
        "referSentenceyn": "N"
      },
      {
        "sentenceNo": 6,
        "referSentenceyn": "N"
      },
      {
        "sentenceNo": 7,
        "referSentenceyn": "N"
      },
      {
        "sentenceNo": 8,
        "referSentenceyn": "N"
      },
      {
        "sentenceNo": 9,
        "referSentenceyn": "N"
      },
      {
        "sentenceNo": 10,
        "referSentenceyn": "N"
      },
      {
        "sentenceNo": 11,
        "referSentenceyn": "N"
      }
    ]
  }
}