{
  "sourceDataInfo": {
    "newsID": "EC_M02_156011",
    "newsCategory": "경제",
    "newsSubcategory": "은행",
    "newsTitle": "KB금융 노조추천 이사 선임 부결…5번째 도전도 '실패'",
    "newsSubTitle": "김영수 전 수출입은행 부행장 사외이사 선임건 부결 윤종규 회장 \\\"주주 표결 결과, 성찰의 계기로 삼아야\\\"",
    "newsContent": "KB금융 노동조합협의회(이하 KB노조)가 주주 제안 방식으로 제안한 김영수 전 한국수출입은행 부행장의 신임 사외이사 추천 건이 주총의 문턱을 넘지 못했다.\n이로써 민간 금융사의 첫 노조추천 사외이사 선임은 다음 기회로 미뤄지게 됐다.\n25일 금융업계에 따르면 이날 오전 진행된 KB금융그룹 정기 주주총회에서 제 6호 의안으로 부의된 김영수 전 한국수출입은행 부행장에 대한 사외이사 선임 안건이 부결됐다.\n이로써 지난 2017년부터 도전해온 KB금융 노조의 다섯 번째 사외이사 추천은 실패로 돌아갔다.\n그동안 KB금융 노조는 수출입은행 부행장을 지낸 김영수 사외이사 후보가 경쟁지주사에 비해 상대적으로 글로벌 경쟁력이 떨어지는 KB금융에서 적잖은 역할을 할 수 있다고 주장해왔다.\n하지만 대다수 의결권 자문사들과 주주들은 KB금융의 글로벌 경쟁력이 떨어진다는 노조의 주장에 명확한 근거가 없다며 반대 입장을 내왔다.\n주총에 참석한 류제강 KB금융 노조위원장은 \\\"이번 사외이사 추천은 노조의 입장을 대변하기 위한 것이 아닌, KB금융의 취약점(해외사업 리스크 관리)를 보완하기 위한 것\\\"이었다며 \\\"이번 노조 사외이사 추천의 취지까지 왜곡되지는 않았으면 한다\\\"라고 말했다.\n한편 주총에 참석한 윤종규 KB금융 회장은 \\\"사외이사 후보를 추천한 노동자 조합에서도 이번 주주들의 표결 결과를 무거운 의미로 받아들이고 다시 겸허하게 성찰할 수 있는 계기가 됐으면 좋겠다\\\"라고 언급했다.",
    "partNum": "P1",
    "useType": 0,
    "processType": "D",
    "processPattern": "16",
    "processLevel": "상",
    "sentenceCount": 8,
    "sentenceInfo": [
      {
        "sentenceNo": 1,
        "sentenceContent": "KB금융 노동조합협의회(이하 KB노조)가 주주 제안 방식으로 제안한 김영수 전 한국수출입은행 부행장의 신임 사외이사 추천 건이 주총의 문턱을 넘지 못했다.",
        "sentenceSize": 86
      },
      {
        "sentenceNo": 2,
        "sentenceContent": "이로써 민간 금융사의 첫 노조추천 사외이사 선임은 다음 기회로 미뤄지게 됐다.",
        "sentenceSize": 43
      },
      {
        "sentenceNo": 3,
        "sentenceContent": "25일 금융업계에 따르면 이날 오전 진행된 KB금융그룹 정기 주주총회에서 제 6호 의안으로 부의된 김영수 전 한국수출입은행 부행장에 대한 사외이사 선임 안건이 부결됐다.",
        "sentenceSize": 94
      },
      {
        "sentenceNo": 4,
        "sentenceContent": "이로써 지난 2017년부터 도전해온 KB금융 노조의 다섯 번째 사외이사 추천은 실패로 돌아갔다.",
        "sentenceSize": 53
      },
      {
        "sentenceNo": 5,
        "sentenceContent": "그동안 KB금융 노조는 수출입은행 부행장을 지낸 김영수 사외이사 후보가 경쟁지주사에 비해 상대적으로 글로벌 경쟁력이 떨어지는 KB금융에서 적잖은 역할을 할 수 있다고 주장해왔다.",
        "sentenceSize": 99
      },
      {
        "sentenceNo": 6,
        "sentenceContent": "하지만 대다수 의결권 자문사들과 주주들은 KB금융의 글로벌 경쟁력이 떨어진다는 노조의 주장에 명확한 근거가 없다며 반대 입장을 내왔다.",
        "sentenceSize": 75
      },
      {
        "sentenceNo": 7,
        "sentenceContent": "주총에 참석한 류제강 KB금융 노조위원장은 \\\"이번 사외이사 추천은 노조의 입장을 대변하기 위한 것이 아닌, KB금융의 취약점(해외사업 리스크 관리)를 보완하기 위한 것\\\"이었다며 \\\"이번 노조 사외이사 추천의 취지까지 왜곡되지는 않았으면 한다\\\"라고 말했다.",
        "sentenceSize": 145
      },
      {
        "sentenceNo": 8,
        "sentenceContent": "한편 주총에 참석한 윤종규 KB금융 회장은 \\\"사외이사 후보를 추천한 노동자 조합에서도 이번 주주들의 표결 결과를 무거운 의미로 받아들이고 다시 겸허하게 성찰할 수 있는 계기가 됐으면 좋겠다\\\"라고 언급했다.",
        "sentenceSize": 116
      }
    ]
  },
  "labeledDataInfo": {
    "newTitle": "KB금융 노조, 이번에도 실패했다... 충격 ",
    "clickbaitClass": 0,
    "referSentenceInfo": [
      {
        "sentenceNo": 1,
        "referSentenceyn": "N"
      },
      {
        "sentenceNo": 2,
        "referSentenceyn": "N"
      },
      {
        "sentenceNo": 3,
        "referSentenceyn": "N"
      },
      {
        "sentenceNo": 4,
        "referSentenceyn": "Y"
      },
      {
        "sentenceNo": 5,
        "referSentenceyn": "N"
      },
      {
        "sentenceNo": 6,
        "referSentenceyn": "N"
      },
      {
        "sentenceNo": 7,
        "referSentenceyn": "N"
      },
      {
        "sentenceNo": 8,
        "referSentenceyn": "N"
      }
    ]
  }
}