{
  "sourceDataInfo": {
    "newsID": "EC_M02_160645",
    "newsCategory": "경제",
    "newsSubcategory": "IT·통신",
    "newsTitle": "송년콘서트도 메타버스에서...SKT, 이프랜드에서 K팝 공연 생중계",
    "newsSubTitle": "'케이팝 페스티벌 위크’ 진행... 스타와 아바타 소통도 연말맞이 크리에이터 축제, 미술 전시회 등도 개최",
    "newsContent": "SK텔레콤이 메타버스 서비스 '이프랜드(ifland)'를 활용해 케이팝 공연 실시간 중계에 나선다.\nSK텔레콤은 14일부터 17일까지 나흘 간 오후 6시에 이프랜드에서 '케이팝 페스티벌 위크' 행사를 진행한다.\n오프라인 콘서트를 메타버스 공간에서 실황 중계하는 것은 이번이 국내 최초다.\n케이팝 페스티벌 위크 행사는 '싱어게인', '고등래퍼' 등 TV 오디션 프로그램 출신 인기 아티스트들의 공연으로 구성된다.\n이번 행사는 오프라인 공연 생중계와 동시에 인기 아티스트의 아바타와 함께 아바타 댄스 플래시몹, 퀴즈 이벤트, 기념사진 촬영 등 메타버스 공간에서 새로운 방식으로 소통 가능한 것이 특징이다.\n이번 케이팝 페스티벌 행사는 이프랜드와 이프랜드 공식 유튜브 채널에서 동시에 무료로 생중계된다.\nSK텔레콤은 이번 케이팝 페스티벌 위크 행사를 계기로 이프랜드에서 다양한 연말 이벤트를 선보인다는 구상이다.\nSK텔레콤은 오는 29일부터 31일까지 다이아 티비(DIA TV)와 협력해 이프랜드에서 아시아 최대 규모의 1인 콘텐츠 크리에이터 축제인 '다이아 페스티벌 2021'을 개최핸다.\n이번 행사에는 대도서관, 헤이지니, 어썸하은 등 유명 인플루언서 31개 팀이 참여한다.\n출연진의 유튜브 총 구독자수는 3215만명에 달한다.\n참여 인플루언서들은 토크쇼, 원데이 클래스, 미니 게임 등 다양한 프로그램을 통해 팬들과 소통할 예정이다.\nSK텔레콤 관계자는 데일리임팩트에 \\\"현재 이프랜드는 출시 이후 지속적인 업데이트를 통해 총 24개의 랜드까지 늘었다\\\"라며 \\\"앞으로도 랜드 업데이트를 통해 실감나는 메타버스 서비스를 제공할 것\\\"이라고 귀띔했다.\n양맹석 SKT 메타버스 사업 담당은 \\\"이프랜드의 송년 이벤트를 통해 메타버스 공간에서 실시간으로 아티스트의 아바타와 함께 생생한 공연을 즐길 수 있게 됐다\\\"며 \\\"향후 오케스트라, 연극, 무용 등 다양한 장르의 한국 콘텐츠를 선보이며, 다양한 문화 예술 콘텐츠를 널리 알리기 위해 적극 지원할 방침이다\\\"고 밝혔다.",
    "partNum": "P1",
    "useType": 0,
    "processType": "D",
    "processPattern": "15",
    "processLevel": "중",
    "sentenceCount": 13,
    "sentenceInfo": [
      {
        "sentenceNo": 1,
        "sentenceContent": "SK텔레콤이 메타버스 서비스 '이프랜드(ifland)'를 활용해 케이팝 공연 실시간 중계에 나선다.",
        "sentenceSize": 55
      },
      {
        "sentenceNo": 2,
        "sentenceContent": "SK텔레콤은 14일부터 17일까지 나흘 간 오후 6시에 이프랜드에서 '케이팝 페스티벌 위크' 행사를 진행한다.",
        "sentenceSize": 61
      },
      {
        "sentenceNo": 3,
        "sentenceContent": "오프라인 콘서트를 메타버스 공간에서 실황 중계하는 것은 이번이 국내 최초다.",
        "sentenceSize": 42
      },
      {
        "sentenceNo": 4,
        "sentenceContent": "케이팝 페스티벌 위크 행사는 '싱어게인', '고등래퍼' 등 TV 오디션 프로그램 출신 인기 아티스트들의 공연으로 구성된다.",
        "sentenceSize": 68
      },
      {
        "sentenceNo": 5,
        "sentenceContent": "이번 행사는 오프라인 공연 생중계와 동시에 인기 아티스트의 아바타와 함께 아바타 댄스 플래시몹, 퀴즈 이벤트, 기념사진 촬영 등 메타버스 공간에서 새로운 방식으로 소통 가능한 것이 특징이다.",
        "sentenceSize": 106
      },
      {
        "sentenceNo": 6,
        "sentenceContent": "이번 케이팝 페스티벌 행사는 이프랜드와 이프랜드 공식 유튜브 채널에서 동시에 무료로 생중계된다.",
        "sentenceSize": 53
      },
      {
        "sentenceNo": 7,
        "sentenceContent": "SK텔레콤은 이번 케이팝 페스티벌 위크 행사를 계기로 이프랜드에서 다양한 연말 이벤트를 선보인다는 구상이다.",
        "sentenceSize": 60
      },
      {
        "sentenceNo": 8,
        "sentenceContent": "SK텔레콤은 오는 29일부터 31일까지 다이아 티비(DIA TV)와 협력해 이프랜드에서 아시아 최대 규모의 1인 콘텐츠 크리에이터 축제인 '다이아 페스티벌 2021'을 개최핸다.",
        "sentenceSize": 99
      },
      {
        "sentenceNo": 9,
        "sentenceContent": "이번 행사에는 대도서관, 헤이지니, 어썸하은 등 유명 인플루언서 31개 팀이 참여한다.",
        "sentenceSize": 48
      },
      {
        "sentenceNo": 10,
        "sentenceContent": "출연진의 유튜브 총 구독자수는 3215만명에 달한다.",
        "sentenceSize": 29
      },
      {
        "sentenceNo": 11,
        "sentenceContent": "참여 인플루언서들은 토크쇼, 원데이 클래스, 미니 게임 등 다양한 프로그램을 통해 팬들과 소통할 예정이다.",
        "sentenceSize": 59
      },
      {
        "sentenceNo": 12,
        "sentenceContent": "SK텔레콤 관계자는 데일리임팩트에 \\\"현재 이프랜드는 출시 이후 지속적인 업데이트를 통해 총 24개의 랜드까지 늘었다\\\"라며 \\\"앞으로도 랜드 업데이트를 통해 실감나는 메타버스 서비스를 제공할 것\\\"이라고 귀띔했다.",
        "sentenceSize": 120
      },
      {
        "sentenceNo": 13,
        "sentenceContent": "양맹석 SKT 메타버스 사업 담당은 \\\"이프랜드의 송년 이벤트를 통해 메타버스 공간에서 실시간으로 아티스트의 아바타와 함께 생생한 공연을 즐길 수 있게 됐다\\\"며 \\\"향후 오케스트라, 연극, 무용 등 다양한 장르의 한국 콘텐츠를 선보이며, 다양한 문화 예술 콘텐츠를 널리 알리기 위해 적극 지원할 방침이다\\\"고 밝혔다.",
        "sentenceSize": 178
      }
    ]
  },
  "labeledDataInfo": {
    "newTitle": "SK텔레콤 '이프랜드'로 공연 실시간 중계... 누구나 언제 어디서든 공연 관람 가능",
    "clickbaitClass": 0,
    "referSentenceInfo": [
      {
        "sentenceNo": 1,
        "referSentenceyn": "Y"
      },
      {
        "sentenceNo": 2,
        "referSentenceyn": "N"
      },
      {
        "sentenceNo": 3,
        "referSentenceyn": "N"
      },
      {
        "sentenceNo": 4,
        "referSentenceyn": "N"
      },
      {
        "sentenceNo": 5,
        "referSentenceyn": "N"
      },
      {
        "sentenceNo": 6,
        "referSentenceyn": "N"
      },
      {
        "sentenceNo": 7,
        "referSentenceyn": "N"
      },
      {
        "sentenceNo": 8,
        "referSentenceyn": "N"
      },
      {
        "sentenceNo": 9,
        "referSentenceyn": "N"
      },
      {
        "sentenceNo": 10,
        "referSentenceyn": "N"
      },
      {
        "sentenceNo": 11,
        "referSentenceyn": "N"
      },
      {
        "sentenceNo": 12,
        "referSentenceyn": "N"
      },
      {
        "sentenceNo": 13,
        "referSentenceyn": "N"
      }
    ]
  }
}