{
  "sourceDataInfo": {
    "newsID": "EC_M02_158261",
    "newsCategory": "경제",
    "newsSubcategory": "은행",
    "newsTitle": "카카오뱅크, 상반기 당기순익 1238억원…전년比 7%↑",
    "newsSubTitle": "상반기 기준 역대 최대 순익 달성 2분기말 가입자수도 2000만명 눈 앞",
    "newsContent": "카카오뱅크가 올해 상반기에 역대 상반기 기준 최대 실적을 달성했다.\n이는 지속적인 고객 증가와 최대 월간 모바일 트래픽 기록, 뱅킹 비즈니스 성장에 따른 것으로 해석된다.\n카카오뱅크는 '2022년 상반기 실적 발표'를 통해 지난 상반기 당기순익과 영업이익이 각각 1238억원, 1628억원을 기록했다고 3일 밝혔다.\n당기순익은 전년 동기 대비 6.8%, 영업이익은 동기 대비 21.7% 늘어난 수치다.\n이러한 성장의 비결은 지속적으로 증가하는 카카오뱅크 고객수에서 찾을 수 있다고 회사측은 설명한다.\n카카오뱅크측에 따르면 지난 2분기말 기준 카카오뱅크 고객 수는 1917만명으로, 지난해 말 1799만명에서 반년 만에 118만명 증가했다.\n연령별 비중을 살펴보면, △10대 8% △20대 25% △30대 26% △40대 23% △50대 이상 18% 등 다양한 연령층으로 고객 기반이 확대되고 있다.\n카카오뱅크 모바일 애플리케이션(앱) 월간활성이용자수(MAU)도 역대 최다인 1542만명을 기록하며 뱅킹앱 1위를 유지했다(닐슨미디어 디지털 데이터 기준). 특히 MAU 절반 이상의 고객이 간편결제 서비스에 카카오뱅크 계좌를 연동해 사용하고 있는 것으로 분석됐다.\n이는 고객의 활동성이 강화됨에 따라 카카오뱅크가 고객의 일상 금융 활동으로 점차 침투하고 있음을 보여주고 있다는게 회사측의 설명이다.\n이러한 가입자 수의 증가는 뱅킹부문의 견조한 성장세로 이어졌다.\n상반기 기준, 수신 잔액은 지난해 말 대비 3조1547억원 불어난 33조1808억원을 기록했고, 여신 잔액은 같은 기간 25조 8614억원에서 26조 8163억원으로 증가했다.\n여신의 경우, 핵심 상품인 중저신용자 대출과 비대면 방식을 토대로 안착한 전월세보증금·주택담보대출이 성장을 견인했다.\n카카오뱅크 관계자는 데일리임팩트에 \\\"특히, 지난 6월 고신용자 대상 신규 대출을 재개한데 이어, 하반기 중 주택담보대출 만기 확대 상품도 출시할 예정\\\"이라며 \\\"대상 지역과 담보물 대상을 지속적으로 넓혀 여신 성장을 가속화할 계획\\\"이라고 설명했다.\n전체 영업수익에서 이자수익을 제외한 비이자부문 수익 비중은 전체의 21%를 차지하며 고른 성장세를 보였다.\n플랫폼 부문의 성장도 눈에 띈다.\n주식 계좌 개설 서비스의 누적 개설 계좌수는 지난해 말 누적 대비 16% 증가하면서 전체 증권 계좌는 누적 600만좌를 돌파했다.\n카카오뱅크는 하반기에도 새로운 제휴사를 추가해 고객의 주식 거래 혜택을 더욱 넓힐 계획이다.\n한편, 카카오뱅크의 2분기 영업수익은 3708억원으로 전년 동기 대비 46.2% 성장했다.\n영업이익은 744억원, 당기순이익 570억원으로 각각 전년 동기 대비 6.8%, 17.7% 각각 감소했다.\n카카오뱅크 관계자는 \\\"하반기에는 개인사업자 대상 금융 상품을 출시하고 글로벌 시장 진출을 위한 준비도 본격적으로 시작할 계획\\\"이라며 \\\"카카오뱅크가 보유한 상품과 서비스를 유기적으로 연계해, 카카오뱅크만의 혁신을 지속해나가겠다\\\"고 밝혔다.",
    "partNum": "P1",
    "useType": 0,
    "processType": "D",
    "processPattern": "11",
    "processLevel": "하",
    "sentenceCount": 20,
    "sentenceInfo": [
      {
        "sentenceNo": 1,
        "sentenceContent": "카카오뱅크가 올해 상반기에 역대 상반기 기준 최대 실적을 달성했다.",
        "sentenceSize": 37
      },
      {
        "sentenceNo": 2,
        "sentenceContent": "이는 지속적인 고객 증가와 최대 월간 모바일 트래픽 기록, 뱅킹 비즈니스 성장에 따른 것으로 해석된다.",
        "sentenceSize": 57
      },
      {
        "sentenceNo": 3,
        "sentenceContent": "카카오뱅크는 '2022년 상반기 실적 발표'를 통해 지난 상반기 당기순익과 영업이익이 각각 1238억원, 1628억원을 기록했다고 3일 밝혔다.",
        "sentenceSize": 80
      },
      {
        "sentenceNo": 4,
        "sentenceContent": "당기순익은 전년 동기 대비 6.8%, 영업이익은 동기 대비 21.7% 늘어난 수치다.",
        "sentenceSize": 47
      },
      {
        "sentenceNo": 5,
        "sentenceContent": "이러한 성장의 비결은 지속적으로 증가하는 카카오뱅크 고객수에서 찾을 수 있다고 회사측은 설명한다.",
        "sentenceSize": 54
      },
      {
        "sentenceNo": 6,
        "sentenceContent": "카카오뱅크측에 따르면 지난 2분기말 기준 카카오뱅크 고객 수는 1917만명으로, 지난해 말 1799만명에서 반년 만에 118만명 증가했다.",
        "sentenceSize": 77
      },
      {
        "sentenceNo": 7,
        "sentenceContent": "연령별 비중을 살펴보면, △10대 8% △20대 25% △30대 26% △40대 23% △50대 이상 18% 등 다양한 연령층으로 고객 기반이 확대되고 있다.",
        "sentenceSize": 88
      },
      {
        "sentenceNo": 8,
        "sentenceContent": "카카오뱅크 모바일 애플리케이션(앱) 월간활성이용자수(MAU)도 역대 최다인 1542만명을 기록하며 뱅킹앱 1위를 유지했다(닐슨미디어 디지털 데이터 기준). 특히 MAU 절반 이상의 고객이 간편결제 서비스에 카카오뱅크 계좌를 연동해 사용하고 있는 것으로 분석됐다.",
        "sentenceSize": 146
      },
      {
        "sentenceNo": 9,
        "sentenceContent": "이는 고객의 활동성이 강화됨에 따라 카카오뱅크가 고객의 일상 금융 활동으로 점차 침투하고 있음을 보여주고 있다는게 회사측의 설명이다.",
        "sentenceSize": 74
      },
      {
        "sentenceNo": 10,
        "sentenceContent": "이러한 가입자 수의 증가는 뱅킹부문의 견조한 성장세로 이어졌다.",
        "sentenceSize": 35
      },
      {
        "sentenceNo": 11,
        "sentenceContent": "상반기 기준, 수신 잔액은 지난해 말 대비 3조1547억원 불어난 33조1808억원을 기록했고, 여신 잔액은 같은 기간 25조 8614억원에서 26조 8163억원으로 증가했다.",
        "sentenceSize": 98
      },
      {
        "sentenceNo": 12,
        "sentenceContent": "여신의 경우, 핵심 상품인 중저신용자 대출과 비대면 방식을 토대로 안착한 전월세보증금·주택담보대출이 성장을 견인했다.",
        "sentenceSize": 65
      },
      {
        "sentenceNo": 13,
        "sentenceContent": "카카오뱅크 관계자는 데일리임팩트에 \\\"특히, 지난 6월 고신용자 대상 신규 대출을 재개한데 이어, 하반기 중 주택담보대출 만기 확대 상품도 출시할 예정\\\"이라며 \\\"대상 지역과 담보물 대상을 지속적으로 넓혀 여신 성장을 가속화할 계획\\\"이라고 설명했다.",
        "sentenceSize": 141
      },
      {
        "sentenceNo": 14,
        "sentenceContent": "전체 영업수익에서 이자수익을 제외한 비이자부문 수익 비중은 전체의 21%를 차지하며 고른 성장세를 보였다.",
        "sentenceSize": 59
      },
      {
        "sentenceNo": 15,
        "sentenceContent": "플랫폼 부문의 성장도 눈에 띈다.",
        "sentenceSize": 18
      },
      {
        "sentenceNo": 16,
        "sentenceContent": "주식 계좌 개설 서비스의 누적 개설 계좌수는 지난해 말 누적 대비 16% 증가하면서 전체 증권 계좌는 누적 600만좌를 돌파했다.",
        "sentenceSize": 72
      },
      {
        "sentenceNo": 17,
        "sentenceContent": "카카오뱅크는 하반기에도 새로운 제휴사를 추가해 고객의 주식 거래 혜택을 더욱 넓힐 계획이다.",
        "sentenceSize": 51
      },
      {
        "sentenceNo": 18,
        "sentenceContent": "한편, 카카오뱅크의 2분기 영업수익은 3708억원으로 전년 동기 대비 46.2% 성장했다.",
        "sentenceSize": 50
      },
      {
        "sentenceNo": 19,
        "sentenceContent": "영업이익은 744억원, 당기순이익 570억원으로 각각 전년 동기 대비 6.8%, 17.7% 각각 감소했다.",
        "sentenceSize": 59
      },
      {
        "sentenceNo": 20,
        "sentenceContent": "카카오뱅크 관계자는 \\\"하반기에는 개인사업자 대상 금융 상품을 출시하고 글로벌 시장 진출을 위한 준비도 본격적으로 시작할 계획\\\"이라며 \\\"카카오뱅크가 보유한 상품과 서비스를 유기적으로 연계해, 카카오뱅크만의 혁신을 지속해나가겠다\\\"고 밝혔다.",
        "sentenceSize": 136
      }
    ]
  },
  "labeledDataInfo": {
    "newTitle": "카카오뱅크, 역대 상반기 기준 최대 실적... 그 비결은?",
    "clickbaitClass": 0,
    "referSentenceInfo": [
      {
        "sentenceNo": 1,
        "referSentenceyn": "N"
      },
      {
        "sentenceNo": 2,
        "referSentenceyn": "N"
      },
      {
        "sentenceNo": 3,
        "referSentenceyn": "N"
      },
      {
        "sentenceNo": 4,
        "referSentenceyn": "N"
      },
      {
        "sentenceNo": 5,
        "referSentenceyn": "Y"
      },
      {
        "sentenceNo": 6,
        "referSentenceyn": "N"
      },
      {
        "sentenceNo": 7,
        "referSentenceyn": "N"
      },
      {
        "sentenceNo": 8,
        "referSentenceyn": "N"
      },
      {
        "sentenceNo": 9,
        "referSentenceyn": "N"
      },
      {
        "sentenceNo": 10,
        "referSentenceyn": "N"
      },
      {
        "sentenceNo": 11,
        "referSentenceyn": "N"
      },
      {
        "sentenceNo": 12,
        "referSentenceyn": "N"
      },
      {
        "sentenceNo": 13,
        "referSentenceyn": "N"
      },
      {
        "sentenceNo": 14,
        "referSentenceyn": "N"
      },
      {
        "sentenceNo": 15,
        "referSentenceyn": "N"
      },
      {
        "sentenceNo": 16,
        "referSentenceyn": "N"
      },
      {
        "sentenceNo": 17,
        "referSentenceyn": "N"
      },
      {
        "sentenceNo": 18,
        "referSentenceyn": "N"
      },
      {
        "sentenceNo": 19,
        "referSentenceyn": "N"
      },
      {
        "sentenceNo": 20,
        "referSentenceyn": "N"
      }
    ]
  }
}