{
  "sourceDataInfo": {
    "newsID": "EC_M02_158182",
    "newsCategory": "경제",
    "newsSubcategory": "산업",
    "newsTitle": "삼성전자 약속 지킨다…3나노 다음주 첫 양산",
    "newsSubTitle": "세계 최초 GAA 기술 적용…한미 ‘반도체 동맹’으로 유명세 파운드리 초미세 공정 기술력 입증…TSMC와 격차 줄어들 듯",
    "newsContent": "삼성전자가 공언했던 대로 이달 중 3나노미터(㎚·1나노비터는 10억분의 1ｍ) 공정 기반의 제품을 양산한다.\n세계 최초다.\n반도체 위탁생산(파운드리) 분야에서 초미세 공정 경쟁력을 앞세워 TSMC와 점유율을 대폭 줄일 것이라는 관측이 제기된다.\n22일 업계에 따르면, 삼성전자는 다음주 게이트올어라운드(GAA) 기술을 적용한 3나노 제품을 선보인다.\nGAA는 칩 면적을 줄이고 소비전력을 감소시키되 성능과 배터리 효율을 높여준다.\nTSMC가 3나노 공정에 적용하는 핀펫 기술보다 전력 효율, 성능, 설계 유연성에서 앞선 것으로 평가받는다.\n삼성전자 관계자는 데일리임팩트에 \\\"3나노 양산 일정은 예정대로 차질없이 진행되고 있다\\\"며 \\\"상반기 내 양산을 시작할 계획\\\"이라고 말했다.\nTSMC보다 먼저 3나노 양산을 시작하겠다고 밝혀왔다.\n다만 4나노 수율 문제로 대형 고객사가 TSMC로 돌아선 것으로 알려지면서 3나노 양산을 연기하는 게 아니냐는 추측이 나왔다.\n그러나 삼성전자는 1분기 실적 설명회에서 \\\"3나노 공정은 첨단 공정 개발 체계 개선을 통해 수율 램프업 기간을 단축, 수익성을 향상시키고 공급 안정화를 추진하고 있다\\\"며 순조롭게 양산 준비가 진행되고 있음을 시사했다.\n특히 지난달 조 바이든 미국 대통령과 윤석열 대통령이 평택캠퍼스를 방문한 이후 반도체 업계에서는 양산에 임박했다는 시각에 힘이 실리기 시작했다.\n당시 삼성전자는 3나노 시제품을 선보였는데 당시 두 정상은 이 제품에 서명하며 반도체 협력을 약속했다.\n업계에서는 삼성전자가 파운드리 시장 점유율을 늘릴 것으로 전망하는 분위기다.\n시장조사업체 트렌드포스에 따르면 삼성전자의 파운드리 시장 점유율은 지난해 4분기 18.3%에서 올해 1분기 16.3%로 하락했다.\n같은 기간 TSMC는 52.1%에서 53.6%로 상승하며 삼성전자와 격차를 더 벌렸다.",
    "partNum": "P1",
    "useType": 0,
    "processType": "D",
    "processPattern": "11",
    "processLevel": "하",
    "sentenceCount": 15,
    "sentenceInfo": [
      {
        "sentenceNo": 1,
        "sentenceContent": "삼성전자가 공언했던 대로 이달 중 3나노미터(㎚·1나노비터는 10억분의 1ｍ) 공정 기반의 제품을 양산한다.",
        "sentenceSize": 60
      },
      {
        "sentenceNo": 2,
        "sentenceContent": "세계 최초다.",
        "sentenceSize": 7
      },
      {
        "sentenceNo": 3,
        "sentenceContent": "반도체 위탁생산(파운드리) 분야에서 초미세 공정 경쟁력을 앞세워 TSMC와 점유율을 대폭 줄일 것이라는 관측이 제기된다.",
        "sentenceSize": 67
      },
      {
        "sentenceNo": 4,
        "sentenceContent": "22일 업계에 따르면, 삼성전자는 다음주 게이트올어라운드(GAA) 기술을 적용한 3나노 제품을 선보인다.",
        "sentenceSize": 58
      },
      {
        "sentenceNo": 5,
        "sentenceContent": "GAA는 칩 면적을 줄이고 소비전력을 감소시키되 성능과 배터리 효율을 높여준다.",
        "sentenceSize": 44
      },
      {
        "sentenceNo": 6,
        "sentenceContent": "TSMC가 3나노 공정에 적용하는 핀펫 기술보다 전력 효율, 성능, 설계 유연성에서 앞선 것으로 평가받는다.",
        "sentenceSize": 60
      },
      {
        "sentenceNo": 7,
        "sentenceContent": "삼성전자 관계자는 데일리임팩트에 \\\"3나노 양산 일정은 예정대로 차질없이 진행되고 있다\\\"며 \\\"상반기 내 양산을 시작할 계획\\\"이라고 말했다.",
        "sentenceSize": 80
      },
      {
        "sentenceNo": 8,
        "sentenceContent": "TSMC보다 먼저 3나노 양산을 시작하겠다고 밝혀왔다.",
        "sentenceSize": 30
      },
      {
        "sentenceNo": 9,
        "sentenceContent": "다만 4나노 수율 문제로 대형 고객사가 TSMC로 돌아선 것으로 알려지면서 3나노 양산을 연기하는 게 아니냐는 추측이 나왔다.",
        "sentenceSize": 70
      },
      {
        "sentenceNo": 10,
        "sentenceContent": "그러나 삼성전자는 1분기 실적 설명회에서 \\\"3나노 공정은 첨단 공정 개발 체계 개선을 통해 수율 램프업 기간을 단축, 수익성을 향상시키고 공급 안정화를 추진하고 있다\\\"며 순조롭게 양산 준비가 진행되고 있음을 시사했다.",
        "sentenceSize": 123
      },
      {
        "sentenceNo": 11,
        "sentenceContent": "특히 지난달 조 바이든 미국 대통령과 윤석열 대통령이 평택캠퍼스를 방문한 이후 반도체 업계에서는 양산에 임박했다는 시각에 힘이 실리기 시작했다.",
        "sentenceSize": 80
      },
      {
        "sentenceNo": 12,
        "sentenceContent": "당시 삼성전자는 3나노 시제품을 선보였는데 당시 두 정상은 이 제품에 서명하며 반도체 협력을 약속했다.",
        "sentenceSize": 57
      },
      {
        "sentenceNo": 13,
        "sentenceContent": "업계에서는 삼성전자가 파운드리 시장 점유율을 늘릴 것으로 전망하는 분위기다.",
        "sentenceSize": 42
      },
      {
        "sentenceNo": 14,
        "sentenceContent": "시장조사업체 트렌드포스에 따르면 삼성전자의 파운드리 시장 점유율은 지난해 4분기 18.3%에서 올해 1분기 16.3%로 하락했다.",
        "sentenceSize": 72
      },
      {
        "sentenceNo": 15,
        "sentenceContent": "같은 기간 TSMC는 52.1%에서 53.6%로 상승하며 삼성전자와 격차를 더 벌렸다.",
        "sentenceSize": 48
      }
    ]
  },
  "labeledDataInfo": {
    "newTitle": "삼성전자, 세계 최초 3나노미터 제품 양산 임박?",
    "clickbaitClass": 0,
    "referSentenceInfo": [
      {
        "sentenceNo": 1,
        "referSentenceyn": "Y"
      },
      {
        "sentenceNo": 2,
        "referSentenceyn": "N"
      },
      {
        "sentenceNo": 3,
        "referSentenceyn": "N"
      },
      {
        "sentenceNo": 4,
        "referSentenceyn": "N"
      },
      {
        "sentenceNo": 5,
        "referSentenceyn": "N"
      },
      {
        "sentenceNo": 6,
        "referSentenceyn": "N"
      },
      {
        "sentenceNo": 7,
        "referSentenceyn": "N"
      },
      {
        "sentenceNo": 8,
        "referSentenceyn": "N"
      },
      {
        "sentenceNo": 9,
        "referSentenceyn": "N"
      },
      {
        "sentenceNo": 10,
        "referSentenceyn": "N"
      },
      {
        "sentenceNo": 11,
        "referSentenceyn": "N"
      },
      {
        "sentenceNo": 12,
        "referSentenceyn": "N"
      },
      {
        "sentenceNo": 13,
        "referSentenceyn": "N"
      },
      {
        "sentenceNo": 14,
        "referSentenceyn": "N"
      },
      {
        "sentenceNo": 15,
        "referSentenceyn": "N"
      }
    ]
  }
}