{
  "sourceDataInfo": {
    "newsID": "EC_M02_160674",
    "newsCategory": "경제",
    "newsSubcategory": "산업",
    "newsTitle": "현대두산인프라코어·롯데렌탈, 미니굴착기 시장 공략 맞손",
    "newsSubTitle": "미니굴착기 총 60대 계약 렌탈 시장 공급으로 판매처 다변화",
    "newsContent": "현대두산인프라코어가 사용처 다변화로 급성장하는 국내 미니굴착기 시장 공략 나선다.\n현대제뉴인 계열사인 현대두산인프라코어는 31일 최근 롯데렌탈과 1.7톤급 DX17Z-5 40대와 3톤급 DX30Z-7 10대, 3.5톤급 DX35Z-7 10대 등 총 60대의 미니굴착기 공급계약을 체결했다고 밝혔다.\n현대두산인프라코어 관계자는 데일리임팩트에 \\\"이번 계약으로 현대두산인프라코어 굴착기가 렌탈 시장에 첫 선을 보이게 됐다\\\"며 \\\"이를 통해 국내 미니굴착기 시장에서 판매처 다변화로 판매량을 늘릴 계획\\\"이라고 설명했다.\n현대두산인프라코어가 공급하는 1.7톤급 미니굴착기는 국내 미니굴착기 시장에서 점유율 40%를 차지한다.\n경쟁제품 대비 굴착력과 선회 속도, 작업 반경 등에서 강점을 갖고 있다.\n특히 장비 폭이 950mm에 불과해 좁은 공간에서도 작업이 가능하다.\n크롤러 폭을 최대 1360mm까지 확장할 수 있어 안정적으로 하부가 고정돼 작업 시 밸런스 유지에도 용이하기 때문이다.\n현대두산인프라코어 관계자는 \\\"국내 굴착기 시장에서 미니굴착기 판매비중이 50%를 차지하는 등 관련 시장이 급속도로 성장하고 있다\\\"며 \\\"차별화된 고객서비스로 글로벌 업체가 강점을 보이고 있는 국내 미니굴착기 시장 판도를 바꾸겠다\\\"고 강조했다.",
    "partNum": "P1",
    "useType": 0,
    "processType": "D",
    "processPattern": "15",
    "processLevel": "중",
    "sentenceCount": 8,
    "sentenceInfo": [
      {
        "sentenceNo": 1,
        "sentenceContent": "현대두산인프라코어가 사용처 다변화로 급성장하는 국내 미니굴착기 시장 공략 나선다.",
        "sentenceSize": 45
      },
      {
        "sentenceNo": 2,
        "sentenceContent": "현대제뉴인 계열사인 현대두산인프라코어는 31일 최근 롯데렌탈과 1.7톤급 DX17Z-5 40대와 3톤급 DX30Z-7 10대, 3.5톤급 DX35Z-7 10대 등 총 60대의 미니굴착기 공급계약을 체결했다고 밝혔다.",
        "sentenceSize": 120
      },
      {
        "sentenceNo": 3,
        "sentenceContent": "현대두산인프라코어 관계자는 데일리임팩트에 \\\"이번 계약으로 현대두산인프라코어 굴착기가 렌탈 시장에 첫 선을 보이게 됐다\\\"며 \\\"이를 통해 국내 미니굴착기 시장에서 판매처 다변화로 판매량을 늘릴 계획\\\"이라고 설명했다.",
        "sentenceSize": 122
      },
      {
        "sentenceNo": 4,
        "sentenceContent": "현대두산인프라코어가 공급하는 1.7톤급 미니굴착기는 국내 미니굴착기 시장에서 점유율 40%를 차지한다.",
        "sentenceSize": 57
      },
      {
        "sentenceNo": 5,
        "sentenceContent": "경쟁제품 대비 굴착력과 선회 속도, 작업 반경 등에서 강점을 갖고 있다.",
        "sentenceSize": 40
      },
      {
        "sentenceNo": 6,
        "sentenceContent": "특히 장비 폭이 950mm에 불과해 좁은 공간에서도 작업이 가능하다.",
        "sentenceSize": 38
      },
      {
        "sentenceNo": 7,
        "sentenceContent": "크롤러 폭을 최대 1360mm까지 확장할 수 있어 안정적으로 하부가 고정돼 작업 시 밸런스 유지에도 용이하기 때문이다.",
        "sentenceSize": 66
      },
      {
        "sentenceNo": 8,
        "sentenceContent": "현대두산인프라코어 관계자는 \\\"국내 굴착기 시장에서 미니굴착기 판매비중이 50%를 차지하는 등 관련 시장이 급속도로 성장하고 있다\\\"며 \\\"차별화된 고객서비스로 글로벌 업체가 강점을 보이고 있는 국내 미니굴착기 시장 판도를 바꾸겠다\\\"고 강조했다.",
        "sentenceSize": 138
      }
    ]
  },
  "labeledDataInfo": {
    "newTitle": "현대두산인프라코어, 국내 미니 굴착기 시장 섭렵... 판매 고공 행진 ",
    "clickbaitClass": 0,
    "referSentenceInfo": [
      {
        "sentenceNo": 1,
        "referSentenceyn": "Y"
      },
      {
        "sentenceNo": 2,
        "referSentenceyn": "N"
      },
      {
        "sentenceNo": 3,
        "referSentenceyn": "N"
      },
      {
        "sentenceNo": 4,
        "referSentenceyn": "N"
      },
      {
        "sentenceNo": 5,
        "referSentenceyn": "N"
      },
      {
        "sentenceNo": 6,
        "referSentenceyn": "N"
      },
      {
        "sentenceNo": 7,
        "referSentenceyn": "N"
      },
      {
        "sentenceNo": 8,
        "referSentenceyn": "N"
      }
    ]
  }
}