{
  "sourceDataInfo": {
    "newsID": "EC_M02_158010",
    "newsCategory": "경제",
    "newsSubcategory": "IT·통신",
    "newsTitle": "글링크미디어, 구글 프리미어 파트너 선정",
    "newsSubTitle": "국가별 ‘상위 3%’ 파트너에게만 부여…디지털 광고 전문성 인정",
    "newsContent": "글링크미디어가 구글 프리미어 파트너로 선정됐다.\n이번 구글 프리미어 파트너로 선정됨에 따라 디지털 광고 분야에서 글링크미디어의 입지가 탄탄해질 전망이다.\n구글 프리미어 파트너는 구글의 파트너 프로그램 중 최고 등급으로 꼽힌다.\n국가별로 상위 3% 이내 대행사에게만 주어질 정도로 까다롭다.\n구글 광고 집행 규모와 실적, 광고 전문성을 평가하는 인증 자격 외에도 제품 다각화, 연간 광고비 지출, 고객 성장률 및 유지율 등을 두루 평가해 선정된다.\n글링크미디어는 구글 광고 운영 역량과 실적, 광고 전문성 등에서 좋은 평가를 받았다.\n글링크미디어는 앞으로 구글의 최신 광고상품과 마케팅 솔루션에 대한 정보를 제공받게 된다.\n광고 효율 개선에 필요한 계정 최적화 컨설팅 지원, 기타 솔루션 사용에 대한 지원도 받는다.\n또 매년 구글이 진행하는 마케팅 행사를 비롯해 다양한 컨퍼런스에 고객사와 함께 참여한다.\n임현재 글링크미디어 대표는 데일리임팩트에 \\\"이번 선정을 계기로 올해 해외 진출에 나설 것\\\"이라며 \\\"세계 시장을 공략하는 우리나라 기업이나 한국 시장 진출을 희망하는 글로벌 기업들의 디지털 마케팅을 도와 이들의 비즈니스 지원군으로 역할할 수 있도록 하겠다\\\"고 말했다.\n한편, 글로벌 디지털 광고대행사인 글링크미디어는 업계 최초로 구글 특화 광고 서비스를 선보여 주목 받았다.\n메타, 트위터, 틱톡, 크리테오, 네이버, 카카오, 와이더플래닛 등 국내외 주요 기업들의 광고대행을 맡으면서 입지를 넓혔다.\n특히 직원들이 직접 참여한 마케팅 서적을 꾸준히 출간하며 전문역량을 인정 받았다.\n이에 사업 시작 2년 반 만에 연간 광고 거래액 312억원을 기록하며 빠르게 성장 중이다.",
    "partNum": "P1",
    "useType": 0,
    "processType": "D",
    "processPattern": "11",
    "processLevel": "하",
    "sentenceCount": 14,
    "sentenceInfo": [
      {
        "sentenceNo": 1,
        "sentenceContent": "글링크미디어가 구글 프리미어 파트너로 선정됐다.",
        "sentenceSize": 26
      },
      {
        "sentenceNo": 2,
        "sentenceContent": "이번 구글 프리미어 파트너로 선정됨에 따라 디지털 광고 분야에서 글링크미디어의 입지가 탄탄해질 전망이다.",
        "sentenceSize": 58
      },
      {
        "sentenceNo": 3,
        "sentenceContent": "구글 프리미어 파트너는 구글의 파트너 프로그램 중 최고 등급으로 꼽힌다.",
        "sentenceSize": 40
      },
      {
        "sentenceNo": 4,
        "sentenceContent": "국가별로 상위 3% 이내 대행사에게만 주어질 정도로 까다롭다.",
        "sentenceSize": 34
      },
      {
        "sentenceNo": 5,
        "sentenceContent": "구글 광고 집행 규모와 실적, 광고 전문성을 평가하는 인증 자격 외에도 제품 다각화, 연간 광고비 지출, 고객 성장률 및 유지율 등을 두루 평가해 선정된다.",
        "sentenceSize": 87
      },
      {
        "sentenceNo": 6,
        "sentenceContent": "글링크미디어는 구글 광고 운영 역량과 실적, 광고 전문성 등에서 좋은 평가를 받았다.",
        "sentenceSize": 47
      },
      {
        "sentenceNo": 7,
        "sentenceContent": "글링크미디어는 앞으로 구글의 최신 광고상품과 마케팅 솔루션에 대한 정보를 제공받게 된다.",
        "sentenceSize": 49
      },
      {
        "sentenceNo": 8,
        "sentenceContent": "광고 효율 개선에 필요한 계정 최적화 컨설팅 지원, 기타 솔루션 사용에 대한 지원도 받는다.",
        "sentenceSize": 51
      },
      {
        "sentenceNo": 9,
        "sentenceContent": "또 매년 구글이 진행하는 마케팅 행사를 비롯해 다양한 컨퍼런스에 고객사와 함께 참여한다.",
        "sentenceSize": 49
      },
      {
        "sentenceNo": 10,
        "sentenceContent": "임현재 글링크미디어 대표는 데일리임팩트에 \\\"이번 선정을 계기로 올해 해외 진출에 나설 것\\\"이라며 \\\"세계 시장을 공략하는 우리나라 기업이나 한국 시장 진출을 희망하는 글로벌 기업들의 디지털 마케팅을 도와 이들의 비즈니스 지원군으로 역할할 수 있도록 하겠다\\\"고 말했다.",
        "sentenceSize": 152
      },
      {
        "sentenceNo": 11,
        "sentenceContent": "한편, 글로벌 디지털 광고대행사인 글링크미디어는 업계 최초로 구글 특화 광고 서비스를 선보여 주목 받았다.",
        "sentenceSize": 59
      },
      {
        "sentenceNo": 12,
        "sentenceContent": "메타, 트위터, 틱톡, 크리테오, 네이버, 카카오, 와이더플래닛 등 국내외 주요 기업들의 광고대행을 맡으면서 입지를 넓혔다.",
        "sentenceSize": 69
      },
      {
        "sentenceNo": 13,
        "sentenceContent": "특히 직원들이 직접 참여한 마케팅 서적을 꾸준히 출간하며 전문역량을 인정 받았다.",
        "sentenceSize": 45
      },
      {
        "sentenceNo": 14,
        "sentenceContent": "이에 사업 시작 2년 반 만에 연간 광고 거래액 312억원을 기록하며 빠르게 성장 중이다.",
        "sentenceSize": 50
      }
    ]
  },
  "labeledDataInfo": {
    "newTitle": "글링크미디어를 파트너로 선정한 구글... 왜?",
    "clickbaitClass": 0,
    "referSentenceInfo": [
      {
        "sentenceNo": 1,
        "referSentenceyn": "Y"
      },
      {
        "sentenceNo": 2,
        "referSentenceyn": "N"
      },
      {
        "sentenceNo": 3,
        "referSentenceyn": "N"
      },
      {
        "sentenceNo": 4,
        "referSentenceyn": "N"
      },
      {
        "sentenceNo": 5,
        "referSentenceyn": "Y"
      },
      {
        "sentenceNo": 6,
        "referSentenceyn": "Y"
      },
      {
        "sentenceNo": 7,
        "referSentenceyn": "N"
      },
      {
        "sentenceNo": 8,
        "referSentenceyn": "N"
      },
      {
        "sentenceNo": 9,
        "referSentenceyn": "N"
      },
      {
        "sentenceNo": 10,
        "referSentenceyn": "N"
      },
      {
        "sentenceNo": 11,
        "referSentenceyn": "N"
      },
      {
        "sentenceNo": 12,
        "referSentenceyn": "N"
      },
      {
        "sentenceNo": 13,
        "referSentenceyn": "N"
      },
      {
        "sentenceNo": 14,
        "referSentenceyn": "N"
      }
    ]
  }
}