{
  "sourceDataInfo": {
    "newsID": "EC_M02_158190",
    "newsCategory": "경제",
    "newsSubcategory": "IT·통신",
    "newsTitle": "\\\"가슴 따뜻해지는 영화 틀어줘\\\" LGU+, 감정 이해하는 AI 기술 개발",
    "newsSubTitle": "업스테이지와 손잡고 AI 콘텐츠 검색·추천 서비스 개발 U+tv 콘텐츠 리뷰 분석해 모델 고도화…검색 품질 향상",
    "newsContent": "LG유플러스가 인공지능(AI) 기반 감정 콘텐츠 검색기술을 개발한다.\n이용자의 감정에 맞춰 콘텐츠를 추천하는 기능을 적용해 미디어 사업 경쟁력을 강화한다는 구상이다.\n28일 LG유플러스는 AI 전문 기업인 '업스테이지'와 협업을 체결했다고 밝혔다.\n양사는 업스테이지가 보유한 AI 알고리즘을 기반으로 LG유플러스의 IPTV 서비스인 U+tv가 제공하는 콘텐츠의 내용과 리뷰를 분석, 고객의 다양한 감정을 키워드로 콘텐츠를 분류·검색·추천하는 서비스를 개발한다.\nLG유플러스는 업스테이지가 보유한 AI 딥러닝 알고리즘을 활용해 U+tv의 데이터를 분석하고, 고객이 느끼는 다양한 감정을 키워드로 콘텐츠를 분류할 방침이다.\n기존에는 콘텐츠를 공포나 로맨스 등 장르로 분류했다면, 감정을 포함시켜 '으스스한 스릴러 영화'나 '가슴이 따뜻해지는 로맨스 영화' 등으로 세분화하는 내용이다.\n이를 통해 고객은 자신의 감정에 맞는 콘텐츠를 보다 쉽게 검색하거나 추천받을 수 있다.\n나아가 양사는 콘텐츠에 달린 리뷰를 AI를 활용해 자동분석하고, 같은 종류의 감정이라도 강도에 따라 세분화된 표현으로 분류할 수 있도록 모델 고도화에 나선다.\n양사는 △AI 모델 학습데이터 구축 및 감성태그 추출 모델링 △유사 감정 기반 검색 엔진 등의 기술을 개발한다.\n이후 실증을 통해 AI기술이 분석한 데이터의 품질을 확인하고, 이를 U+tv 감정기반 검색·추천 서비스에 적용한다는 방침이다.\nLG유플러스 관계자는 데일리임팩트에 \\\"최근 온라인동영상서비스(OTT) 시장의 성장과 함께 각종 콘텐츠 제작 및 수급이 활발해지면서 추천 AI 기술은 미디어 서비스 경쟁력의 한 축으로 자리잡았다\\\"라며 \\\"이러한 상황에 U+tv 경쟁력을 강화하고, 고객의 미디어 접근 편의성을 향상하기 위해 업스테이지와 협력을 하게 됐다\\\"라고 밝혔다.\n이어 \\\"감정기반 콘텐츠 분류 기술은 타사에서도 일부 도입하기는 했지만, 이는 운영자가 수동으로 일일이 분류하는 경우가 더 많아 특정 장르나 주제에 추천이 한정돼 전체 콘텐츠로 확대하기 어렵다는 한계가 있었다\\\"며 \\\"앞으로 LG유플러스는 업스테이지와 함께 AI 기반의 검색 서비스를 도입함하고, 미디어 검색에 대한 사용자 경험을 혁신해 나갈 것\\\"이라고 밝혔다.",
    "partNum": "P1",
    "useType": 0,
    "processType": "D",
    "processPattern": "11",
    "processLevel": "하",
    "sentenceCount": 12,
    "sentenceInfo": [
      {
        "sentenceNo": 1,
        "sentenceContent": "LG유플러스가 인공지능(AI) 기반 감정 콘텐츠 검색기술을 개발한다.",
        "sentenceSize": 38
      },
      {
        "sentenceNo": 2,
        "sentenceContent": "이용자의 감정에 맞춰 콘텐츠를 추천하는 기능을 적용해 미디어 사업 경쟁력을 강화한다는 구상이다.",
        "sentenceSize": 53
      },
      {
        "sentenceNo": 3,
        "sentenceContent": "28일 LG유플러스는 AI 전문 기업인 '업스테이지'와 협업을 체결했다고 밝혔다.",
        "sentenceSize": 45
      },
      {
        "sentenceNo": 4,
        "sentenceContent": "양사는 업스테이지가 보유한 AI 알고리즘을 기반으로 LG유플러스의 IPTV 서비스인 U+tv가 제공하는 콘텐츠의 내용과 리뷰를 분석, 고객의 다양한 감정을 키워드로 콘텐츠를 분류·검색·추천하는 서비스를 개발한다.",
        "sentenceSize": 118
      },
      {
        "sentenceNo": 5,
        "sentenceContent": "LG유플러스는 업스테이지가 보유한 AI 딥러닝 알고리즘을 활용해 U+tv의 데이터를 분석하고, 고객이 느끼는 다양한 감정을 키워드로 콘텐츠를 분류할 방침이다.",
        "sentenceSize": 88
      },
      {
        "sentenceNo": 6,
        "sentenceContent": "기존에는 콘텐츠를 공포나 로맨스 등 장르로 분류했다면, 감정을 포함시켜 '으스스한 스릴러 영화'나 '가슴이 따뜻해지는 로맨스 영화' 등으로 세분화하는 내용이다.",
        "sentenceSize": 89
      },
      {
        "sentenceNo": 7,
        "sentenceContent": "이를 통해 고객은 자신의 감정에 맞는 콘텐츠를 보다 쉽게 검색하거나 추천받을 수 있다.",
        "sentenceSize": 48
      },
      {
        "sentenceNo": 8,
        "sentenceContent": "나아가 양사는 콘텐츠에 달린 리뷰를 AI를 활용해 자동분석하고, 같은 종류의 감정이라도 강도에 따라 세분화된 표현으로 분류할 수 있도록 모델 고도화에 나선다.",
        "sentenceSize": 88
      },
      {
        "sentenceNo": 9,
        "sentenceContent": "양사는 △AI 모델 학습데이터 구축 및 감성태그 추출 모델링 △유사 감정 기반 검색 엔진 등의 기술을 개발한다.",
        "sentenceSize": 62
      },
      {
        "sentenceNo": 10,
        "sentenceContent": "이후 실증을 통해 AI기술이 분석한 데이터의 품질을 확인하고, 이를 U+tv 감정기반 검색·추천 서비스에 적용한다는 방침이다.",
        "sentenceSize": 70
      },
      {
        "sentenceNo": 11,
        "sentenceContent": "LG유플러스 관계자는 데일리임팩트에 \\\"최근 온라인동영상서비스(OTT) 시장의 성장과 함께 각종 콘텐츠 제작 및 수급이 활발해지면서 추천 AI 기술은 미디어 서비스 경쟁력의 한 축으로 자리잡았다\\\"라며 \\\"이러한 상황에 U+tv 경쟁력을 강화하고, 고객의 미디어 접근 편의성을 향상하기 위해 업스테이지와 협력을 하게 됐다\\\"라고 밝혔다.",
        "sentenceSize": 188
      },
      {
        "sentenceNo": 12,
        "sentenceContent": "이어 \\\"감정기반 콘텐츠 분류 기술은 타사에서도 일부 도입하기는 했지만, 이는 운영자가 수동으로 일일이 분류하는 경우가 더 많아 특정 장르나 주제에 추천이 한정돼 전체 콘텐츠로 확대하기 어렵다는 한계가 있었다\\\"며 \\\"앞으로 LG유플러스는 업스테이지와 함께 AI 기반의 검색 서비스를 도입함하고, 미디어 검색에 대한 사용자 경험을 혁신해 나갈 것\\\"이라고 밝혔다.",
        "sentenceSize": 203
      }
    ]
  },
  "labeledDataInfo": {
    "newTitle": "LGU+ 새로운 AI 시대 열다.. 이용자의 감정까지 맞추는 인공지능 기술 개발!",
    "clickbaitClass": 0,
    "referSentenceInfo": [
      {
        "sentenceNo": 1,
        "referSentenceyn": "N"
      },
      {
        "sentenceNo": 2,
        "referSentenceyn": "Y"
      },
      {
        "sentenceNo": 3,
        "referSentenceyn": "N"
      },
      {
        "sentenceNo": 4,
        "referSentenceyn": "N"
      },
      {
        "sentenceNo": 5,
        "referSentenceyn": "N"
      },
      {
        "sentenceNo": 6,
        "referSentenceyn": "N"
      },
      {
        "sentenceNo": 7,
        "referSentenceyn": "N"
      },
      {
        "sentenceNo": 8,
        "referSentenceyn": "N"
      },
      {
        "sentenceNo": 9,
        "referSentenceyn": "N"
      },
      {
        "sentenceNo": 10,
        "referSentenceyn": "N"
      },
      {
        "sentenceNo": 11,
        "referSentenceyn": "N"
      },
      {
        "sentenceNo": 12,
        "referSentenceyn": "N"
      }
    ]
  }
}