{
  "sourceDataInfo": {
    "newsID": "EC_M02_157519",
    "newsCategory": "경제",
    "newsSubcategory": "증권",
    "newsTitle": "삼성전자, 2분기 깜짝실적…주가 상승 기대는 '경계'",
    "newsSubTitle": "",
    "newsContent": "삼성전자가 2분기 시장 기대치를 웃도는 어닝 서프라이즈를 실현한 가운데 주가 추이에 이목이 쏠리고 있다.\n하지만 실적이 주가와 바로 연결되기는 힘들 수 있다는 분석도 나오고 있다.\n삼성전자 주가는 전날 깜짝 실적 발표에도 외국인과 기관을 중심으로 매물이 대거 쏟아지며 일단은 하락세로 장을 마감했다.\n삼성전자의 2분기 매출액은 52조원으로 지난해 2분기보다는 7.3% 줄었지만, 영업이익은 22.8% 늘어난 8조1000억원을 기록했다.\n애초 금융정보업체 에프앤가이드가 취합한 2분기 영업이익 컨센서스는 6조4703억원이다.\n특히나 삼성전자의 이번 실적은 코로나19로 인해 세계 주요국들의 경제 성장률이 마이너스를 기록하는 등 경기 침체가 가시화하는 상황에서 이뤄냈다는 점에서 시장을 깜짝 놀라게 했다.\n반도체 부문에서의 선전이 실적을 뒷받침한 것으로 보인다.\n코로나19로 언택트 문화가 확산하면서 온라인 서비스 기반이 되는 서버 수요를 자극했다는 점이 유효했다.\n삼성전자는 메모리 반도체 분야에서 초격차로 세계 점유율 1위를 유지하고 있다.\n이와 같은 상황에서도 증권업계에서는 삼성전자의 목표주가를 상향하기보다는 대체로 유지하고 있는 것으로 보인다.\n이는 삼성전자의 주가가 현재 저조하기 때문인데 , 증권업계에서는 주가에 실적이 이미 선반영됐다고 보고있다.\n문지혜 신영증권 연구원은 \\\"삼성전자의 주가는 영업이익을 6개월 정도 선행하는 경향이 있다\\\"면서 \\\"영업이익의 과반을 차지하는 반도체 부문, 특히 메모리 업황에 의해 주가 방향성이 결정된다\\\"고 설명했다.\n다만, 증권업계에서는 삼성전자의 2분기 실적이 단기적 주가 상승의 요인이 될 수 있는지에 대해서 경계하고 있는 분위기다.\n이승우 유진투자증권 연구원은 미디어SR에 \\\"유동성 장세에서 실적으로 주가를 설명하기 쉽지 않다\\\"면서도 \\\"주가가 펀더멘털을 비추는 거울이기 때문에 장기적으로 보면 반도체도 언택트 문화 확산에 따른 수혜주가 될 것\\\"이라고 관측했다.\n이 연구원은 3분기 실적은 매출 59.3조원, 영업이익 8.6조원으로 예상했다.\n기존 영업이익 추정치는 9조원대 중후반이었지만, 일회성 수익 반영이 3분기에서 2분기로 이동된 점을 감안해 조정한 수치다.\n또 여전히 불확실성 요인으로 꼽히는 코로나19 재확산과 미중무역 갈등으로 인한 메모리 반도체 경기의 불확실성, 여전히 미해결 상태인 그룹 총수의 사법 리스크 등도 주가 상승에 제한을 줄 수 있는 요인이라는 분석도 나오고 있다.\n한편 에프앤가이드에 따르면 삼성전자의 올해 예상 영업이익은 전년 대비 15.7% 늘어난 32조1400억원으로 1주일 전 추정치보다 0.4% 상향 조정됐다.",
    "partNum": "P1",
    "useType": 0,
    "processType": "D",
    "processPattern": "11",
    "processLevel": "하",
    "sentenceCount": 18,
    "sentenceInfo": [
      {
        "sentenceNo": 1,
        "sentenceContent": "삼성전자가 2분기 시장 기대치를 웃도는 어닝 서프라이즈를 실현한 가운데 주가 추이에 이목이 쏠리고 있다.",
        "sentenceSize": 58
      },
      {
        "sentenceNo": 2,
        "sentenceContent": "하지만 실적이 주가와 바로 연결되기는 힘들 수 있다는 분석도 나오고 있다.",
        "sentenceSize": 41
      },
      {
        "sentenceNo": 3,
        "sentenceContent": "삼성전자 주가는 전날 깜짝 실적 발표에도 외국인과 기관을 중심으로 매물이 대거 쏟아지며 일단은 하락세로 장을 마감했다.",
        "sentenceSize": 66
      },
      {
        "sentenceNo": 4,
        "sentenceContent": "삼성전자의 2분기 매출액은 52조원으로 지난해 2분기보다는 7.3% 줄었지만, 영업이익은 22.8% 늘어난 8조1000억원을 기록했다.",
        "sentenceSize": 75
      },
      {
        "sentenceNo": 5,
        "sentenceContent": "애초 금융정보업체 에프앤가이드가 취합한 2분기 영업이익 컨센서스는 6조4703억원이다.",
        "sentenceSize": 48
      },
      {
        "sentenceNo": 6,
        "sentenceContent": "특히나 삼성전자의 이번 실적은 코로나19로 인해 세계 주요국들의 경제 성장률이 마이너스를 기록하는 등 경기 침체가 가시화하는 상황에서 이뤄냈다는 점에서 시장을 깜짝 놀라게 했다.",
        "sentenceSize": 99
      },
      {
        "sentenceNo": 7,
        "sentenceContent": "반도체 부문에서의 선전이 실적을 뒷받침한 것으로 보인다.",
        "sentenceSize": 31
      },
      {
        "sentenceNo": 8,
        "sentenceContent": "코로나19로 언택트 문화가 확산하면서 온라인 서비스 기반이 되는 서버 수요를 자극했다는 점이 유효했다.",
        "sentenceSize": 57
      },
      {
        "sentenceNo": 9,
        "sentenceContent": "삼성전자는 메모리 반도체 분야에서 초격차로 세계 점유율 1위를 유지하고 있다.",
        "sentenceSize": 43
      },
      {
        "sentenceNo": 10,
        "sentenceContent": "이와 같은 상황에서도 증권업계에서는 삼성전자의 목표주가를 상향하기보다는 대체로 유지하고 있는 것으로 보인다.",
        "sentenceSize": 60
      },
      {
        "sentenceNo": 11,
        "sentenceContent": "이는 삼성전자의 주가가 현재 저조하기 때문인데 , 증권업계에서는 주가에 실적이 이미 선반영됐다고 보고있다.",
        "sentenceSize": 59
      },
      {
        "sentenceNo": 12,
        "sentenceContent": "문지혜 신영증권 연구원은 \\\"삼성전자의 주가는 영업이익을 6개월 정도 선행하는 경향이 있다\\\"면서 \\\"영업이익의 과반을 차지하는 반도체 부문, 특히 메모리 업황에 의해 주가 방향성이 결정된다\\\"고 설명했다.",
        "sentenceSize": 115
      },
      {
        "sentenceNo": 13,
        "sentenceContent": "다만, 증권업계에서는 삼성전자의 2분기 실적이 단기적 주가 상승의 요인이 될 수 있는지에 대해서 경계하고 있는 분위기다.",
        "sentenceSize": 67
      },
      {
        "sentenceNo": 14,
        "sentenceContent": "이승우 유진투자증권 연구원은 미디어SR에 \\\"유동성 장세에서 실적으로 주가를 설명하기 쉽지 않다\\\"면서도 \\\"주가가 펀더멘털을 비추는 거울이기 때문에 장기적으로 보면 반도체도 언택트 문화 확산에 따른 수혜주가 될 것\\\"이라고 관측했다.",
        "sentenceSize": 131
      },
      {
        "sentenceNo": 15,
        "sentenceContent": "이 연구원은 3분기 실적은 매출 59.3조원, 영업이익 8.6조원으로 예상했다.",
        "sentenceSize": 44
      },
      {
        "sentenceNo": 16,
        "sentenceContent": "기존 영업이익 추정치는 9조원대 중후반이었지만, 일회성 수익 반영이 3분기에서 2분기로 이동된 점을 감안해 조정한 수치다.",
        "sentenceSize": 68
      },
      {
        "sentenceNo": 17,
        "sentenceContent": "또 여전히 불확실성 요인으로 꼽히는 코로나19 재확산과 미중무역 갈등으로 인한 메모리 반도체 경기의 불확실성, 여전히 미해결 상태인 그룹 총수의 사법 리스크 등도 주가 상승에 제한을 줄 수 있는 요인이라는 분석도 나오고 있다.",
        "sentenceSize": 126
      },
      {
        "sentenceNo": 18,
        "sentenceContent": "한편 에프앤가이드에 따르면 삼성전자의 올해 예상 영업이익은 전년 대비 15.7% 늘어난 32조1400억원으로 1주일 전 추정치보다 0.4% 상향 조정됐다.",
        "sentenceSize": 86
      }
    ]
  },
  "labeledDataInfo": {
    "newTitle": "삼성전자, 2분기 깜짝실적… 그러나 주가 상승은 과연?",
    "clickbaitClass": 0,
    "referSentenceInfo": [
      {
        "sentenceNo": 1,
        "referSentenceyn": "Y"
      },
      {
        "sentenceNo": 2,
        "referSentenceyn": "N"
      },
      {
        "sentenceNo": 3,
        "referSentenceyn": "N"
      },
      {
        "sentenceNo": 4,
        "referSentenceyn": "N"
      },
      {
        "sentenceNo": 5,
        "referSentenceyn": "N"
      },
      {
        "sentenceNo": 6,
        "referSentenceyn": "N"
      },
      {
        "sentenceNo": 7,
        "referSentenceyn": "N"
      },
      {
        "sentenceNo": 8,
        "referSentenceyn": "N"
      },
      {
        "sentenceNo": 9,
        "referSentenceyn": "N"
      },
      {
        "sentenceNo": 10,
        "referSentenceyn": "N"
      },
      {
        "sentenceNo": 11,
        "referSentenceyn": "N"
      },
      {
        "sentenceNo": 12,
        "referSentenceyn": "N"
      },
      {
        "sentenceNo": 13,
        "referSentenceyn": "Y"
      },
      {
        "sentenceNo": 14,
        "referSentenceyn": "N"
      },
      {
        "sentenceNo": 15,
        "referSentenceyn": "N"
      },
      {
        "sentenceNo": 16,
        "referSentenceyn": "N"
      },
      {
        "sentenceNo": 17,
        "referSentenceyn": "N"
      },
      {
        "sentenceNo": 18,
        "referSentenceyn": "N"
      }
    ]
  }
}