{
  "sourceDataInfo": {
    "newsID": "EC_M02_157584",
    "newsCategory": "경제",
    "newsSubcategory": "산업",
    "newsTitle": "\\\"농민 어려움 함께 나눠요\\\"…초록마을, 수해 농가에 기부금 전달",
    "newsSubTitle": "우리 씨앗•음식•농부 이야기 나누고 가치 이어가고자 마련",
    "newsContent": "대한민국 친환경 유기농 NO.1 브랜드 초록마을이 이음 프로젝트의 두 번째 이야기 '다시 맑음'을 통해 조성된 기부금을 11개 수해 농가에 전달했다고 6일 밝혔다.\n지난 4일 충북 충주에서 진행된 기부금 전달식에는 초록마을 정봉주 과일파트장과 11개 농가 대표 이복순 생산자 등이 참석했다.\n초록마을 관계자는 미디어SR에 \\\"'다시 맑음'은 이음 프로젝트의 두 번째로 지난 여름 집중호우로 인해 어려움을 겪는 농민, 농가에게 도움을 주기 위한 목적에서 기획됐다\\\"고 설명했다.\n앞서 초록마을은 우리의 씨앗, 우리의 음식, 우리의 농부 이야기를 서로 나누고 그 가치를 이어가기 위한 '이음 프로젝트'를 전개 중이다.\n기부처는 초록마을과 함께 안전하고 정직한 먹거리를 소비자들에게 제공하기 위해 오랜 기간 힘써온 농가들이다.\n초록마을은 지난 8월 24일부터 9월 6일까지 2주간 기부 대상 상품으로 선정된 과일, 채소 판매 금액의 5%에 해당하는 금액을 기부하는 '다시 맑음' 기부 프로젝트를 통해 3300만원의 기부금을 마련했다.\n기부금은 피해 규모와 복구 기간을 고려해 선정된 11개 수해 농가에게 전달됐다.\n이와 함께, 초록마을은 오는 11일 우리 땅에서 나는 우리 식재료를 활용하여 우리의 음식을 만드는 '이음 쿠킹 클래스'를 진행할 예정이다.\n초록마을 모진 대표는 \\\"이번 이음 프로젝트 두 번째 이야기인 '다시 맑음'이 초록마을 고객과 우리 농가를 이어주는 계기가 되었길 바란다\\\"며 \\\"초록마을은 친환경 유기농 대표 기업으로서 우리 땅에서 나고 자란 곡식과 농가, 농부들을 위한 다양한 이음 프로젝트 활동을 이어나갈 것\\\"이라고 말했다.",
    "partNum": "P1",
    "useType": 0,
    "processType": "D",
    "processPattern": "11",
    "processLevel": "하",
    "sentenceCount": 9,
    "sentenceInfo": [
      {
        "sentenceNo": 1,
        "sentenceContent": "대한민국 친환경 유기농 NO.1 브랜드 초록마을이 이음 프로젝트의 두 번째 이야기 '다시 맑음'을 통해 조성된 기부금을 11개 수해 농가에 전달했다고 6일 밝혔다.",
        "sentenceSize": 91
      },
      {
        "sentenceNo": 2,
        "sentenceContent": "지난 4일 충북 충주에서 진행된 기부금 전달식에는 초록마을 정봉주 과일파트장과 11개 농가 대표 이복순 생산자 등이 참석했다.",
        "sentenceSize": 70
      },
      {
        "sentenceNo": 3,
        "sentenceContent": "초록마을 관계자는 미디어SR에 \\\"'다시 맑음'은 이음 프로젝트의 두 번째로 지난 여름 집중호우로 인해 어려움을 겪는 농민, 농가에게 도움을 주기 위한 목적에서 기획됐다\\\"고 설명했다.",
        "sentenceSize": 103
      },
      {
        "sentenceNo": 4,
        "sentenceContent": "앞서 초록마을은 우리의 씨앗, 우리의 음식, 우리의 농부 이야기를 서로 나누고 그 가치를 이어가기 위한 '이음 프로젝트'를 전개 중이다.",
        "sentenceSize": 76
      },
      {
        "sentenceNo": 5,
        "sentenceContent": "기부처는 초록마을과 함께 안전하고 정직한 먹거리를 소비자들에게 제공하기 위해 오랜 기간 힘써온 농가들이다.",
        "sentenceSize": 59
      },
      {
        "sentenceNo": 6,
        "sentenceContent": "초록마을은 지난 8월 24일부터 9월 6일까지 2주간 기부 대상 상품으로 선정된 과일, 채소 판매 금액의 5%에 해당하는 금액을 기부하는 '다시 맑음' 기부 프로젝트를 통해 3300만원의 기부금을 마련했다.",
        "sentenceSize": 115
      },
      {
        "sentenceNo": 7,
        "sentenceContent": "기부금은 피해 규모와 복구 기간을 고려해 선정된 11개 수해 농가에게 전달됐다.",
        "sentenceSize": 44
      },
      {
        "sentenceNo": 8,
        "sentenceContent": "이와 함께, 초록마을은 오는 11일 우리 땅에서 나는 우리 식재료를 활용하여 우리의 음식을 만드는 '이음 쿠킹 클래스'를 진행할 예정이다.",
        "sentenceSize": 77
      },
      {
        "sentenceNo": 9,
        "sentenceContent": "초록마을 모진 대표는 \\\"이번 이음 프로젝트 두 번째 이야기인 '다시 맑음'이 초록마을 고객과 우리 농가를 이어주는 계기가 되었길 바란다\\\"며 \\\"초록마을은 친환경 유기농 대표 기업으로서 우리 땅에서 나고 자란 곡식과 농가, 농부들을 위한 다양한 이음 프로젝트 활동을 이어나갈 것\\\"이라고 말했다.",
        "sentenceSize": 166
      }
    ]
  },
  "labeledDataInfo": {
    "newTitle": "\"안전하고 정직한 먹거리 위해\"... 수해 농가에 기부금 전달한 유기농 브랜드는?",
    "clickbaitClass": 0,
    "referSentenceInfo": [
      {
        "sentenceNo": 1,
        "referSentenceyn": "Y"
      },
      {
        "sentenceNo": 2,
        "referSentenceyn": "N"
      },
      {
        "sentenceNo": 3,
        "referSentenceyn": "N"
      },
      {
        "sentenceNo": 4,
        "referSentenceyn": "N"
      },
      {
        "sentenceNo": 5,
        "referSentenceyn": "Y"
      },
      {
        "sentenceNo": 6,
        "referSentenceyn": "Y"
      },
      {
        "sentenceNo": 7,
        "referSentenceyn": "N"
      },
      {
        "sentenceNo": 8,
        "referSentenceyn": "N"
      },
      {
        "sentenceNo": 9,
        "referSentenceyn": "N"
      }
    ]
  }
}