{
  "sourceDataInfo": {
    "newsID": "EC_M02_155998",
    "newsCategory": "경제",
    "newsSubcategory": "은행",
    "newsTitle": "케이뱅크, 신용대출 한도 '최대 2억 5000만원'까지 늘린다",
    "newsSubTitle": "신용대출 상품 3종의 한도 ‘최대 1억원’ 상향",
    "newsContent": "케이뱅크가 2022년 새해를 맞아 오늘부터 신용대출 한도를 최대 2억5000만원까지 상향조정한다.\n케이뱅크는 신용대출 3종(신용대출, 마이너스통장 대출, 신용대출 플러스)에 대해 각각 최대 1억원 상향 조정한다고 5일 밝혔다.\n이번 조정을 통해 '신용대출'은 기존 1억 5000만원 한도에서 1억원을 상향에 최대 2억 5000만원까지 대출 가능하다.\n또 '마이너스통장 대출'과 '신용대출 플러스'는 한도 1억원에서 1억 5000만원으로 5000만원 증액한다.\n신용대출은 직장인 대상 상품으로 6개월 이상 재직 중이고, 연 소득 2000만원 이상인 근로소득자라면 이용할 수 있다.\n대출 금액과 이자금액을 대출 기간 동안 매월 납부하는 '원리금 균등분할상환'과 대출 기간 동안 이자만 부담하고 만기 시에 대출금을 모두 상환하는 '만기일시상환' 중 하나를 선택할 수 있다. '마이너스통장 대출'은 필요할 때마다 꺼내 쓸 수 있는 직장인 대상 대출 상품이다.\n상품 소개 페이지에서 손쉽게 최저금리 기준으로 하루치 이자 비용을 한눈에 확인 가능하다.\n특히 직장인은 물론 개인사업자와 같이 근로소득자가 아닌 경우에도 상품 이용이 가능한 '신용대출 플러스'가 눈길을 끈다.\n케이뱅크 관계자는 데일리임팩트에 \\\"기존 이용하고 있는 대출이 있더라도 추가한도로 대출 받을 수 있어 중저신용 고객에게 인기가 많은 대출 상품\\\"이라고 설명했다.\n한편, 케이뱅크는 올해 중 차별화된 신용평가모형(CSS)을 기반으로 중·저신용 고객을 확대하고, 실수요자 중심의 대출 집행을 위해 힘쓴다는 계획이다.\n1월 31일까지 신용대출과 신용대출 플러스 상품을 이용하는 중저신용(KCB 820점 이하) 고객을 위한 두 가지 이벤트를 진행한다. '이자 캐시백 이벤트'는 3개월째 이자금을 납부 하면 다음 날 바로 되돌려주는 이벤트다.\n추가로 '대출안심플랜'은 고객이 예기치 못한 중대한 사고로 대출금을 갚지 못하는 상황에 처했을 때 대신 상환해주는 서비스다.\n보험료 전액을 케이뱅크가 부담한다.",
    "partNum": "P1",
    "useType": 0,
    "processType": "D",
    "processPattern": "16",
    "processLevel": "상",
    "sentenceCount": 13,
    "sentenceInfo": [
      {
        "sentenceNo": 1,
        "sentenceContent": "케이뱅크가 2022년 새해를 맞아 오늘부터 신용대출 한도를 최대 2억5000만원까지 상향조정한다.",
        "sentenceSize": 54
      },
      {
        "sentenceNo": 2,
        "sentenceContent": "케이뱅크는 신용대출 3종(신용대출, 마이너스통장 대출, 신용대출 플러스)에 대해 각각 최대 1억원 상향 조정한다고 5일 밝혔다.",
        "sentenceSize": 71
      },
      {
        "sentenceNo": 3,
        "sentenceContent": "이번 조정을 통해 '신용대출'은 기존 1억 5000만원 한도에서 1억원을 상향에 최대 2억 5000만원까지 대출 가능하다.",
        "sentenceSize": 68
      },
      {
        "sentenceNo": 4,
        "sentenceContent": "또 '마이너스통장 대출'과 '신용대출 플러스'는 한도 1억원에서 1억 5000만원으로 5000만원 증액한다.",
        "sentenceSize": 60
      },
      {
        "sentenceNo": 5,
        "sentenceContent": "신용대출은 직장인 대상 상품으로 6개월 이상 재직 중이고, 연 소득 2000만원 이상인 근로소득자라면 이용할 수 있다.",
        "sentenceSize": 66
      },
      {
        "sentenceNo": 6,
        "sentenceContent": "대출 금액과 이자금액을 대출 기간 동안 매월 납부하는 '원리금 균등분할상환'과 대출 기간 동안 이자만 부담하고 만기 시에 대출금을 모두 상환하는 '만기일시상환' 중 하나를 선택할 수 있다. '마이너스통장 대출'은 필요할 때마다 꺼내 쓸 수 있는 직장인 대상 대출 상품이다.",
        "sentenceSize": 152
      },
      {
        "sentenceNo": 7,
        "sentenceContent": "상품 소개 페이지에서 손쉽게 최저금리 기준으로 하루치 이자 비용을 한눈에 확인 가능하다.",
        "sentenceSize": 49
      },
      {
        "sentenceNo": 8,
        "sentenceContent": "특히 직장인은 물론 개인사업자와 같이 근로소득자가 아닌 경우에도 상품 이용이 가능한 '신용대출 플러스'가 눈길을 끈다.",
        "sentenceSize": 66
      },
      {
        "sentenceNo": 9,
        "sentenceContent": "케이뱅크 관계자는 데일리임팩트에 \\\"기존 이용하고 있는 대출이 있더라도 추가한도로 대출 받을 수 있어 중저신용 고객에게 인기가 많은 대출 상품\\\"이라고 설명했다.",
        "sentenceSize": 90
      },
      {
        "sentenceNo": 10,
        "sentenceContent": "한편, 케이뱅크는 올해 중 차별화된 신용평가모형(CSS)을 기반으로 중·저신용 고객을 확대하고, 실수요자 중심의 대출 집행을 위해 힘쓴다는 계획이다.",
        "sentenceSize": 83
      },
      {
        "sentenceNo": 11,
        "sentenceContent": "1월 31일까지 신용대출과 신용대출 플러스 상품을 이용하는 중저신용(KCB 820점 이하) 고객을 위한 두 가지 이벤트를 진행한다. '이자 캐시백 이벤트'는 3개월째 이자금을 납부 하면 다음 날 바로 되돌려주는 이벤트다.",
        "sentenceSize": 123
      },
      {
        "sentenceNo": 12,
        "sentenceContent": "추가로 '대출안심플랜'은 고객이 예기치 못한 중대한 사고로 대출금을 갚지 못하는 상황에 처했을 때 대신 상환해주는 서비스다.",
        "sentenceSize": 69
      },
      {
        "sentenceNo": 13,
        "sentenceContent": "보험료 전액을 케이뱅크가 부담한다.",
        "sentenceSize": 19
      }
    ]
  },
  "labeledDataInfo": {
    "newTitle": "케이뱅크의 직장인에 반가운 소식, '최대 2억 5000만원'까지 늘린다",
    "clickbaitClass": 0,
    "referSentenceInfo": [
      {
        "sentenceNo": 1,
        "referSentenceyn": "N"
      },
      {
        "sentenceNo": 2,
        "referSentenceyn": "N"
      },
      {
        "sentenceNo": 3,
        "referSentenceyn": "Y"
      },
      {
        "sentenceNo": 4,
        "referSentenceyn": "N"
      },
      {
        "sentenceNo": 5,
        "referSentenceyn": "N"
      },
      {
        "sentenceNo": 6,
        "referSentenceyn": "N"
      },
      {
        "sentenceNo": 7,
        "referSentenceyn": "N"
      },
      {
        "sentenceNo": 8,
        "referSentenceyn": "N"
      },
      {
        "sentenceNo": 9,
        "referSentenceyn": "N"
      },
      {
        "sentenceNo": 10,
        "referSentenceyn": "N"
      },
      {
        "sentenceNo": 11,
        "referSentenceyn": "N"
      },
      {
        "sentenceNo": 12,
        "referSentenceyn": "N"
      },
      {
        "sentenceNo": 13,
        "referSentenceyn": "N"
      }
    ]
  }
}