{
  "sourceDataInfo": {
    "newsID": "EC_M02_157577",
    "newsCategory": "경제",
    "newsSubcategory": "산업",
    "newsTitle": "SK텔레콤, 홍대 ICT 문화공간 'T팩토리' 연다",
    "newsSubTitle": "홍대입구역 9번출구 앞 머큐어앰배서더 호텔 내 위치 글로벌 기업과 '초'협력… 업계 최초 MS존∙Apple존 마련 모두에게 열려있는 개방형 기술·문화 체험 공간으로",
    "newsContent": "\\\"SK텔레콤의 'T'가 아니라 기술(Technology)과 미래(Tomorrow)를 뜻하는 'T' 팩토리입니다\\\" SK텔레콤이 신규 플래그십 스토어이자 ICT 기술·문화 체험 공간 T팩토리(T Factory)를 오는 10월 31일 홍대 거리에 선보인다고 27일 밝혔다.\nT팩토리는 SK텔레콤과 국내외 다양한 파트너들의 '초협력'을 기반으로 미래 ICT 기술 비전을 제시하고, SKT만의 차별화된 서비스를 통해 다양한 문화 체험까지 즐길 수 있는 새로운 ICT멀티플렉스(복합 체험 공간)이다.\nT팩토리를 방문한 고객은 △애플∙MS 등 글로벌 기업과 SK텔레콤의 대표 협력 서비스와 상품, △보안∙미디어∙게임 등 SK ICT 패밀리사들의 핵심 서비스, △업계 최초 24시간 휴대폰 무인 구매 공간 'T팩토리 24', △MZ세대들을 위한 '0(영) 스테이지' 등 기술∙서비스∙쇼핑∙휴식 모든 영역에서 차별화된 경험을 누릴 수 있다.\nSK텔레콤 측은 \\\"기술과 문화가 어우러진 T팩토리는 그 시너지를 바탕으로 국내 ICT 생태계를 대표하는 랜드마크로 진화해 나갈 예정\\\"이라며 \\\"T팩토리는 고객에겐 새로운 경험과 즐거움을 선사하는 '문화 체험의 장'으로, 국내 ICT 업계엔 새로운 도전과 실험을 즐기는 '기술 혁신의 장'으로 활용될 것\\\"이라고 밝혔다.\nMS∙Apple 등 글로벌 파트너와 '초(超)협력'… T팩토리에서 직접 경험 SK텔레콤은 T팩토리의 핵심공간으로 T팩토리 1층 중앙에 자리한 '플렉스 스테이지(Flex Stage)'를 꼽았다.\n플렉스 스테이지는 MS∙Apple∙삼성 등 다양한 글로벌 기업들과의 SK텔레콤의 초협력을 기반으로 한 콘텐츠를 이용자에게 전달한다.\n고객의 반응과 트렌드에 따라 지속 변화하는 플렉스 스테이지는 MS와 협력해 제공 중인 '5GX 클라우드 게임'을 대형 게임 컨트롤러를 통해 즐기는 특별한 게임존으로 활용될 수 있으며, 다양한 제조사의 최신 디바이스를 직접 만지고 경험하는 체험 공간이 될 수도 있다.\n또, 플렉스 스테이지는 스타트업을 비롯해 다양한 국내 강소기업의 우수한 기술과 서비스를 소개하는 공간으로도 활용될 예정이다.\nSK텔레콤 관계자는 미디어SR에 \\\"T팩토리 방문을 통해 SK텔레콤과 글로벌 기업의 협력을 고객이 직접 경험함으로써 빅테크 기업으로 진화하는 SKT의 변화상을 쉽게 이해할 수 있을 것으로 기대한다\\\"고 밝혔다.\n국내 최초 365일 24시간 운영되는 무인 구매 공간 'T 팩토리 24' T팩토리 입구 양 옆으로 위치한 'T팩토리 24'는 SKT가 국내 최초로 선보이는 24시간 무인존이다.\n고객은 입장부터 스마트폰 비교, AI기반 요금제 컨설팅, 가입신청 및 휴대폰 수령 등 개통에 필요한 모든 업무를 스스로 처리할 수 있다.\n또, 스마트폰 액세서리 구매 및 중고폰 판매 등도 언제든 고객이 스스로 처리할 수 있도록 해 K-언택트를 대표하는 유통 모델로 자리매김 할 전망이다.\n24시간 매장 운영을 위해 고객은 첫 방문 시 SKT의 안면 인식 기술을 활용한 '셀프체크인'을 거쳐야한다.\n처음 매장 방문 시 한번만 등록하면 이후 언제든 입장이 가능하다.\n또, SK텔레콤의 ADT 캡스의 도어 센서와 열감지 센서를 접목해 개발된 키오스크를 통해 발열체크를 시행하는 등 안전한 방역 시스템도 갖췄다.\n가입신청부터 단말기 수령까지 '5분' 내로 처리 가능한 휴대폰 무인 개통 시스템은 고객 편의성 제고는 물론 지금껏 볼 수 없던 새로운 경험을 제공할 것으로 기대된다.",
    "partNum": "P1",
    "useType": 0,
    "processType": "D",
    "processPattern": "11",
    "processLevel": "하",
    "sentenceCount": 16,
    "sentenceInfo": [
      {
        "sentenceNo": 1,
        "sentenceContent": "\\\"SK텔레콤의 'T'가 아니라 기술(Technology)과 미래(Tomorrow)를 뜻하는 'T' 팩토리입니다\\\" SK텔레콤이 신규 플래그십 스토어이자 ICT 기술·문화 체험 공간 T팩토리(T Factory)를 오는 10월 31일 홍대 거리에 선보인다고 27일 밝혔다.",
        "sentenceSize": 151
      },
      {
        "sentenceNo": 2,
        "sentenceContent": "T팩토리는 SK텔레콤과 국내외 다양한 파트너들의 '초협력'을 기반으로 미래 ICT 기술 비전을 제시하고, SKT만의 차별화된 서비스를 통해 다양한 문화 체험까지 즐길 수 있는 새로운 ICT멀티플렉스(복합 체험 공간)이다.",
        "sentenceSize": 123
      },
      {
        "sentenceNo": 3,
        "sentenceContent": "T팩토리를 방문한 고객은 △애플∙MS 등 글로벌 기업과 SK텔레콤의 대표 협력 서비스와 상품, △보안∙미디어∙게임 등 SK ICT 패밀리사들의 핵심 서비스, △업계 최초 24시간 휴대폰 무인 구매 공간 'T팩토리 24', △MZ세대들을 위한 '0(영) 스테이지' 등 기술∙서비스∙쇼핑∙휴식 모든 영역에서 차별화된 경험을 누릴 수 있다.",
        "sentenceSize": 187
      },
      {
        "sentenceNo": 4,
        "sentenceContent": "SK텔레콤 측은 \\\"기술과 문화가 어우러진 T팩토리는 그 시너지를 바탕으로 국내 ICT 생태계를 대표하는 랜드마크로 진화해 나갈 예정\\\"이라며 \\\"T팩토리는 고객에겐 새로운 경험과 즐거움을 선사하는 '문화 체험의 장'으로, 국내 ICT 업계엔 새로운 도전과 실험을 즐기는 '기술 혁신의 장'으로 활용될 것\\\"이라고 밝혔다.",
        "sentenceSize": 180
      },
      {
        "sentenceNo": 5,
        "sentenceContent": "MS∙Apple 등 글로벌 파트너와 '초(超)협력'… T팩토리에서 직접 경험 SK텔레콤은 T팩토리의 핵심공간으로 T팩토리 1층 중앙에 자리한 '플렉스 스테이지(Flex Stage)'를 꼽았다.",
        "sentenceSize": 107
      },
      {
        "sentenceNo": 6,
        "sentenceContent": "플렉스 스테이지는 MS∙Apple∙삼성 등 다양한 글로벌 기업들과의 SK텔레콤의 초협력을 기반으로 한 콘텐츠를 이용자에게 전달한다.",
        "sentenceSize": 73
      },
      {
        "sentenceNo": 7,
        "sentenceContent": "고객의 반응과 트렌드에 따라 지속 변화하는 플렉스 스테이지는 MS와 협력해 제공 중인 '5GX 클라우드 게임'을 대형 게임 컨트롤러를 통해 즐기는 특별한 게임존으로 활용될 수 있으며, 다양한 제조사의 최신 디바이스를 직접 만지고 경험하는 체험 공간이 될 수도 있다.",
        "sentenceSize": 148
      },
      {
        "sentenceNo": 8,
        "sentenceContent": "또, 플렉스 스테이지는 스타트업을 비롯해 다양한 국내 강소기업의 우수한 기술과 서비스를 소개하는 공간으로도 활용될 예정이다.",
        "sentenceSize": 69
      },
      {
        "sentenceNo": 9,
        "sentenceContent": "SK텔레콤 관계자는 미디어SR에 \\\"T팩토리 방문을 통해 SK텔레콤과 글로벌 기업의 협력을 고객이 직접 경험함으로써 빅테크 기업으로 진화하는 SKT의 변화상을 쉽게 이해할 수 있을 것으로 기대한다\\\"고 밝혔다.",
        "sentenceSize": 117
      },
      {
        "sentenceNo": 10,
        "sentenceContent": "국내 최초 365일 24시간 운영되는 무인 구매 공간 'T 팩토리 24' T팩토리 입구 양 옆으로 위치한 'T팩토리 24'는 SKT가 국내 최초로 선보이는 24시간 무인존이다.",
        "sentenceSize": 98
      },
      {
        "sentenceNo": 11,
        "sentenceContent": "고객은 입장부터 스마트폰 비교, AI기반 요금제 컨설팅, 가입신청 및 휴대폰 수령 등 개통에 필요한 모든 업무를 스스로 처리할 수 있다.",
        "sentenceSize": 76
      },
      {
        "sentenceNo": 12,
        "sentenceContent": "또, 스마트폰 액세서리 구매 및 중고폰 판매 등도 언제든 고객이 스스로 처리할 수 있도록 해 K-언택트를 대표하는 유통 모델로 자리매김 할 전망이다.",
        "sentenceSize": 83
      },
      {
        "sentenceNo": 13,
        "sentenceContent": "24시간 매장 운영을 위해 고객은 첫 방문 시 SKT의 안면 인식 기술을 활용한 '셀프체크인'을 거쳐야한다.",
        "sentenceSize": 60
      },
      {
        "sentenceNo": 14,
        "sentenceContent": "처음 매장 방문 시 한번만 등록하면 이후 언제든 입장이 가능하다.",
        "sentenceSize": 36
      },
      {
        "sentenceNo": 15,
        "sentenceContent": "또, SK텔레콤의 ADT 캡스의 도어 센서와 열감지 센서를 접목해 개발된 키오스크를 통해 발열체크를 시행하는 등 안전한 방역 시스템도 갖췄다.",
        "sentenceSize": 79
      },
      {
        "sentenceNo": 16,
        "sentenceContent": "가입신청부터 단말기 수령까지 '5분' 내로 처리 가능한 휴대폰 무인 개통 시스템은 고객 편의성 제고는 물론 지금껏 볼 수 없던 새로운 경험을 제공할 것으로 기대된다.",
        "sentenceSize": 92
      }
    ]
  },
  "labeledDataInfo": {
    "newTitle": "SKT텔레콤, 돌연 홍대에 ICT 문화공간 연 사연은?",
    "clickbaitClass": 0,
    "referSentenceInfo": [
      {
        "sentenceNo": 1,
        "referSentenceyn": "Y"
      },
      {
        "sentenceNo": 2,
        "referSentenceyn": "N"
      },
      {
        "sentenceNo": 3,
        "referSentenceyn": "N"
      },
      {
        "sentenceNo": 4,
        "referSentenceyn": "N"
      },
      {
        "sentenceNo": 5,
        "referSentenceyn": "N"
      },
      {
        "sentenceNo": 6,
        "referSentenceyn": "N"
      },
      {
        "sentenceNo": 7,
        "referSentenceyn": "N"
      },
      {
        "sentenceNo": 8,
        "referSentenceyn": "N"
      },
      {
        "sentenceNo": 9,
        "referSentenceyn": "N"
      },
      {
        "sentenceNo": 10,
        "referSentenceyn": "N"
      },
      {
        "sentenceNo": 11,
        "referSentenceyn": "N"
      },
      {
        "sentenceNo": 12,
        "referSentenceyn": "N"
      },
      {
        "sentenceNo": 13,
        "referSentenceyn": "N"
      },
      {
        "sentenceNo": 14,
        "referSentenceyn": "N"
      },
      {
        "sentenceNo": 15,
        "referSentenceyn": "N"
      },
      {
        "sentenceNo": 16,
        "referSentenceyn": "N"
      }
    ]
  }
}