{
  "sourceDataInfo": {
    "newsID": "EC_M02_157394",
    "newsCategory": "경제",
    "newsSubcategory": "은행",
    "newsTitle": "코오롱티슈진 상장폐지 결정...코오롱 그룹 쇼크오나",
    "newsSubTitle": "",
    "newsContent": "한국거래소 기업심사위원회가 유전자 관절염 치료제 인보사를 개발한 코오롱티슈진의 주식시장 상장폐지를 결정하면서 코오롱티슈진은 물론이고 코오롱생명과학과 코오롱 그룹 전체 계열사의 주가에도 악영향을 미칠 것으로 보인다.\n한국거래소 코스닥시장본부는 27일 기업심사위원회 심의 결과 코오롱티슈진의 상장폐지를 결정했다고 공시했다.\n지난달 3일 식품의약품안전처가 의약품 성분이 뒤바뀐 인보사의 품목허가 취소 처분을 최종적으로 확정한 지 50여일 만의 일이다.\n기심위는 마라톤 회의 끝에 상장폐지로 결정 내렸다.\n기심위는 문제가 된 인보사의 성분이 뒤바뀐 것이 상장심사 서류상 중요한 사항의 허위 기재 또는 누락에 해당한다고 판단했다.\n식약처로부터 형사 고발당한 코오롱생명과학은 일차적으로 가장 큰 타격을 받을 전망이다.\n코오롱생명과학은 26일 공시 기준 코오롱티슈진 주식 약 767만주(12.55%)에 해당하는 지분을 보유하고 있다.\n코오롱생명과학의 미국 자회사 코오롱티슈진의 상장폐지 결정으로는 지분 평가액 감소는 물론 투약 환자에 대한 사후 관리, 관련 법적 소송 등을 책임져야 해 지분가치 하락 외에도 해결해야 할 과제가 산적해 있다.\n코오롱은 코오롱생명과학보다 많은 1663만주(27.21%)에 해당하는 티슈진 지분을 보유하고 있다.\n거래 정지 직전 가격인 8010원으로 계산하더라도 1332억원에 달하는 금액이다.\n코오롱의 시가총액이 1982억원인 점을 감안하면 시가총액에 67.2%에 달하는 금액이 평가손실로 잡힐 것으로 예상한다.\n이웅열 전 코오롱 그룹 회장도 막대한 손실이 예상된다.\n이웅열 회장은 갑작스럽게 사퇴를 발표해 인보사가 그 배경이 아니냐는 의혹을 받고 있다.\n이 전 회장은 현재 인보사 사태로 출국이 금지된 상태다.\n코오롱티슈진 지분 17.80%, 코오롱생명과학 20.35%를 보유하고 있다.\n일각에서는 코오롱그룹과 지분관계로 엮여있는 코오롱인더스트리를 포함한 계열사에도 여파가 미치는 것이 아니냐는 우려가 나오고 있다.\n코오롱인더, 코오롱글로벌, 코오롱머티리얼, 코오롱플라스틱 등 대다수 코오롱 계열사들은 유가증권시장에 상장되어 있어 해당 회사 소액주주들은 코오롱티슈진 사태 여파를 예의주시하고 있다.\n금융투자업계 관계자는 미디어SR에 \\\"개선 기간이 부여돼도 재무구조 악화 등 문제가 아닌 약의 성분 자체 잘못으로 상장폐지 결정이 나 개선할 수 있는 여지가 없어 보인다. 이의 신청을 하고 개선을 하려고 해도 사태 봉합은 쉽지 않을 것\\\"이라고 말했다.",
    "partNum": "P1",
    "useType": 0,
    "processType": "D",
    "processPattern": "11",
    "processLevel": "하",
    "sentenceCount": 18,
    "sentenceInfo": [
      {
        "sentenceNo": 1,
        "sentenceContent": "한국거래소 기업심사위원회가 유전자 관절염 치료제 인보사를 개발한 코오롱티슈진의 주식시장 상장폐지를 결정하면서 코오롱티슈진은 물론이고 코오롱생명과학과 코오롱 그룹 전체 계열사의 주가에도 악영향을 미칠 것으로 보인다.",
        "sentenceSize": 119
      },
      {
        "sentenceNo": 2,
        "sentenceContent": "한국거래소 코스닥시장본부는 27일 기업심사위원회 심의 결과 코오롱티슈진의 상장폐지를 결정했다고 공시했다.",
        "sentenceSize": 58
      },
      {
        "sentenceNo": 3,
        "sentenceContent": "지난달 3일 식품의약품안전처가 의약품 성분이 뒤바뀐 인보사의 품목허가 취소 처분을 최종적으로 확정한 지 50여일 만의 일이다.",
        "sentenceSize": 70
      },
      {
        "sentenceNo": 4,
        "sentenceContent": "기심위는 마라톤 회의 끝에 상장폐지로 결정 내렸다.",
        "sentenceSize": 28
      },
      {
        "sentenceNo": 5,
        "sentenceContent": "기심위는 문제가 된 인보사의 성분이 뒤바뀐 것이 상장심사 서류상 중요한 사항의 허위 기재 또는 누락에 해당한다고 판단했다.",
        "sentenceSize": 68
      },
      {
        "sentenceNo": 6,
        "sentenceContent": "식약처로부터 형사 고발당한 코오롱생명과학은 일차적으로 가장 큰 타격을 받을 전망이다.",
        "sentenceSize": 47
      },
      {
        "sentenceNo": 7,
        "sentenceContent": "코오롱생명과학은 26일 공시 기준 코오롱티슈진 주식 약 767만주(12.55%)에 해당하는 지분을 보유하고 있다.",
        "sentenceSize": 63
      },
      {
        "sentenceNo": 8,
        "sentenceContent": "코오롱생명과학의 미국 자회사 코오롱티슈진의 상장폐지 결정으로는 지분 평가액 감소는 물론 투약 환자에 대한 사후 관리, 관련 법적 소송 등을 책임져야 해 지분가치 하락 외에도 해결해야 할 과제가 산적해 있다.",
        "sentenceSize": 115
      },
      {
        "sentenceNo": 9,
        "sentenceContent": "코오롱은 코오롱생명과학보다 많은 1663만주(27.21%)에 해당하는 티슈진 지분을 보유하고 있다.",
        "sentenceSize": 55
      },
      {
        "sentenceNo": 10,
        "sentenceContent": "거래 정지 직전 가격인 8010원으로 계산하더라도 1332억원에 달하는 금액이다.",
        "sentenceSize": 45
      },
      {
        "sentenceNo": 11,
        "sentenceContent": "코오롱의 시가총액이 1982억원인 점을 감안하면 시가총액에 67.2%에 달하는 금액이 평가손실로 잡힐 것으로 예상한다.",
        "sentenceSize": 66
      },
      {
        "sentenceNo": 12,
        "sentenceContent": "이웅열 전 코오롱 그룹 회장도 막대한 손실이 예상된다.",
        "sentenceSize": 30
      },
      {
        "sentenceNo": 13,
        "sentenceContent": "이웅열 회장은 갑작스럽게 사퇴를 발표해 인보사가 그 배경이 아니냐는 의혹을 받고 있다.",
        "sentenceSize": 48
      },
      {
        "sentenceNo": 14,
        "sentenceContent": "이 전 회장은 현재 인보사 사태로 출국이 금지된 상태다.",
        "sentenceSize": 31
      },
      {
        "sentenceNo": 15,
        "sentenceContent": "코오롱티슈진 지분 17.80%, 코오롱생명과학 20.35%를 보유하고 있다.",
        "sentenceSize": 42
      },
      {
        "sentenceNo": 16,
        "sentenceContent": "일각에서는 코오롱그룹과 지분관계로 엮여있는 코오롱인더스트리를 포함한 계열사에도 여파가 미치는 것이 아니냐는 우려가 나오고 있다.",
        "sentenceSize": 71
      },
      {
        "sentenceNo": 17,
        "sentenceContent": "코오롱인더, 코오롱글로벌, 코오롱머티리얼, 코오롱플라스틱 등 대다수 코오롱 계열사들은 유가증권시장에 상장되어 있어 해당 회사 소액주주들은 코오롱티슈진 사태 여파를 예의주시하고 있다.",
        "sentenceSize": 101
      },
      {
        "sentenceNo": 18,
        "sentenceContent": "금융투자업계 관계자는 미디어SR에 \\\"개선 기간이 부여돼도 재무구조 악화 등 문제가 아닌 약의 성분 자체 잘못으로 상장폐지 결정이 나 개선할 수 있는 여지가 없어 보인다. 이의 신청을 하고 개선을 하려고 해도 사태 봉합은 쉽지 않을 것\\\"이라고 말했다.",
        "sentenceSize": 141
      }
    ]
  },
  "labeledDataInfo": {
    "newTitle": " 상장폐지 결정했다고 공시된 코오롱티슈진, 자세한 내막은..?",
    "clickbaitClass": 0,
    "referSentenceInfo": [
      {
        "sentenceNo": 1,
        "referSentenceyn": "N"
      },
      {
        "sentenceNo": 2,
        "referSentenceyn": "Y"
      },
      {
        "sentenceNo": 3,
        "referSentenceyn": "N"
      },
      {
        "sentenceNo": 4,
        "referSentenceyn": "N"
      },
      {
        "sentenceNo": 5,
        "referSentenceyn": "N"
      },
      {
        "sentenceNo": 6,
        "referSentenceyn": "N"
      },
      {
        "sentenceNo": 7,
        "referSentenceyn": "N"
      },
      {
        "sentenceNo": 8,
        "referSentenceyn": "N"
      },
      {
        "sentenceNo": 9,
        "referSentenceyn": "N"
      },
      {
        "sentenceNo": 10,
        "referSentenceyn": "N"
      },
      {
        "sentenceNo": 11,
        "referSentenceyn": "N"
      },
      {
        "sentenceNo": 12,
        "referSentenceyn": "N"
      },
      {
        "sentenceNo": 13,
        "referSentenceyn": "N"
      },
      {
        "sentenceNo": 14,
        "referSentenceyn": "N"
      },
      {
        "sentenceNo": 15,
        "referSentenceyn": "N"
      },
      {
        "sentenceNo": 16,
        "referSentenceyn": "N"
      },
      {
        "sentenceNo": 17,
        "referSentenceyn": "N"
      },
      {
        "sentenceNo": 18,
        "referSentenceyn": "N"
      }
    ]
  }
}