{
  "sourceDataInfo": {
    "newsID": "EC_M02_158117",
    "newsCategory": "경제",
    "newsSubcategory": "은행",
    "newsTitle": "신한베트남은행, 베트남 현지서 '1530억원 규모' 채권 발행",
    "newsSubTitle": "진출 29년만의 첫 현지통화 채권 발행",
    "newsContent": "신한은행은 신한베트남은행이 2조8000억동 규모(한화 약 1530억원)의 베트남 현지 채권을 발행했다고 11일 밝혔다.\n이번 발행 채권은 신한베트남은행 진출 29년만의 첫 현지통화 채권이자, 베트남에 진출한 외국계 은행 중 2번째 발행이다.\n미국 연준의 통화긴축 영향으로 베트남 국채금리가 급등하는 등 얼어붙은 채권 투자심리 상황에서도 채권 발행에 성공했다는 부분도 주목된다.\n신한은행 관계자는 데일리임팩트에 \\\"이번 채권 발행을 통해 신한베트남은행이 현지에서 높은 신용도를 인정받고 있음을 확인 할 수 있었다\\\"라고 설명했다.\n한편, 이번 채권은 발행금리 4.0%의 2년 만기물로 발행됐다.\n베트남 4대 국유은행의 1년 정기예금 평균금리가 5.5% 이상인 점을 감안 시 저금리로 안정적인 장기자금을 조달했다는 것이 시장의 평가다.\n신한베트남은행 관계자는 \\\"글로벌 금융시장의 변동성 확대에 대비하기 위해 채권을 발행했다\\\"며 \\\"증가하는 현지 고객들의 다양한 금융 수요에 선제적 대응 차원에서 추가 발행도 고려 중이다\\\"고 말했다.",
    "partNum": "P1",
    "useType": 0,
    "processType": "D",
    "processPattern": "11",
    "processLevel": "하",
    "sentenceCount": 7,
    "sentenceInfo": [
      {
        "sentenceNo": 1,
        "sentenceContent": "신한은행은 신한베트남은행이 2조8000억동 규모(한화 약 1530억원)의 베트남 현지 채권을 발행했다고 11일 밝혔다.",
        "sentenceSize": 66
      },
      {
        "sentenceNo": 2,
        "sentenceContent": "이번 발행 채권은 신한베트남은행 진출 29년만의 첫 현지통화 채권이자, 베트남에 진출한 외국계 은행 중 2번째 발행이다.",
        "sentenceSize": 67
      },
      {
        "sentenceNo": 3,
        "sentenceContent": "미국 연준의 통화긴축 영향으로 베트남 국채금리가 급등하는 등 얼어붙은 채권 투자심리 상황에서도 채권 발행에 성공했다는 부분도 주목된다.",
        "sentenceSize": 75
      },
      {
        "sentenceNo": 4,
        "sentenceContent": "신한은행 관계자는 데일리임팩트에 \\\"이번 채권 발행을 통해 신한베트남은행이 현지에서 높은 신용도를 인정받고 있음을 확인 할 수 있었다\\\"라고 설명했다.",
        "sentenceSize": 84
      },
      {
        "sentenceNo": 5,
        "sentenceContent": "한편, 이번 채권은 발행금리 4.0%의 2년 만기물로 발행됐다.",
        "sentenceSize": 35
      },
      {
        "sentenceNo": 6,
        "sentenceContent": "베트남 4대 국유은행의 1년 정기예금 평균금리가 5.5% 이상인 점을 감안 시 저금리로 안정적인 장기자금을 조달했다는 것이 시장의 평가다.",
        "sentenceSize": 77
      },
      {
        "sentenceNo": 7,
        "sentenceContent": "신한베트남은행 관계자는 \\\"글로벌 금융시장의 변동성 확대에 대비하기 위해 채권을 발행했다\\\"며 \\\"증가하는 현지 고객들의 다양한 금융 수요에 선제적 대응 차원에서 추가 발행도 고려 중이다\\\"고 말했다.",
        "sentenceSize": 112
      }
    ]
  },
  "labeledDataInfo": {
    "newTitle": "신한은행, 베트남 현지 채권 발행... 그 규모가 상당하다는데...",
    "clickbaitClass": 0,
    "referSentenceInfo": [
      {
        "sentenceNo": 1,
        "referSentenceyn": "Y"
      },
      {
        "sentenceNo": 2,
        "referSentenceyn": "N"
      },
      {
        "sentenceNo": 3,
        "referSentenceyn": "N"
      },
      {
        "sentenceNo": 4,
        "referSentenceyn": "N"
      },
      {
        "sentenceNo": 5,
        "referSentenceyn": "N"
      },
      {
        "sentenceNo": 6,
        "referSentenceyn": "N"
      },
      {
        "sentenceNo": 7,
        "referSentenceyn": "N"
      }
    ]
  }
}