{
  "sourceDataInfo": {
    "newsID": "EC_M02_155980",
    "newsCategory": "경제",
    "newsSubcategory": "은행",
    "newsTitle": "기업은행, 창립 60주년 기념 'IBK 60 특판정기예금·중금채' 출시",
    "newsSubTitle": "총 2조원 한도, 8월말까지 한시판매",
    "newsContent": "IBK기업은행은 창립 60주년을 기념해 총 2조원 한도의 'IBK 60 특판정기예금'과 'IBK 60 특판중금채'를 8월말까지 한시적으로 판매한다고 2일 밝혔다.\n대상은 개인고객으로 가입금액은 1인당 최소 1000만원 이상 최대 5억원이며 기간은 'IBK 60 특판정기예금'은 6개월 또는 1년, 'IBK 60 특판중금채'는 1년이다.\n상품의 기본 금리는 시장금리에 연동되기 때문에 가입시점에 확정된다.\n최대 연 0.6%포인트의 우대금리를 포함해 최고금리는 연 1.46%(8월 2일·중금채 기준)이다.\n우대 금리 조건은 △신규가입 시 창립 60주년 축하메시지를 입력(연 0.2%포인트) △비대면 신규하고 만기해지 시까지 종이통장 미발행(연 0.2%포인트) △계약기간 동안 ESG상품(IBK늘푸른하늘통장 또는 그린카드V2) 가입 또는 코로나19 백신접종(연 0.2%포인트)으로 구성돼있다.\n상품 가입은 영업점과 비대면 채널인 스마트뱅킹 앱 'i-ONE 뱅크'를 통해 가능하다.\n창립 60주년 특판 상품 출시를 기념해 'i-ONE 뱅크'를 통해 가입한 고객을 대상으로 경품이벤트도 진행한다.\nIBK기업은행과 같이 1961년생 또는 8월생인 고객 중 추첨을 통해 60명에게 케이크 모바일상품권을 제공한다.\n또한 축하메시지 작성 고객 중 60명을 선정해 여행상품권, 외식상품권, 편의점 모바일상품권 등을 제공한다.\n기업은행 관계자는 미디어SR에 \\\"창립 60주년 기념 대고객 사은행사 일환으로 상품 출시를 기획했다\\\"며 \\\"고객이 쉽게 참여할 수 있는 ESG 실천 항목을 통해 우대금리도 받고 ESG 활동에도 동참할 수 있는 1석 2조 상품\\\"이라고 강조했다.",
    "partNum": "P1",
    "useType": 0,
    "processType": "D",
    "processPattern": "16",
    "processLevel": "상",
    "sentenceCount": 10,
    "sentenceInfo": [
      {
        "sentenceNo": 1,
        "sentenceContent": "IBK기업은행은 창립 60주년을 기념해 총 2조원 한도의 'IBK 60 특판정기예금'과 'IBK 60 특판중금채'를 8월말까지 한시적으로 판매한다고 2일 밝혔다.",
        "sentenceSize": 90
      },
      {
        "sentenceNo": 2,
        "sentenceContent": "대상은 개인고객으로 가입금액은 1인당 최소 1000만원 이상 최대 5억원이며 기간은 'IBK 60 특판정기예금'은 6개월 또는 1년, 'IBK 60 특판중금채'는 1년이다.",
        "sentenceSize": 96
      },
      {
        "sentenceNo": 3,
        "sentenceContent": "상품의 기본 금리는 시장금리에 연동되기 때문에 가입시점에 확정된다.",
        "sentenceSize": 37
      },
      {
        "sentenceNo": 4,
        "sentenceContent": "최대 연 0.6%포인트의 우대금리를 포함해 최고금리는 연 1.46%(8월 2일·중금채 기준)이다.",
        "sentenceSize": 54
      },
      {
        "sentenceNo": 5,
        "sentenceContent": "우대 금리 조건은 △신규가입 시 창립 60주년 축하메시지를 입력(연 0.2%포인트) △비대면 신규하고 만기해지 시까지 종이통장 미발행(연 0.2%포인트) △계약기간 동안 ESG상품(IBK늘푸른하늘통장 또는 그린카드V2) 가입 또는 코로나19 백신접종(연 0.2%포인트)으로 구성돼있다.",
        "sentenceSize": 159
      },
      {
        "sentenceNo": 6,
        "sentenceContent": "상품 가입은 영업점과 비대면 채널인 스마트뱅킹 앱 'i-ONE 뱅크'를 통해 가능하다.",
        "sentenceSize": 48
      },
      {
        "sentenceNo": 7,
        "sentenceContent": "창립 60주년 특판 상품 출시를 기념해 'i-ONE 뱅크'를 통해 가입한 고객을 대상으로 경품이벤트도 진행한다.",
        "sentenceSize": 62
      },
      {
        "sentenceNo": 8,
        "sentenceContent": "IBK기업은행과 같이 1961년생 또는 8월생인 고객 중 추첨을 통해 60명에게 케이크 모바일상품권을 제공한다.",
        "sentenceSize": 62
      },
      {
        "sentenceNo": 9,
        "sentenceContent": "또한 축하메시지 작성 고객 중 60명을 선정해 여행상품권, 외식상품권, 편의점 모바일상품권 등을 제공한다.",
        "sentenceSize": 59
      },
      {
        "sentenceNo": 10,
        "sentenceContent": "기업은행 관계자는 미디어SR에 \\\"창립 60주년 기념 대고객 사은행사 일환으로 상품 출시를 기획했다\\\"며 \\\"고객이 쉽게 참여할 수 있는 ESG 실천 항목을 통해 우대금리도 받고 ESG 활동에도 동참할 수 있는 1석 2조 상품\\\"이라고 강조했다.",
        "sentenceSize": 137
      }
    ]
  },
  "labeledDataInfo": {
    "newTitle": "기업은행, 창립 60주년 기념 전 국민 대상 한시적 출시한다",
    "clickbaitClass": 0,
    "referSentenceInfo": [
      {
        "sentenceNo": 1,
        "referSentenceyn": "Y"
      },
      {
        "sentenceNo": 2,
        "referSentenceyn": "N"
      },
      {
        "sentenceNo": 3,
        "referSentenceyn": "N"
      },
      {
        "sentenceNo": 4,
        "referSentenceyn": "N"
      },
      {
        "sentenceNo": 5,
        "referSentenceyn": "N"
      },
      {
        "sentenceNo": 6,
        "referSentenceyn": "N"
      },
      {
        "sentenceNo": 7,
        "referSentenceyn": "N"
      },
      {
        "sentenceNo": 8,
        "referSentenceyn": "N"
      },
      {
        "sentenceNo": 9,
        "referSentenceyn": "N"
      },
      {
        "sentenceNo": 10,
        "referSentenceyn": "N"
      }
    ]
  }
}