{
  "sourceDataInfo": {
    "newsID": "EC_M02_156420",
    "newsCategory": "경제",
    "newsSubcategory": "은행",
    "newsTitle": "KB국민은행, 고객자산 리스크 관리 체계 개편...\\\"은행 자산 수준으로 관리 강화\\\"",
    "newsSubTitle": "",
    "newsContent": "KB국민은행이 고객 자산 리스크 관리 체계를 개편해 금융소비자 보호를 더욱 강화한다.\nKB국민은행은 펀드, 신탁 등 고객자산의 리스크관리 업무를 은행 고유자산 리스크를 담당하는 리스크관리부서로 이관했다고 11일 밝혔다.\n또한 고객자산에 대해 은행 고유자산 리스크 관리 정책에 준하는 의사결정 협의체를 추가로 신설했다.\n고객자산관리 책임을 은행 고유자산과 같은 수준으로 끌어올려 리스크 관리에 더욱 적극적으로 임하겠다는 의미다.\n기존에 KB국민은행은 투자 상품을 관리하는 금융투자상품본부에서 고객자산의 리스크 관리를 수행해 왔다.\n이번에 신설된 고객자산 리스크관리심의회와 고객자산 리스크관리협의회는 자산 유형별 리스크관리 정책과 절차를 심의하는 기능을 하게 된다.\n유관부서장들이 심의한 후 유관그룹 임원들의 3분의 2 이상이 찬성하면 결의된다.\n한편 KB국민은행은 지난해 소비자보호 강화를 위해 '전행적 소비자보호 강화를 위한 TFT'를 구성한 바 있다.\n또 올해 초에는 금융소비자보호 업무를 총괄하는 '소비자보호본부'를 신설해 고객보호 업무의 전문성과 독립성을 더욱 강화했다.\nKB국민은행 관계자는 미디어SR에 \\\"감독 당국의 금융소비자 보호 강화 요구에 따라 은행권에서는 최초로 고객자산 리스크관리 업무를 은행 고유자산 리스크 관리 부서로 이관했다\\\"면서 \\\"은행 자산 관리 체계에 준하는 수준으로 고객자산 관리 체계를 만들어, 고객 자산도 은행 자산만큼 리스크 관리를 강화하겠다는 의미\\\"라고 말했다.",
    "partNum": "P1",
    "useType": 0,
    "processType": "D",
    "processPattern": "14",
    "processLevel": "중",
    "sentenceCount": 10,
    "sentenceInfo": [
      {
        "sentenceNo": 1,
        "sentenceContent": "KB국민은행이 고객 자산 리스크 관리 체계를 개편해 금융소비자 보호를 더욱 강화한다.",
        "sentenceSize": 47
      },
      {
        "sentenceNo": 2,
        "sentenceContent": "KB국민은행은 펀드, 신탁 등 고객자산의 리스크관리 업무를 은행 고유자산 리스크를 담당하는 리스크관리부서로 이관했다고 11일 밝혔다.",
        "sentenceSize": 74
      },
      {
        "sentenceNo": 3,
        "sentenceContent": "또한 고객자산에 대해 은행 고유자산 리스크 관리 정책에 준하는 의사결정 협의체를 추가로 신설했다.",
        "sentenceSize": 54
      },
      {
        "sentenceNo": 4,
        "sentenceContent": "고객자산관리 책임을 은행 고유자산과 같은 수준으로 끌어올려 리스크 관리에 더욱 적극적으로 임하겠다는 의미다.",
        "sentenceSize": 60
      },
      {
        "sentenceNo": 5,
        "sentenceContent": "기존에 KB국민은행은 투자 상품을 관리하는 금융투자상품본부에서 고객자산의 리스크 관리를 수행해 왔다.",
        "sentenceSize": 56
      },
      {
        "sentenceNo": 6,
        "sentenceContent": "이번에 신설된 고객자산 리스크관리심의회와 고객자산 리스크관리협의회는 자산 유형별 리스크관리 정책과 절차를 심의하는 기능을 하게 된다.",
        "sentenceSize": 74
      },
      {
        "sentenceNo": 7,
        "sentenceContent": "유관부서장들이 심의한 후 유관그룹 임원들의 3분의 2 이상이 찬성하면 결의된다.",
        "sentenceSize": 44
      },
      {
        "sentenceNo": 8,
        "sentenceContent": "한편 KB국민은행은 지난해 소비자보호 강화를 위해 '전행적 소비자보호 강화를 위한 TFT'를 구성한 바 있다.",
        "sentenceSize": 61
      },
      {
        "sentenceNo": 9,
        "sentenceContent": "또 올해 초에는 금융소비자보호 업무를 총괄하는 '소비자보호본부'를 신설해 고객보호 업무의 전문성과 독립성을 더욱 강화했다.",
        "sentenceSize": 68
      },
      {
        "sentenceNo": 10,
        "sentenceContent": "KB국민은행 관계자는 미디어SR에 \\\"감독 당국의 금융소비자 보호 강화 요구에 따라 은행권에서는 최초로 고객자산 리스크관리 업무를 은행 고유자산 리스크 관리 부서로 이관했다\\\"면서 \\\"은행 자산 관리 체계에 준하는 수준으로 고객자산 관리 체계를 만들어, 고객 자산도 은행 자산만큼 리스크 관리를 강화하겠다는 의미\\\"라고 말했다.",
        "sentenceSize": 183
      }
    ]
  },
  "labeledDataInfo": {
    "newTitle": "KB국민은행의 고객 자산 관리 개편, '알잘딱깔센' 강화 예고",
    "clickbaitClass": 0,
    "referSentenceInfo": [
      {
        "sentenceNo": 1,
        "referSentenceyn": "Y"
      },
      {
        "sentenceNo": 2,
        "referSentenceyn": "N"
      },
      {
        "sentenceNo": 3,
        "referSentenceyn": "N"
      },
      {
        "sentenceNo": 4,
        "referSentenceyn": "N"
      },
      {
        "sentenceNo": 5,
        "referSentenceyn": "N"
      },
      {
        "sentenceNo": 6,
        "referSentenceyn": "N"
      },
      {
        "sentenceNo": 7,
        "referSentenceyn": "N"
      },
      {
        "sentenceNo": 8,
        "referSentenceyn": "N"
      },
      {
        "sentenceNo": 9,
        "referSentenceyn": "N"
      },
      {
        "sentenceNo": 10,
        "referSentenceyn": "N"
      }
    ]
  }
}