{
  "sourceDataInfo": {
    "newsID": "EC_M02_157998",
    "newsCategory": "경제",
    "newsSubcategory": "자동차",
    "newsTitle": "기아, 英 진출 30여년 만에 월간 판매 1위",
    "newsSubTitle": "기아, 영국 시장서 총 1만504대 판매",
    "newsContent": "기아자동차가 영국 진출 이후 31년 만에 월간 판매 1위를 기록했다.\n9일 영국자동차공업협회(SMMT)에 따르면 기아차는 지난 1월 영국 시장에서 총 1만504대를 판매했다.\n업체별 실적에서는 아우디와 폭스바겐을 제치고 전체 1위를 차지했다.\n시장 점유율 역시 역대 최고인 9.13%를 달성했다.\n전년 동월 대비 67.50% 증가한 판매 수치로 이 같은 판매호조는 기아의 대표 SUV 모델인 스포티지와 니로가 견인한 것으로 나타났다.\n스포티지는 3458대가 팔리며 전체 차종별 판매 1위에 올랐다.\n니로는 2372대가 판매돼 3위를 차지했다.\n기아 관계자는 데일리임팩트에 \\\"영국 내 전기차 산업수요가 크게 증가하면서 기아의 니로EV와 EV6 등 경쟁력 있는 전기차가 판매 확대에 기여했다\\\"고 설명했다.\n기아는 이달 초 신형 스포티지를 영국에 출시했으며 이를 통해 판매 상승세를 이어간다는 계획이다.\n기아 영국법인 폴 필폿 CEO는 \\\"지난달 기록적인 판매 실적은 경쟁력 있는 제품을 고객에게 제공하기 위해 법인과 딜러 네트워크 간 긴밀히 협력했기에 가능했다\\\"며 \\\"지난해 여름부터 기아 모델들에 대한 수요가 확대되고 있어 앞으로 판매 성장세가 이어질 것\\\"이라고 말했다.",
    "partNum": "P1",
    "useType": 0,
    "processType": "D",
    "processPattern": "11",
    "processLevel": "하",
    "sentenceCount": 10,
    "sentenceInfo": [
      {
        "sentenceNo": 1,
        "sentenceContent": "기아자동차가 영국 진출 이후 31년 만에 월간 판매 1위를 기록했다.",
        "sentenceSize": 38
      },
      {
        "sentenceNo": 2,
        "sentenceContent": "9일 영국자동차공업협회(SMMT)에 따르면 기아차는 지난 1월 영국 시장에서 총 1만504대를 판매했다.",
        "sentenceSize": 58
      },
      {
        "sentenceNo": 3,
        "sentenceContent": "업체별 실적에서는 아우디와 폭스바겐을 제치고 전체 1위를 차지했다.",
        "sentenceSize": 37
      },
      {
        "sentenceNo": 4,
        "sentenceContent": "시장 점유율 역시 역대 최고인 9.13%를 달성했다.",
        "sentenceSize": 29
      },
      {
        "sentenceNo": 5,
        "sentenceContent": "전년 동월 대비 67.50% 증가한 판매 수치로 이 같은 판매호조는 기아의 대표 SUV 모델인 스포티지와 니로가 견인한 것으로 나타났다.",
        "sentenceSize": 76
      },
      {
        "sentenceNo": 6,
        "sentenceContent": "스포티지는 3458대가 팔리며 전체 차종별 판매 1위에 올랐다.",
        "sentenceSize": 35
      },
      {
        "sentenceNo": 7,
        "sentenceContent": "니로는 2372대가 판매돼 3위를 차지했다.",
        "sentenceSize": 24
      },
      {
        "sentenceNo": 8,
        "sentenceContent": "기아 관계자는 데일리임팩트에 \\\"영국 내 전기차 산업수요가 크게 증가하면서 기아의 니로EV와 EV6 등 경쟁력 있는 전기차가 판매 확대에 기여했다\\\"고 설명했다.",
        "sentenceSize": 90
      },
      {
        "sentenceNo": 9,
        "sentenceContent": "기아는 이달 초 신형 스포티지를 영국에 출시했으며 이를 통해 판매 상승세를 이어간다는 계획이다.",
        "sentenceSize": 53
      },
      {
        "sentenceNo": 10,
        "sentenceContent": "기아 영국법인 폴 필폿 CEO는 \\\"지난달 기록적인 판매 실적은 경쟁력 있는 제품을 고객에게 제공하기 위해 법인과 딜러 네트워크 간 긴밀히 협력했기에 가능했다\\\"며 \\\"지난해 여름부터 기아 모델들에 대한 수요가 확대되고 있어 앞으로 판매 성장세가 이어질 것\\\"이라고 말했다.",
        "sentenceSize": 153
      }
    ]
  },
  "labeledDataInfo": {
    "newTitle": "해외 진출 월간 판매 1위를 기록한 기아자동차... 실질 판매 실적은?",
    "clickbaitClass": 0,
    "referSentenceInfo": [
      {
        "sentenceNo": 1,
        "referSentenceyn": "N"
      },
      {
        "sentenceNo": 2,
        "referSentenceyn": "Y"
      },
      {
        "sentenceNo": 3,
        "referSentenceyn": "N"
      },
      {
        "sentenceNo": 4,
        "referSentenceyn": "N"
      },
      {
        "sentenceNo": 5,
        "referSentenceyn": "N"
      },
      {
        "sentenceNo": 6,
        "referSentenceyn": "N"
      },
      {
        "sentenceNo": 7,
        "referSentenceyn": "N"
      },
      {
        "sentenceNo": 8,
        "referSentenceyn": "N"
      },
      {
        "sentenceNo": 9,
        "referSentenceyn": "N"
      },
      {
        "sentenceNo": 10,
        "referSentenceyn": "N"
      }
    ]
  }
}