{
  "sourceDataInfo": {
    "newsID": "EC_M02_157551",
    "newsCategory": "경제",
    "newsSubcategory": "산업",
    "newsTitle": "성남 bhc 매장서 직원 6명 '집단 감염' …\\\"방역 지침 철저히 준수\\\"",
    "newsSubTitle": "\\\"판정 전달받은 후 해당 매장 전 직원, 즉시 자가 격리\\\" \\\"방역 철저히 준수, 진행되는 모든 상황 투명히 전달\\\"",
    "newsContent": "경기도 성남의 한 bhc치킨 매장 직원 6명이 잇따라 코로나19(신종 코로나바이러스 감염증) 확진 판정을 받은 가운데 bhc측이 공식 입장을 발표했다.\n앞서, 지난달 31일 월요일 bhc치킨 신흥수진역점 직원 1명(성남시 325번 환자)이 코로나19 확진 판정을 받았다.\n이어 2일에는 같은 매장의 동료 직원 3명이 확진 판정을 받았으며 3일에도 직원 2명의 감염 사실이 확인됐다.\n이 매장에는 모두 7명이 근무하며 나머지 1명은 음성 판정을 받았다.\n이에 bhc는 이날 보도자료를 내고 금일 보도된 bhc 신흥수진역점 확진자 발생 관련해 bhc 전 가맹점은 코로나 방역수칙을 철저히 준수하고 있다고 발표했다.\nbhc는 보도자료를 통해 \\\"신흥수진역점 직원이 외부에서 감염돼 확진 판정을 전달받은 후 해당 매장 전 직원은 즉시 자가 격리 조치됐다\\\"면서 \\\"지난 1일 매장 방역과 동시에 휴점에 들어갔다\\\"고 설명했다.\nbhc는 이어 \\\"확진자와 밀접촉하여 자가 격리 중인 모든 직원에 대해 코로나19 검사를 진행했으며, 현재 당일 기준으로 5명의 직원이 추가 확진돼 누적 확진자는 총 직원 7명 중 6명이며 1명은 음성 판정을 받았다\\\"고 밝혔다.\n매장 내 CCTV 등 관련된 정보를 확인한 결과에 따르면 bhc 신흥수진역점 매장 내 직원들은 마스크를 철저히 착용한 것으로 드러났다.\n현재 방역당국은 확진자 6명에 대한 감염경로 및 동선과 접촉자 분류를 위한 심층역학조사를 진행 중으로, 해당 기간 매장 방문객 중 증상이 발현된 경우 보건소로 연락해 달라고 지침을 내린 상태다.\nbhc 관계자는 이날 미디어SR에 \\\"향후 bhc는 방역당국의 모든 조사에 대해 적극적으로 임해 확산 방지 및 상황 종결을 위해 최선을 다할 것\\\"이라며 \\\"진행되는 모든 상황을 투명하게 전달 드릴 것\\\"이라고 말했다.\n관계자는 이어 \\\"금일 전국 bhc 매장은 추가 방역을 진행 매장 내 직원의 개인위생 수칙을 더욱 철저히 준수하고 있다\\\"며 \\\"향후 추가 확진자 발생되지 않도록 더욱더 철저히 가맹점 관리에 만전을 다하며, 코로나 상황 종결을 위해 최선을 다할 것을 약속드린다\\\"고 강조했다.",
    "partNum": "P1",
    "useType": 0,
    "processType": "D",
    "processPattern": "11",
    "processLevel": "하",
    "sentenceCount": 11,
    "sentenceInfo": [
      {
        "sentenceNo": 1,
        "sentenceContent": "경기도 성남의 한 bhc치킨 매장 직원 6명이 잇따라 코로나19(신종 코로나바이러스 감염증) 확진 판정을 받은 가운데 bhc측이 공식 입장을 발표했다.",
        "sentenceSize": 84
      },
      {
        "sentenceNo": 2,
        "sentenceContent": "앞서, 지난달 31일 월요일 bhc치킨 신흥수진역점 직원 1명(성남시 325번 환자)이 코로나19 확진 판정을 받았다.",
        "sentenceSize": 66
      },
      {
        "sentenceNo": 3,
        "sentenceContent": "이어 2일에는 같은 매장의 동료 직원 3명이 확진 판정을 받았으며 3일에도 직원 2명의 감염 사실이 확인됐다.",
        "sentenceSize": 61
      },
      {
        "sentenceNo": 4,
        "sentenceContent": "이 매장에는 모두 7명이 근무하며 나머지 1명은 음성 판정을 받았다.",
        "sentenceSize": 38
      },
      {
        "sentenceNo": 5,
        "sentenceContent": "이에 bhc는 이날 보도자료를 내고 금일 보도된 bhc 신흥수진역점 확진자 발생 관련해 bhc 전 가맹점은 코로나 방역수칙을 철저히 준수하고 있다고 발표했다.",
        "sentenceSize": 88
      },
      {
        "sentenceNo": 6,
        "sentenceContent": "bhc는 보도자료를 통해 \\\"신흥수진역점 직원이 외부에서 감염돼 확진 판정을 전달받은 후 해당 매장 전 직원은 즉시 자가 격리 조치됐다\\\"면서 \\\"지난 1일 매장 방역과 동시에 휴점에 들어갔다\\\"고 설명했다.",
        "sentenceSize": 116
      },
      {
        "sentenceNo": 7,
        "sentenceContent": "bhc는 이어 \\\"확진자와 밀접촉하여 자가 격리 중인 모든 직원에 대해 코로나19 검사를 진행했으며, 현재 당일 기준으로 5명의 직원이 추가 확진돼 누적 확진자는 총 직원 7명 중 6명이며 1명은 음성 판정을 받았다\\\"고 밝혔다.",
        "sentenceSize": 128
      },
      {
        "sentenceNo": 8,
        "sentenceContent": "매장 내 CCTV 등 관련된 정보를 확인한 결과에 따르면 bhc 신흥수진역점 매장 내 직원들은 마스크를 철저히 착용한 것으로 드러났다.",
        "sentenceSize": 75
      },
      {
        "sentenceNo": 9,
        "sentenceContent": "현재 방역당국은 확진자 6명에 대한 감염경로 및 동선과 접촉자 분류를 위한 심층역학조사를 진행 중으로, 해당 기간 매장 방문객 중 증상이 발현된 경우 보건소로 연락해 달라고 지침을 내린 상태다.",
        "sentenceSize": 108
      },
      {
        "sentenceNo": 10,
        "sentenceContent": "bhc 관계자는 이날 미디어SR에 \\\"향후 bhc는 방역당국의 모든 조사에 대해 적극적으로 임해 확산 방지 및 상황 종결을 위해 최선을 다할 것\\\"이라며 \\\"진행되는 모든 상황을 투명하게 전달 드릴 것\\\"이라고 말했다.",
        "sentenceSize": 122
      },
      {
        "sentenceNo": 11,
        "sentenceContent": "관계자는 이어 \\\"금일 전국 bhc 매장은 추가 방역을 진행 매장 내 직원의 개인위생 수칙을 더욱 철저히 준수하고 있다\\\"며 \\\"향후 추가 확진자 발생되지 않도록 더욱더 철저히 가맹점 관리에 만전을 다하며, 코로나 상황 종결을 위해 최선을 다할 것을 약속드린다\\\"고 강조했다.",
        "sentenceSize": 154
      }
    ]
  },
  "labeledDataInfo": {
    "newTitle": "성남 bhc 매장서 코로나19 집단 감염 사태 발생한 이유는?",
    "clickbaitClass": 0,
    "referSentenceInfo": [
      {
        "sentenceNo": 1,
        "referSentenceyn": "Y"
      },
      {
        "sentenceNo": 2,
        "referSentenceyn": "N"
      },
      {
        "sentenceNo": 3,
        "referSentenceyn": "N"
      },
      {
        "sentenceNo": 4,
        "referSentenceyn": "N"
      },
      {
        "sentenceNo": 5,
        "referSentenceyn": "N"
      },
      {
        "sentenceNo": 6,
        "referSentenceyn": "N"
      },
      {
        "sentenceNo": 7,
        "referSentenceyn": "N"
      },
      {
        "sentenceNo": 8,
        "referSentenceyn": "N"
      },
      {
        "sentenceNo": 9,
        "referSentenceyn": "N"
      },
      {
        "sentenceNo": 10,
        "referSentenceyn": "N"
      },
      {
        "sentenceNo": 11,
        "referSentenceyn": "Y"
      }
    ]
  }
}