{
  "sourceDataInfo": {
    "newsID": "EC_M02_157268",
    "newsCategory": "경제",
    "newsSubcategory": "은행",
    "newsTitle": "사회적기업 지원이 아니라 '투자' 길 열렸다",
    "newsSubTitle": "",
    "newsContent": "IBK투자증권이 사회적 기업에 투자하는 국내 첫 사모펀드를 출시했다.\nIBK투자증권은 110억 원 규모의 `사회적 기업 전문 사모투자신탁 1호`를 조성했다고 29일 밝혔다.\n투자자는 한국성장금융(60억 원), 행복나눔재단(40억 원), KEB하나은행(10억 원)으로 운용액은 110억 원이다.\n투자 대상은 사회적기업육성법에 따라 인증받은 사회적기업과 예비 사회적기업이다.\n지난해 말 기준 인증 사회적기업은 1,877개다.\n이들이 나서는 프로젝트와 사회적기업에 자금을 조달하는 크라우드 펀딩 업체도 투자 대상에 포함한다.\nIBK투자증권은 현재 투자 대상 기업을 물색하고 있다.\nIBK투자증권은 `사회성과인센티브` 평가 시스템을 활용해 사회적 기업의 성장성, 수익성뿐 아니라 사회적 가치를 측정하고 투자 대상을 결정할 예정이다.\n사회성과인센티브는 SK가 주도해 개발했으며 현재 오광성 한국사회적기업진흥원장과 박태규 연세대학교 명예교수가 사회성과인센티브 공동 추진단장을 맡고 있다.\nSK는 사회성과인센티브를 토대로 지난해 유의미한 사회적 가치를 생산한 93개 사회적기업에 50억원의 인센티브를 지급한 바 있다.\n김영규 IBK투자증권 사장은 구체적인 추진 일정을 묻는 미디어SR에 \\\"사회적 가치를 많이 창출하는 기업이 재무 성과도 좋을 수 있다는 것을 증명해 보이는 것이 펀드의 기본 운용 목표\\\"라고 밝혔다.\n바로 오늘 IBK투자금융과 한국성장금융, SK행복나눔재단, KEB하나은행은 30일 MOU(투자 양해각서)를 체결하고 본격적인 펀드 운용에 나선다.고 전했다.\n1호 사모펀드가 사회적기업에 대한 민간 투자를 이끌어내는 촉매 역할을 할지 사회적경제 업계의 관심이 쏠리고 있다.",
    "partNum": "P1",
    "useType": 0,
    "processType": "D",
    "processPattern": "11",
    "processLevel": "하",
    "sentenceCount": 13,
    "sentenceInfo": [
      {
        "sentenceNo": 1,
        "sentenceContent": "IBK투자증권이 사회적 기업에 투자하는 국내 첫 사모펀드를 출시했다.",
        "sentenceSize": 38
      },
      {
        "sentenceNo": 2,
        "sentenceContent": "IBK투자증권은 110억 원 규모의 `사회적 기업 전문 사모투자신탁 1호`를 조성했다고 29일 밝혔다.",
        "sentenceSize": 57
      },
      {
        "sentenceNo": 3,
        "sentenceContent": "투자자는 한국성장금융(60억 원), 행복나눔재단(40억 원), KEB하나은행(10억 원)으로 운용액은 110억 원이다.",
        "sentenceSize": 66
      },
      {
        "sentenceNo": 4,
        "sentenceContent": "투자 대상은 사회적기업육성법에 따라 인증받은 사회적기업과 예비 사회적기업이다.",
        "sentenceSize": 43
      },
      {
        "sentenceNo": 5,
        "sentenceContent": "지난해 말 기준 인증 사회적기업은 1,877개다.",
        "sentenceSize": 27
      },
      {
        "sentenceNo": 6,
        "sentenceContent": "이들이 나서는 프로젝트와 사회적기업에 자금을 조달하는 크라우드 펀딩 업체도 투자 대상에 포함한다.",
        "sentenceSize": 54
      },
      {
        "sentenceNo": 7,
        "sentenceContent": "IBK투자증권은 현재 투자 대상 기업을 물색하고 있다.",
        "sentenceSize": 30
      },
      {
        "sentenceNo": 8,
        "sentenceContent": "IBK투자증권은 `사회성과인센티브` 평가 시스템을 활용해 사회적 기업의 성장성, 수익성뿐 아니라 사회적 가치를 측정하고 투자 대상을 결정할 예정이다.",
        "sentenceSize": 83
      },
      {
        "sentenceNo": 9,
        "sentenceContent": "사회성과인센티브는 SK가 주도해 개발했으며 현재 오광성 한국사회적기업진흥원장과 박태규 연세대학교 명예교수가 사회성과인센티브 공동 추진단장을 맡고 있다.",
        "sentenceSize": 84
      },
      {
        "sentenceNo": 10,
        "sentenceContent": "SK는 사회성과인센티브를 토대로 지난해 유의미한 사회적 가치를 생산한 93개 사회적기업에 50억원의 인센티브를 지급한 바 있다.",
        "sentenceSize": 71
      },
      {
        "sentenceNo": 11,
        "sentenceContent": "김영규 IBK투자증권 사장은 구체적인 추진 일정을 묻는 미디어SR에 \\\"사회적 가치를 많이 창출하는 기업이 재무 성과도 좋을 수 있다는 것을 증명해 보이는 것이 펀드의 기본 운용 목표\\\"라고 밝혔다.",
        "sentenceSize": 111
      },
      {
        "sentenceNo": 12,
        "sentenceContent": "바로 오늘 IBK투자금융과 한국성장금융, SK행복나눔재단, KEB하나은행은 30일 MOU(투자 양해각서)를 체결하고 본격적인 펀드 운용에 나선다.고 전했다.",
        "sentenceSize": 87
      },
      {
        "sentenceNo": 13,
        "sentenceContent": "1호 사모펀드가 사회적기업에 대한 민간 투자를 이끌어내는 촉매 역할을 할지 사회적경제 업계의 관심이 쏠리고 있다.",
        "sentenceSize": 63
      }
    ]
  },
  "labeledDataInfo": {
    "newTitle": "사회적 기업에 투자... 국내 첫 사모펀드 성공 조짐 보이나?",
    "clickbaitClass": 0,
    "referSentenceInfo": [
      {
        "sentenceNo": 1,
        "referSentenceyn": "Y"
      },
      {
        "sentenceNo": 2,
        "referSentenceyn": "N"
      },
      {
        "sentenceNo": 3,
        "referSentenceyn": "N"
      },
      {
        "sentenceNo": 4,
        "referSentenceyn": "N"
      },
      {
        "sentenceNo": 5,
        "referSentenceyn": "N"
      },
      {
        "sentenceNo": 6,
        "referSentenceyn": "N"
      },
      {
        "sentenceNo": 7,
        "referSentenceyn": "N"
      },
      {
        "sentenceNo": 8,
        "referSentenceyn": "N"
      },
      {
        "sentenceNo": 9,
        "referSentenceyn": "N"
      },
      {
        "sentenceNo": 10,
        "referSentenceyn": "N"
      },
      {
        "sentenceNo": 11,
        "referSentenceyn": "N"
      },
      {
        "sentenceNo": 12,
        "referSentenceyn": "N"
      },
      {
        "sentenceNo": 13,
        "referSentenceyn": "N"
      }
    ]
  }
}