{
  "sourceDataInfo": {
    "newsID": "EC_M02_156502",
    "newsCategory": "경제",
    "newsSubcategory": "은행",
    "newsTitle": "'빚잔치의 그림자?'…가계 빚 1800조원 돌파 '역대 최고'",
    "newsSubTitle": "한은, \\\"지난 2분기 가계신용 잔액 1805조원 돌파\\\" 코로나19 장기화 속 '영끌‧빚투'로 '역대급 빚 잔치'",
    "newsContent": "우리나라 가계 빚이 1800조원을 넘어섰다.\n1년 새 무려 170조원 가까이 늘어난 수치다.\n금융당국의 대출 규제와 영끌(영혼까지 끌어모아서 투자)과 빚투(빚내서 투자)의 여파, 신종 코로나바이러스 감염증(코로나19) 사태의 장기화에 따른 생활자금 수요 급증이 '역대급 빚 잔치'의 원인으로 분석된다.\n한국은행이 24일 발표한 '2021년 2분기 가계신용(잠정)'에 따르면 지난 2분기 말 기준 가계신용 잔액은 역대 2분기 기준 사상 최대치인 1805조9000억원을 기록했다.\n이는 전 분기 말 대비 2.3%(41조2000억원) 늘어난 수치이자, 전년 동기 대비로는 10.3%(168조1000억원) 가량 증가한 수준이다.\n특히 전년 동기 대비 증가량은 역대 최대 수치 기록이다.\n우선 가계신용에서 가장 큰 부분을 차지하는 가계대출 잔액은 전 분기 대비 2.3%(38조6000억원)증가한 1705조3000억원을 기록했다.\n특히 가계대출은 지난해 3분기부터 2%대 증가율을 이어가며 여전히 꺾이지 않는 증가세를 보여주고 있다.\n가계대출 증가세를 주도한 건 신용대출을 포함한 기타대출이었다.\n지난 2분기 기타대출은 757조원으로 전 분기 대비 2.9%(21조3000억원) 늘어났다.\n지난 1분기에는 전 분기 대비 14조원 가량 늘어나며 증가세가 주춤한 듯했지만, 2분기 들어 다시 20조원대를 돌파했다.\n송재창 한국은행 금융통계팀장은 데일리임팩트에 \\\"지난 4월 말 일부 기업의 공모주 청약에 따른 자금 수요가 발생했다\\\"며 \\\"여기에 코로나19 영향으로 생활자금 수요가 늘어난 것도 기타대출 증가세에 적잖은 영향을 미쳤다\\\"라고 설명했다.\n반면 주택담보대출의 증가세는 소폭 둔화했다.\n주택담보대출의 경우, 전국 주택 거래량 감소의 영향으로 전 분기 대비 17조3000억원 늘어나는 수준에 머물렀다.\n직전 분기(1분기)에 전 분기 대비 20조원 이상 늘어난 점에 비춰보면 증가세가 주춤한 것으로 평가할 수 있다.\n민간소비심리를 파악할 수 있는 판매신용(신용카드 할부액 등) 잔액은 2분기 기준 100조6000억원으로 전 분기 대비 2조 7000억원 증가했다.\n한국은행 측은 \\\"4차 대유행 이전, 코로나19 백신 접종이 순조롭게 진행되면서 소비심리가 개선됐고 이 같은 추세가 신용카드 사용액 증가로 이어진 것으로 보인다\\\"라고 설명했다.",
    "partNum": "P1",
    "useType": 0,
    "processType": "D",
    "processPattern": "14",
    "processLevel": "중",
    "sentenceCount": 17,
    "sentenceInfo": [
      {
        "sentenceNo": 1,
        "sentenceContent": "우리나라 가계 빚이 1800조원을 넘어섰다.",
        "sentenceSize": 24
      },
      {
        "sentenceNo": 2,
        "sentenceContent": "1년 새 무려 170조원 가까이 늘어난 수치다.",
        "sentenceSize": 26
      },
      {
        "sentenceNo": 3,
        "sentenceContent": "금융당국의 대출 규제와 영끌(영혼까지 끌어모아서 투자)과 빚투(빚내서 투자)의 여파, 신종 코로나바이러스 감염증(코로나19) 사태의 장기화에 따른 생활자금 수요 급증이 '역대급 빚 잔치'의 원인으로 분석된다.",
        "sentenceSize": 116
      },
      {
        "sentenceNo": 4,
        "sentenceContent": "한국은행이 24일 발표한 '2021년 2분기 가계신용(잠정)'에 따르면 지난 2분기 말 기준 가계신용 잔액은 역대 2분기 기준 사상 최대치인 1805조9000억원을 기록했다.",
        "sentenceSize": 97
      },
      {
        "sentenceNo": 5,
        "sentenceContent": "이는 전 분기 말 대비 2.3%(41조2000억원) 늘어난 수치이자, 전년 동기 대비로는 10.3%(168조1000억원) 가량 증가한 수준이다.",
        "sentenceSize": 80
      },
      {
        "sentenceNo": 6,
        "sentenceContent": "특히 전년 동기 대비 증가량은 역대 최대 수치 기록이다.",
        "sentenceSize": 31
      },
      {
        "sentenceNo": 7,
        "sentenceContent": "우선 가계신용에서 가장 큰 부분을 차지하는 가계대출 잔액은 전 분기 대비 2.3%(38조6000억원)증가한 1705조3000억원을 기록했다.",
        "sentenceSize": 78
      },
      {
        "sentenceNo": 8,
        "sentenceContent": "특히 가계대출은 지난해 3분기부터 2%대 증가율을 이어가며 여전히 꺾이지 않는 증가세를 보여주고 있다.",
        "sentenceSize": 57
      },
      {
        "sentenceNo": 9,
        "sentenceContent": "가계대출 증가세를 주도한 건 신용대출을 포함한 기타대출이었다.",
        "sentenceSize": 34
      },
      {
        "sentenceNo": 10,
        "sentenceContent": "지난 2분기 기타대출은 757조원으로 전 분기 대비 2.9%(21조3000억원) 늘어났다.",
        "sentenceSize": 50
      },
      {
        "sentenceNo": 11,
        "sentenceContent": "지난 1분기에는 전 분기 대비 14조원 가량 늘어나며 증가세가 주춤한 듯했지만, 2분기 들어 다시 20조원대를 돌파했다.",
        "sentenceSize": 67
      },
      {
        "sentenceNo": 12,
        "sentenceContent": "송재창 한국은행 금융통계팀장은 데일리임팩트에 \\\"지난 4월 말 일부 기업의 공모주 청약에 따른 자금 수요가 발생했다\\\"며 \\\"여기에 코로나19 영향으로 생활자금 수요가 늘어난 것도 기타대출 증가세에 적잖은 영향을 미쳤다\\\"라고 설명했다.",
        "sentenceSize": 132
      },
      {
        "sentenceNo": 13,
        "sentenceContent": "반면 주택담보대출의 증가세는 소폭 둔화했다.",
        "sentenceSize": 24
      },
      {
        "sentenceNo": 14,
        "sentenceContent": "주택담보대출의 경우, 전국 주택 거래량 감소의 영향으로 전 분기 대비 17조3000억원 늘어나는 수준에 머물렀다.",
        "sentenceSize": 63
      },
      {
        "sentenceNo": 15,
        "sentenceContent": "직전 분기(1분기)에 전 분기 대비 20조원 이상 늘어난 점에 비춰보면 증가세가 주춤한 것으로 평가할 수 있다.",
        "sentenceSize": 62
      },
      {
        "sentenceNo": 16,
        "sentenceContent": "민간소비심리를 파악할 수 있는 판매신용(신용카드 할부액 등) 잔액은 2분기 기준 100조6000억원으로 전 분기 대비 2조 7000억원 증가했다.",
        "sentenceSize": 81
      },
      {
        "sentenceNo": 17,
        "sentenceContent": "한국은행 측은 \\\"4차 대유행 이전, 코로나19 백신 접종이 순조롭게 진행되면서 소비심리가 개선됐고 이 같은 추세가 신용카드 사용액 증가로 이어진 것으로 보인다\\\"라고 설명했다.",
        "sentenceSize": 99
      }
    ]
  },
  "labeledDataInfo": {
    "newTitle": "코로나 여파, 우리나라 가계 빚 1,800조 원 돌파... '이생망'",
    "clickbaitClass": 0,
    "referSentenceInfo": [
      {
        "sentenceNo": 1,
        "referSentenceyn": "Y"
      },
      {
        "sentenceNo": 2,
        "referSentenceyn": "N"
      },
      {
        "sentenceNo": 3,
        "referSentenceyn": "N"
      },
      {
        "sentenceNo": 4,
        "referSentenceyn": "N"
      },
      {
        "sentenceNo": 5,
        "referSentenceyn": "N"
      },
      {
        "sentenceNo": 6,
        "referSentenceyn": "N"
      },
      {
        "sentenceNo": 7,
        "referSentenceyn": "N"
      },
      {
        "sentenceNo": 8,
        "referSentenceyn": "N"
      },
      {
        "sentenceNo": 9,
        "referSentenceyn": "N"
      },
      {
        "sentenceNo": 10,
        "referSentenceyn": "N"
      },
      {
        "sentenceNo": 11,
        "referSentenceyn": "N"
      },
      {
        "sentenceNo": 12,
        "referSentenceyn": "N"
      },
      {
        "sentenceNo": 13,
        "referSentenceyn": "N"
      },
      {
        "sentenceNo": 14,
        "referSentenceyn": "N"
      },
      {
        "sentenceNo": 15,
        "referSentenceyn": "N"
      },
      {
        "sentenceNo": 16,
        "referSentenceyn": "N"
      },
      {
        "sentenceNo": 17,
        "referSentenceyn": "N"
      }
    ]
  }
}