{
  "sourceDataInfo": {
    "newsID": "EC_M02_157820",
    "newsCategory": "경제",
    "newsSubcategory": "산업",
    "newsTitle": "LH, 조직쇄신...고위직 대거 교체인사 단행",
    "newsSubTitle": "",
    "newsContent": "한국토지주택공사(LH)는 상임이사 교체를 비롯한 조직쇄신 인사를 단행했다고 21일 밝혔다.\n김현준 사장 취임 이후 첫 임원인사다.\n상임이사 5명 중 4명이 물러났고, 1급 부서장에 대해서도 대거 교체인사를 단행했다.\n규모로만 봐도 상임이사 4명을 교체하는 역대 최대 폭 인사다.\n장기보직 부서장을 과감히 재배치하는 한편, 여성 본부장을 전격 발탁해 상위직의 여성 참여비율도 한층 높였다.\nLH는 지난 4월 김현준 사장 취임 이후 부동산 투기연루자에 대한 고강도 인사조치를 실시해왔다.\n부동산 투기를 포함해 비위 정도가 심대한 직원 4명을 파면하고, 2명을 해임했으며, 2명은 직권면직했다.\n아울러, 부동산 투기나 전관 특혜, 매입임대 비리 관련 수사 중인 직원들을 직위해제 조치한데 이어 수사 결과에 따라 엄정한 조치를 내리기로 했다.\n임직원 부동산 신고·등록 시스템 조기구축, 실사용 목적 외 토지 취득금지 등 내부 통제장치도 대폭 강화했다.\nLH관계자는 미디어SR에 \\\"모든 임직원이 단계적으로 부동산 보유현황을 전부 다 등록하고 있다\\\"고 설명했다.",
    "partNum": "P1",
    "useType": 0,
    "processType": "D",
    "processPattern": "11",
    "processLevel": "하",
    "sentenceCount": 10,
    "sentenceInfo": [
      {
        "sentenceNo": 1,
        "sentenceContent": "한국토지주택공사(LH)는 상임이사 교체를 비롯한 조직쇄신 인사를 단행했다고 21일 밝혔다.",
        "sentenceSize": 50
      },
      {
        "sentenceNo": 2,
        "sentenceContent": "김현준 사장 취임 이후 첫 임원인사다.",
        "sentenceSize": 21
      },
      {
        "sentenceNo": 3,
        "sentenceContent": "상임이사 5명 중 4명이 물러났고, 1급 부서장에 대해서도 대거 교체인사를 단행했다.",
        "sentenceSize": 47
      },
      {
        "sentenceNo": 4,
        "sentenceContent": "규모로만 봐도 상임이사 4명을 교체하는 역대 최대 폭 인사다.",
        "sentenceSize": 34
      },
      {
        "sentenceNo": 5,
        "sentenceContent": "장기보직 부서장을 과감히 재배치하는 한편, 여성 본부장을 전격 발탁해 상위직의 여성 참여비율도 한층 높였다.",
        "sentenceSize": 60
      },
      {
        "sentenceNo": 6,
        "sentenceContent": "LH는 지난 4월 김현준 사장 취임 이후 부동산 투기연루자에 대한 고강도 인사조치를 실시해왔다.",
        "sentenceSize": 53
      },
      {
        "sentenceNo": 7,
        "sentenceContent": "부동산 투기를 포함해 비위 정도가 심대한 직원 4명을 파면하고, 2명을 해임했으며, 2명은 직권면직했다.",
        "sentenceSize": 58
      },
      {
        "sentenceNo": 8,
        "sentenceContent": "아울러, 부동산 투기나 전관 특혜, 매입임대 비리 관련 수사 중인 직원들을 직위해제 조치한데 이어 수사 결과에 따라 엄정한 조치를 내리기로 했다.",
        "sentenceSize": 81
      },
      {
        "sentenceNo": 9,
        "sentenceContent": "임직원 부동산 신고·등록 시스템 조기구축, 실사용 목적 외 토지 취득금지 등 내부 통제장치도 대폭 강화했다.",
        "sentenceSize": 60
      },
      {
        "sentenceNo": 10,
        "sentenceContent": "LH관계자는 미디어SR에 \\\"모든 임직원이 단계적으로 부동산 보유현황을 전부 다 등록하고 있다\\\"고 설명했다.",
        "sentenceSize": 61
      }
    ]
  },
  "labeledDataInfo": {
    "newTitle": "한국토지주택공사(LH), 조직쇄신 인사를 단행, 내부 통제장치 강화하나?",
    "clickbaitClass": 0,
    "referSentenceInfo": [
      {
        "sentenceNo": 1,
        "referSentenceyn": "N"
      },
      {
        "sentenceNo": 2,
        "referSentenceyn": "N"
      },
      {
        "sentenceNo": 3,
        "referSentenceyn": "N"
      },
      {
        "sentenceNo": 4,
        "referSentenceyn": "N"
      },
      {
        "sentenceNo": 5,
        "referSentenceyn": "N"
      },
      {
        "sentenceNo": 6,
        "referSentenceyn": "N"
      },
      {
        "sentenceNo": 7,
        "referSentenceyn": "N"
      },
      {
        "sentenceNo": 8,
        "referSentenceyn": "N"
      },
      {
        "sentenceNo": 9,
        "referSentenceyn": "Y"
      },
      {
        "sentenceNo": 10,
        "referSentenceyn": "N"
      }
    ]
  }
}