{
  "sourceDataInfo": {
    "newsID": "EC_M02_157940",
    "newsCategory": "경제",
    "newsSubcategory": "보험",
    "newsTitle": "삼성생명, 지역 청년활동가 지원사업에 5년간 50억 지원",
    "newsSubTitle": "전국 21개 청년단체 선정, 지원금 전달식 개최",
    "newsContent": "삼성생명은 지역사회 문제해결을 위해 추진한 '지역 청년활동가 지원사업'에 최종 선정된 전국 21개 청년 단체에 지역문제 해결 프로젝트 지원금을 전달했다고 17일 밝혔다.\n이날 전달식에는 박성호 행정안전부 지방자치분권실장과 송상진 삼성생명 사회공헌단장, 김용덕 사회연대은행 이사장, 3개 청년 단체 대표가 참석했다.\n전달식에 참여한 김민지 장수청년산사공 대표는 \\\"지역사회가 당면한 다양한 사회 문제를 청년들 스스로 해결하고 지역사회 주체가 되기 위한 프로젝트를 추진하고 있다\\\"며 \\\"이번 사업을 통해 특히 일자리와 아동 돌봄 환경 개선에 기여하고자 한다\\\"고 설명했다.\n지역 청년활동가 지원사업은 삼성생명이 행정안전부, 사회연대은행과 공동시행하는 사업이다.\n지난 8월 삼성생명-행정안전부-사회연대은행간 업무협약(MOU)을 체결하고, 지방권 청년의 일자리 부족 등 사회적 이슈 해소에 기여하고자 지역문제 해결을 위해 노력하는 청년활동가들에게 올해부터 5년간 총 50억원을 지원할 계획이다.\n전국 10개 지자체에서 선정된 청년단체는 지난 8월 공모를 거쳐 서류심사, 현장 실사, 면접심사를 통해 선발됐다.\n지역별로 세종 3, 경기 4, 강원 1, 충남 1, 전북 3, 전남 1, 경북 2, 경남 5, 제주 1개소로 지역 균형을 고려했다.\n1개소당 최대 4500만원의 사업비와 단체 활동에 유용한 교육 및 외부 전문가 컨설팅, 네트워킹 등 사후관리가 제공된다.\n삼성생명 관계자는 데일리임팩트에 \\\"청년의 힘으로 지역의 문제를 주체적으로 해결할 수 있도록 지원금 뿐 아니라 교육, 컨설팅 등 다양한 지원을 아끼지 않겠다\\\"고 말했다.",
    "partNum": "P1",
    "useType": 0,
    "processType": "D",
    "processPattern": "11",
    "processLevel": "하",
    "sentenceCount": 9,
    "sentenceInfo": [
      {
        "sentenceNo": 1,
        "sentenceContent": "삼성생명은 지역사회 문제해결을 위해 추진한 '지역 청년활동가 지원사업'에 최종 선정된 전국 21개 청년 단체에 지역문제 해결 프로젝트 지원금을 전달했다고 17일 밝혔다.",
        "sentenceSize": 94
      },
      {
        "sentenceNo": 2,
        "sentenceContent": "이날 전달식에는 박성호 행정안전부 지방자치분권실장과 송상진 삼성생명 사회공헌단장, 김용덕 사회연대은행 이사장, 3개 청년 단체 대표가 참석했다.",
        "sentenceSize": 80
      },
      {
        "sentenceNo": 3,
        "sentenceContent": "전달식에 참여한 김민지 장수청년산사공 대표는 \\\"지역사회가 당면한 다양한 사회 문제를 청년들 스스로 해결하고 지역사회 주체가 되기 위한 프로젝트를 추진하고 있다\\\"며 \\\"이번 사업을 통해 특히 일자리와 아동 돌봄 환경 개선에 기여하고자 한다\\\"고 설명했다.",
        "sentenceSize": 143
      },
      {
        "sentenceNo": 4,
        "sentenceContent": "지역 청년활동가 지원사업은 삼성생명이 행정안전부, 사회연대은행과 공동시행하는 사업이다.",
        "sentenceSize": 48
      },
      {
        "sentenceNo": 5,
        "sentenceContent": "지난 8월 삼성생명-행정안전부-사회연대은행간 업무협약(MOU)을 체결하고, 지방권 청년의 일자리 부족 등 사회적 이슈 해소에 기여하고자 지역문제 해결을 위해 노력하는 청년활동가들에게 올해부터 5년간 총 50억원을 지원할 계획이다.",
        "sentenceSize": 128
      },
      {
        "sentenceNo": 6,
        "sentenceContent": "전국 10개 지자체에서 선정된 청년단체는 지난 8월 공모를 거쳐 서류심사, 현장 실사, 면접심사를 통해 선발됐다.",
        "sentenceSize": 63
      },
      {
        "sentenceNo": 7,
        "sentenceContent": "지역별로 세종 3, 경기 4, 강원 1, 충남 1, 전북 3, 전남 1, 경북 2, 경남 5, 제주 1개소로 지역 균형을 고려했다.",
        "sentenceSize": 73
      },
      {
        "sentenceNo": 8,
        "sentenceContent": "1개소당 최대 4500만원의 사업비와 단체 활동에 유용한 교육 및 외부 전문가 컨설팅, 네트워킹 등 사후관리가 제공된다.",
        "sentenceSize": 67
      },
      {
        "sentenceNo": 9,
        "sentenceContent": "삼성생명 관계자는 데일리임팩트에 \\\"청년의 힘으로 지역의 문제를 주체적으로 해결할 수 있도록 지원금 뿐 아니라 교육, 컨설팅 등 다양한 지원을 아끼지 않겠다\\\"고 말했다.",
        "sentenceSize": 95
      }
    ]
  },
  "labeledDataInfo": {
    "newTitle": "'지역 청년활동가 지원사업'에 삼성생명이 전달한 금액은?",
    "clickbaitClass": 0,
    "referSentenceInfo": [
      {
        "sentenceNo": 1,
        "referSentenceyn": "N"
      },
      {
        "sentenceNo": 2,
        "referSentenceyn": "N"
      },
      {
        "sentenceNo": 3,
        "referSentenceyn": "N"
      },
      {
        "sentenceNo": 4,
        "referSentenceyn": "N"
      },
      {
        "sentenceNo": 5,
        "referSentenceyn": "Y"
      },
      {
        "sentenceNo": 6,
        "referSentenceyn": "N"
      },
      {
        "sentenceNo": 7,
        "referSentenceyn": "N"
      },
      {
        "sentenceNo": 8,
        "referSentenceyn": "N"
      },
      {
        "sentenceNo": 9,
        "referSentenceyn": "N"
      }
    ]
  }
}