{
  "sourceDataInfo": {
    "newsID": "EC_M02_158127",
    "newsCategory": "경제",
    "newsSubcategory": "증권",
    "newsTitle": "토스증권, 예탁금 이용료 연 1%로 대폭 인상",
    "newsSubTitle": "예탁금 이용수익 대부분 투자자 환원",
    "newsContent": "토스증권은 고객의 예탁금 계좌 잔액에 대해 지급하는 이자에 해당하는 '예탁금 이용료'를 연 1%(세전)로 대폭 인상한다고 16일 밝혔다.\n토스증권에 따르면 연 1% 이자는 현재 국내 증권사가 제공하는 예탁금 이용료 중 가장 높다.\n토스증권의 기존 예탁금 이용료 0.2%에 비해 0.8%포인트 인상된 수치다.\n토스증권은 고객의 예탁금으로부터 발생한 이용수익의 대부분을 고객에게 돌려줌으로써 투자자 편익을 한층 강화한다는 계획이다.\n예탁금 이용료란 투자자가 계좌에 예치한 현금성 자산을 증권사가 증권금융 등에 예탁하면서 발생하는 이자 수익이다.\n이용료율은 증권사가 예탁금을 맡기는 기관의 금리 변동에 맞춰 정할 수 있다.\n토스증권 고객이라면 오늘부터 누구나 금액에 제한없이 예탁금에 대해 연 1% 이자를 적용받을 수 있다.\n다만 해당 이자는 원화 자산에 한해 적용되며 외화(달러) 자산 및 투자 중인 금액에는 적용되지 않는다.\n이자 지급 주기도 기존 분기별 지급에서 1달 주기로 변경해 이자금액에 대한 유동성을 높였다.\n매달 마지막 영업일에 전 날까지의 예탁금 평균 잔액을 계산해 당월 이자를 지급한다.\n고객들은 '총 자산' 페이지를 통해 당월 지급될 예상 이자를 상시 확인할 수 있다.\n토스증권 관계자는 데일리임팩트에 \\\"고객이 투자금을 입금하는 순간부터 믿고 거래할 수 있는 투자 서비스를 만들어 나갈 것\\\"이라고 말했다.",
    "partNum": "P1",
    "useType": 0,
    "processType": "D",
    "processPattern": "11",
    "processLevel": "하",
    "sentenceCount": 12,
    "sentenceInfo": [
      {
        "sentenceNo": 1,
        "sentenceContent": "토스증권은 고객의 예탁금 계좌 잔액에 대해 지급하는 이자에 해당하는 '예탁금 이용료'를 연 1%(세전)로 대폭 인상한다고 16일 밝혔다.",
        "sentenceSize": 76
      },
      {
        "sentenceNo": 2,
        "sentenceContent": "토스증권에 따르면 연 1% 이자는 현재 국내 증권사가 제공하는 예탁금 이용료 중 가장 높다.",
        "sentenceSize": 51
      },
      {
        "sentenceNo": 3,
        "sentenceContent": "토스증권의 기존 예탁금 이용료 0.2%에 비해 0.8%포인트 인상된 수치다.",
        "sentenceSize": 42
      },
      {
        "sentenceNo": 4,
        "sentenceContent": "토스증권은 고객의 예탁금으로부터 발생한 이용수익의 대부분을 고객에게 돌려줌으로써 투자자 편익을 한층 강화한다는 계획이다.",
        "sentenceSize": 67
      },
      {
        "sentenceNo": 5,
        "sentenceContent": "예탁금 이용료란 투자자가 계좌에 예치한 현금성 자산을 증권사가 증권금융 등에 예탁하면서 발생하는 이자 수익이다.",
        "sentenceSize": 62
      },
      {
        "sentenceNo": 6,
        "sentenceContent": "이용료율은 증권사가 예탁금을 맡기는 기관의 금리 변동에 맞춰 정할 수 있다.",
        "sentenceSize": 42
      },
      {
        "sentenceNo": 7,
        "sentenceContent": "토스증권 고객이라면 오늘부터 누구나 금액에 제한없이 예탁금에 대해 연 1% 이자를 적용받을 수 있다.",
        "sentenceSize": 56
      },
      {
        "sentenceNo": 8,
        "sentenceContent": "다만 해당 이자는 원화 자산에 한해 적용되며 외화(달러) 자산 및 투자 중인 금액에는 적용되지 않는다.",
        "sentenceSize": 57
      },
      {
        "sentenceNo": 9,
        "sentenceContent": "이자 지급 주기도 기존 분기별 지급에서 1달 주기로 변경해 이자금액에 대한 유동성을 높였다.",
        "sentenceSize": 51
      },
      {
        "sentenceNo": 10,
        "sentenceContent": "매달 마지막 영업일에 전 날까지의 예탁금 평균 잔액을 계산해 당월 이자를 지급한다.",
        "sentenceSize": 46
      },
      {
        "sentenceNo": 11,
        "sentenceContent": "고객들은 '총 자산' 페이지를 통해 당월 지급될 예상 이자를 상시 확인할 수 있다.",
        "sentenceSize": 46
      },
      {
        "sentenceNo": 12,
        "sentenceContent": "토스증권 관계자는 데일리임팩트에 \\\"고객이 투자금을 입금하는 순간부터 믿고 거래할 수 있는 투자 서비스를 만들어 나갈 것\\\"이라고 말했다.",
        "sentenceSize": 77
      }
    ]
  },
  "labeledDataInfo": {
    "newTitle": "토스증권, 예탁금 이용료 연 1% 대폭 인상... 왜?",
    "clickbaitClass": 0,
    "referSentenceInfo": [
      {
        "sentenceNo": 1,
        "referSentenceyn": "Y"
      },
      {
        "sentenceNo": 2,
        "referSentenceyn": "N"
      },
      {
        "sentenceNo": 3,
        "referSentenceyn": "N"
      },
      {
        "sentenceNo": 4,
        "referSentenceyn": "N"
      },
      {
        "sentenceNo": 5,
        "referSentenceyn": "N"
      },
      {
        "sentenceNo": 6,
        "referSentenceyn": "N"
      },
      {
        "sentenceNo": 7,
        "referSentenceyn": "N"
      },
      {
        "sentenceNo": 8,
        "referSentenceyn": "N"
      },
      {
        "sentenceNo": 9,
        "referSentenceyn": "N"
      },
      {
        "sentenceNo": 10,
        "referSentenceyn": "N"
      },
      {
        "sentenceNo": 11,
        "referSentenceyn": "N"
      },
      {
        "sentenceNo": 12,
        "referSentenceyn": "N"
      }
    ]
  }
}