{
  "sourceDataInfo": {
    "newsID": "EC_M02_157612",
    "newsCategory": "경제",
    "newsSubcategory": "일반",
    "newsTitle": "대형 아파트 분양 없던 '가평' 주목…'GS건설ㆍ대림산업' 연초 분양",
    "newsSubTitle": "",
    "newsContent": "내년 초, 경기도 가평에서 대형 건설사 두 곳의 분양 격돌이 시장의 관심을 끌고 있다.\n모두 도시개발사업으로 공급되는 아파트에다 그동안 가평지역에서는 10대 건설사의 분양 사례가 없어 더욱 관심이 커지고 있다.\n18일 GS건설과 대림산업에 따르면 `가평 자이`와 `e편한세상 가평 퍼스트원`이 내년 초 분양 예정에 있다.\nGS건설의 가평 자이는 다양한 수요층을 겨냥한 평면을, 대림산업의 e편한세상 가평 서프트원은 중소형 수요를 겨냥한 평면을 선보일 계획이다.\n대림산업 관계자는 미디어SR에 \\\"대림산업 주력상품인 C2 하우스가 적용된다\\\"며 \\\"가변형 벽체 구조로 고객의 취향에 따라 다양한 배치가 가능하고, 59제곱과 84제곱에도 4베이 판상형 구조를 적용해서 통풍과 채광이 좋은 장점이 있다\\\"고 설명했다.\n두 아파트 모두 가평역 인근에 있는 우수한 입지에다 분양 시기도 1월로 비슷하다는 점도 눈길을 끈다.\n또 부동산 비규제지역이어서 두 아파트의 분양 결과에 따라 차후 타 건설사도 가평에 관한 관심이 커질 것으로 보인다.\n권일 부동산인포 팀장은 미디어SR에 \\\"건설사 입장에서 상업성을 검토할 때 그동안에는 아무래도 굳이 가평이 아니어도 공급할 만한 곳이 있었다\\\"며 \\\"가평 자체가 일단 수도권이긴 하지만, 아파트들이 대규모로 들어서기엔 지형지물이 애매한 부분이 있었다\\\"고 말했다.\n권 팀장은 이어 \\\"다만, 이제는 아파트 단지를 공급할 만한 땅이 귀해져서 아무래도 건설사들이 가평 등 서울 접근성이 개선될 수 있는 지역으로도 관심을 차차 두고 있는 것으로 보인다\\\"고 설명했다.\n특히 메이저 브랜드 아파트가 공급된 적 없던 가평은 최근 5년 내 아파트 공급이 1000가구가 채 되지 않아 수요가 많을 것으로 예상된다.\n청약조건은 만19세 이상의 가평 거주자는 물론 경기도와 서울특별시, 인천광역시 거주자도 청약통장 가입 후 12개월 이상이고, 주택형별 예치금만 충족되면 세대주 및 주택소유 여부와 관계없이 1순위로 청약 할 수 있다.\n주택담보대출비율(LTV)도 70%까지 적용되고, 전매제한 기간이 당첨자발표일로부터 6개월로 비교적 짧다.\n향후 접근성이 더 좋아질 수 있다는 점도 플러스 요인이다.\n서울 30분대 생활권이 가능하고, 경기 남양주 금남분기점(JCT)과 춘천 서면 당림리를 연결하는 총 길이 33.6㎞의 제2경춘국도가 조성될 예정이다.\n권 팀장은 \\\"두 단지가 서로 인접해 있어서 수요가 분산되기보다는 가평과 주변 지역 분양시장에 활기를 불어넣을 것으로 보인다\\\"고 전망했다.\n한편 경기도 가평군 대곡리 390-2 일대에 들어서는 가평 자이는 지하3층~지상29층 6개동 505가구로 구성된다.\n전용면적별로는 △59㎡ 191가구 △76㎡ 94가구 △84㎡ 178가구 △124㎡ 32가구와 펜트하우스 △135㎡ 8가구 △199㎡ 2가구 등 중소형에서부터 대형까지 다양하게 구성됐다.\n이 단지는 북한강 조망과 가평역이 가까워 서울 접근성 면에서 더 유리하다.\ne편한세상 가평 퍼스트원은 가평군 대곡리 480 일대에 지하3층~지상 최고 27층 4개동 472가구다.\n전용면적 △59㎡ 98가구 △74㎡ 179가구 △84㎡ 195가구 등 중소형 위주의 구성이다.\n생활 편의시설과 초중학교 등 교육시설이 가깝다는 장점이 있다.",
    "partNum": "P1",
    "useType": 0,
    "processType": "D",
    "processPattern": "11",
    "processLevel": "하",
    "sentenceCount": 21,
    "sentenceInfo": [
      {
        "sentenceNo": 1,
        "sentenceContent": "내년 초, 경기도 가평에서 대형 건설사 두 곳의 분양 격돌이 시장의 관심을 끌고 있다.",
        "sentenceSize": 48
      },
      {
        "sentenceNo": 2,
        "sentenceContent": "모두 도시개발사업으로 공급되는 아파트에다 그동안 가평지역에서는 10대 건설사의 분양 사례가 없어 더욱 관심이 커지고 있다.",
        "sentenceSize": 68
      },
      {
        "sentenceNo": 3,
        "sentenceContent": "18일 GS건설과 대림산업에 따르면 `가평 자이`와 `e편한세상 가평 퍼스트원`이 내년 초 분양 예정에 있다.",
        "sentenceSize": 61
      },
      {
        "sentenceNo": 4,
        "sentenceContent": "GS건설의 가평 자이는 다양한 수요층을 겨냥한 평면을, 대림산업의 e편한세상 가평 서프트원은 중소형 수요를 겨냥한 평면을 선보일 계획이다.",
        "sentenceSize": 77
      },
      {
        "sentenceNo": 5,
        "sentenceContent": "대림산업 관계자는 미디어SR에 \\\"대림산업 주력상품인 C2 하우스가 적용된다\\\"며 \\\"가변형 벽체 구조로 고객의 취향에 따라 다양한 배치가 가능하고, 59제곱과 84제곱에도 4베이 판상형 구조를 적용해서 통풍과 채광이 좋은 장점이 있다\\\"고 설명했다.",
        "sentenceSize": 140
      },
      {
        "sentenceNo": 6,
        "sentenceContent": "두 아파트 모두 가평역 인근에 있는 우수한 입지에다 분양 시기도 1월로 비슷하다는 점도 눈길을 끈다.",
        "sentenceSize": 56
      },
      {
        "sentenceNo": 7,
        "sentenceContent": "또 부동산 비규제지역이어서 두 아파트의 분양 결과에 따라 차후 타 건설사도 가평에 관한 관심이 커질 것으로 보인다.",
        "sentenceSize": 64
      },
      {
        "sentenceNo": 8,
        "sentenceContent": "권일 부동산인포 팀장은 미디어SR에 \\\"건설사 입장에서 상업성을 검토할 때 그동안에는 아무래도 굳이 가평이 아니어도 공급할 만한 곳이 있었다\\\"며 \\\"가평 자체가 일단 수도권이긴 하지만, 아파트들이 대규모로 들어서기엔 지형지물이 애매한 부분이 있었다\\\"고 말했다.",
        "sentenceSize": 147
      },
      {
        "sentenceNo": 9,
        "sentenceContent": "권 팀장은 이어 \\\"다만, 이제는 아파트 단지를 공급할 만한 땅이 귀해져서 아무래도 건설사들이 가평 등 서울 접근성이 개선될 수 있는 지역으로도 관심을 차차 두고 있는 것으로 보인다\\\"고 설명했다.",
        "sentenceSize": 110
      },
      {
        "sentenceNo": 10,
        "sentenceContent": "특히 메이저 브랜드 아파트가 공급된 적 없던 가평은 최근 5년 내 아파트 공급이 1000가구가 채 되지 않아 수요가 많을 것으로 예상된다.",
        "sentenceSize": 77
      },
      {
        "sentenceNo": 11,
        "sentenceContent": "청약조건은 만19세 이상의 가평 거주자는 물론 경기도와 서울특별시, 인천광역시 거주자도 청약통장 가입 후 12개월 이상이고, 주택형별 예치금만 충족되면 세대주 및 주택소유 여부와 관계없이 1순위로 청약 할 수 있다.",
        "sentenceSize": 120
      },
      {
        "sentenceNo": 12,
        "sentenceContent": "주택담보대출비율(LTV)도 70%까지 적용되고, 전매제한 기간이 당첨자발표일로부터 6개월로 비교적 짧다.",
        "sentenceSize": 58
      },
      {
        "sentenceNo": 13,
        "sentenceContent": "향후 접근성이 더 좋아질 수 있다는 점도 플러스 요인이다.",
        "sentenceSize": 32
      },
      {
        "sentenceNo": 14,
        "sentenceContent": "서울 30분대 생활권이 가능하고, 경기 남양주 금남분기점(JCT)과 춘천 서면 당림리를 연결하는 총 길이 33.6㎞의 제2경춘국도가 조성될 예정이다.",
        "sentenceSize": 83
      },
      {
        "sentenceNo": 15,
        "sentenceContent": "권 팀장은 \\\"두 단지가 서로 인접해 있어서 수요가 분산되기보다는 가평과 주변 지역 분양시장에 활기를 불어넣을 것으로 보인다\\\"고 전망했다.",
        "sentenceSize": 78
      },
      {
        "sentenceNo": 16,
        "sentenceContent": "한편 경기도 가평군 대곡리 390-2 일대에 들어서는 가평 자이는 지하3층~지상29층 6개동 505가구로 구성된다.",
        "sentenceSize": 64
      },
      {
        "sentenceNo": 17,
        "sentenceContent": "전용면적별로는 △59㎡ 191가구 △76㎡ 94가구 △84㎡ 178가구 △124㎡ 32가구와 펜트하우스 △135㎡ 8가구 △199㎡ 2가구 등 중소형에서부터 대형까지 다양하게 구성됐다.",
        "sentenceSize": 103
      },
      {
        "sentenceNo": 18,
        "sentenceContent": "이 단지는 북한강 조망과 가평역이 가까워 서울 접근성 면에서 더 유리하다.",
        "sentenceSize": 41
      },
      {
        "sentenceNo": 19,
        "sentenceContent": "e편한세상 가평 퍼스트원은 가평군 대곡리 480 일대에 지하3층~지상 최고 27층 4개동 472가구다.",
        "sentenceSize": 57
      },
      {
        "sentenceNo": 20,
        "sentenceContent": "전용면적 △59㎡ 98가구 △74㎡ 179가구 △84㎡ 195가구 등 중소형 위주의 구성이다.",
        "sentenceSize": 52
      },
      {
        "sentenceNo": 21,
        "sentenceContent": "생활 편의시설과 초중학교 등 교육시설이 가깝다는 장점이 있다.",
        "sentenceSize": 34
      }
    ]
  },
  "labeledDataInfo": {
    "newTitle": "'GS건설ㆍ대림산업' 가평서 격돌, 승자는 누가 될까?",
    "clickbaitClass": 0,
    "referSentenceInfo": [
      {
        "sentenceNo": 1,
        "referSentenceyn": "N"
      },
      {
        "sentenceNo": 2,
        "referSentenceyn": "N"
      },
      {
        "sentenceNo": 3,
        "referSentenceyn": "Y"
      },
      {
        "sentenceNo": 4,
        "referSentenceyn": "Y"
      },
      {
        "sentenceNo": 5,
        "referSentenceyn": "N"
      },
      {
        "sentenceNo": 6,
        "referSentenceyn": "N"
      },
      {
        "sentenceNo": 7,
        "referSentenceyn": "N"
      },
      {
        "sentenceNo": 8,
        "referSentenceyn": "N"
      },
      {
        "sentenceNo": 9,
        "referSentenceyn": "N"
      },
      {
        "sentenceNo": 10,
        "referSentenceyn": "N"
      },
      {
        "sentenceNo": 11,
        "referSentenceyn": "N"
      },
      {
        "sentenceNo": 12,
        "referSentenceyn": "N"
      },
      {
        "sentenceNo": 13,
        "referSentenceyn": "N"
      },
      {
        "sentenceNo": 14,
        "referSentenceyn": "N"
      },
      {
        "sentenceNo": 15,
        "referSentenceyn": "N"
      },
      {
        "sentenceNo": 16,
        "referSentenceyn": "N"
      },
      {
        "sentenceNo": 17,
        "referSentenceyn": "N"
      },
      {
        "sentenceNo": 18,
        "referSentenceyn": "N"
      },
      {
        "sentenceNo": 19,
        "referSentenceyn": "N"
      },
      {
        "sentenceNo": 20,
        "referSentenceyn": "N"
      },
      {
        "sentenceNo": 21,
        "referSentenceyn": "N"
      }
    ]
  }
}