{
  "sourceDataInfo": {
    "newsID": "EC_M02_156461",
    "newsCategory": "경제",
    "newsSubcategory": "산업",
    "newsTitle": "네이버 작년 영업익 1조2153억...커머스·핀테크·콘텐츠 모두 순항",
    "newsSubTitle": "2020년 연간 매출 5조 3041억원, 영업 이익 1조 2153억원 2020년 4분기 매출 1조 5126억 원, 영업이익 3238억원 서치플랫폼, 핀테크, 콘텐츠, 클라우드 등 고르게 성장",
    "newsContent": "네이버가 지난해 사상 최대 실적을 기록했다.\n네이버는 2020년 연결 기준 매출 5조 3041억원, 영업이익 1조 2153억원을 기록했다고 28일 공시했다.\n2019년보다 매출은 21.8%, 영업이익은 5.2% 증가한 수치다.\n작년 4분기 기준 매출은 1조 5126억, 영업이익은 3328억원으로 전년 대비 각각 11.2%, 11.0% 늘었다.\n네이버의 4분기 매출은 서치플랫폼, 커머스, 핀테크, 콘텐츠 등 모든 사업 분야마다 증가했다.\n가장 큰 매출을 기록한 부문은 서치플랫폼이다.\n서치플랫폼 부문 매출은 디스플레이의 성장으로 전분기 대비 8.5% 성장한 7702억 원을 기록했다.\n서치플랫폼 부문의 연간 수익은 2조 8031억 원으로 전년 대비 5.6% 성장했다.\n커머스 부문 매출은 전분기 대비 11.0% 성장한 3,168억 원을 기록했다.\n커머스 부문의 연간 매출은 전년 대비 37.6% 성장한 1조 897억 원이다.\n네이버 관계자는 미디어SR에 \\\"연결과 상생을 주제로 SME와 창작자와 함꼐 의미있는 한 해를 보냈다\\\"면서 \\\"네이버는 쇼핑라이브를 도입하고, 관련 교육과 라이브 인프라를 무상으로 지원하는 등 다양한 지원책을 통해 SME들이 빠르게 성장할 수 있도록 지원하고 있다\\\"고 밝혔다.\n핀테크 부문은 전년 대비 가장 크게 성장한 분야다.\n스마트스토어의 성장과 외부제휴처 확대에 따른 네이버페이의 성장에 힘입어 전분기 대비 15.6% 성장한 2,011억 원을 기록했다.\n핀테크 부문의 연간 수익은 전년 대비 66.6% 성장한 6,775억 원을 기록했다.\n최근 네이버파이낸셜은 전세계에서 가장 빠른 정산 서비스를 출시하며 SME들의 사업 운영을 지원하고 있다.\n콘텐츠 부문는 웹툰의 글로벌 성장에 힘입어 전분기 대비로는 20.9% 성장한 1,389억 원을 기록했다.\n콘텐츠 부문의 연간 수익은 4,602억 원으로 전년 대비 48.8% 성장했다.\n최근 네이버는 왓패드 인수와 함께 YG, SM엔터테인먼트에 이어 빅히트와도 협력을 강화하고 있다.\n클라우드는 클라우드 수요 확대 및 라인웍스의 글로벌 성장에 힘입어 전분기 대비 12.2% 성장한 856억 원을 기록했다.\n클라우드 부문의 연간 수익은 전년 대비 41.4% 성장한 2,737억 원을 기록했다.\n한성숙 네이버 대표는 \\\"적극적인 연구개발, M&A, 제휴를 통해 네이버가 아우르는 생태계를 확장하고, 사용자·SME·창작자들과 함께 성장해 나가기 위해 끊임없이 도전하겠다\\\"고 말했다.",
    "partNum": "P1",
    "useType": 0,
    "processType": "D",
    "processPattern": "14",
    "processLevel": "중",
    "sentenceCount": 21,
    "sentenceInfo": [
      {
        "sentenceNo": 1,
        "sentenceContent": "네이버가 지난해 사상 최대 실적을 기록했다.",
        "sentenceSize": 24
      },
      {
        "sentenceNo": 2,
        "sentenceContent": "네이버는 2020년 연결 기준 매출 5조 3041억원, 영업이익 1조 2153억원을 기록했다고 28일 공시했다.",
        "sentenceSize": 62
      },
      {
        "sentenceNo": 3,
        "sentenceContent": "2019년보다 매출은 21.8%, 영업이익은 5.2% 증가한 수치다.",
        "sentenceSize": 38
      },
      {
        "sentenceNo": 4,
        "sentenceContent": "작년 4분기 기준 매출은 1조 5126억, 영업이익은 3328억원으로 전년 대비 각각 11.2%, 11.0% 늘었다.",
        "sentenceSize": 65
      },
      {
        "sentenceNo": 5,
        "sentenceContent": "네이버의 4분기 매출은 서치플랫폼, 커머스, 핀테크, 콘텐츠 등 모든 사업 분야마다 증가했다.",
        "sentenceSize": 52
      },
      {
        "sentenceNo": 6,
        "sentenceContent": "가장 큰 매출을 기록한 부문은 서치플랫폼이다.",
        "sentenceSize": 25
      },
      {
        "sentenceNo": 7,
        "sentenceContent": "서치플랫폼 부문 매출은 디스플레이의 성장으로 전분기 대비 8.5% 성장한 7702억 원을 기록했다.",
        "sentenceSize": 55
      },
      {
        "sentenceNo": 8,
        "sentenceContent": "서치플랫폼 부문의 연간 수익은 2조 8031억 원으로 전년 대비 5.6% 성장했다.",
        "sentenceSize": 46
      },
      {
        "sentenceNo": 9,
        "sentenceContent": "커머스 부문 매출은 전분기 대비 11.0% 성장한 3,168억 원을 기록했다.",
        "sentenceSize": 43
      },
      {
        "sentenceNo": 10,
        "sentenceContent": "커머스 부문의 연간 매출은 전년 대비 37.6% 성장한 1조 897억 원이다.",
        "sentenceSize": 43
      },
      {
        "sentenceNo": 11,
        "sentenceContent": "네이버 관계자는 미디어SR에 \\\"연결과 상생을 주제로 SME와 창작자와 함꼐 의미있는 한 해를 보냈다\\\"면서 \\\"네이버는 쇼핑라이브를 도입하고, 관련 교육과 라이브 인프라를 무상으로 지원하는 등 다양한 지원책을 통해 SME들이 빠르게 성장할 수 있도록 지원하고 있다\\\"고 밝혔다.",
        "sentenceSize": 156
      },
      {
        "sentenceNo": 12,
        "sentenceContent": "핀테크 부문은 전년 대비 가장 크게 성장한 분야다.",
        "sentenceSize": 28
      },
      {
        "sentenceNo": 13,
        "sentenceContent": "스마트스토어의 성장과 외부제휴처 확대에 따른 네이버페이의 성장에 힘입어 전분기 대비 15.6% 성장한 2,011억 원을 기록했다.",
        "sentenceSize": 72
      },
      {
        "sentenceNo": 14,
        "sentenceContent": "핀테크 부문의 연간 수익은 전년 대비 66.6% 성장한 6,775억 원을 기록했다.",
        "sentenceSize": 46
      },
      {
        "sentenceNo": 15,
        "sentenceContent": "최근 네이버파이낸셜은 전세계에서 가장 빠른 정산 서비스를 출시하며 SME들의 사업 운영을 지원하고 있다.",
        "sentenceSize": 58
      },
      {
        "sentenceNo": 16,
        "sentenceContent": "콘텐츠 부문는 웹툰의 글로벌 성장에 힘입어 전분기 대비로는 20.9% 성장한 1,389억 원을 기록했다.",
        "sentenceSize": 58
      },
      {
        "sentenceNo": 17,
        "sentenceContent": "콘텐츠 부문의 연간 수익은 4,602억 원으로 전년 대비 48.8% 성장했다.",
        "sentenceSize": 43
      },
      {
        "sentenceNo": 18,
        "sentenceContent": "최근 네이버는 왓패드 인수와 함께 YG, SM엔터테인먼트에 이어 빅히트와도 협력을 강화하고 있다.",
        "sentenceSize": 54
      },
      {
        "sentenceNo": 19,
        "sentenceContent": "클라우드는 클라우드 수요 확대 및 라인웍스의 글로벌 성장에 힘입어 전분기 대비 12.2% 성장한 856억 원을 기록했다.",
        "sentenceSize": 67
      },
      {
        "sentenceNo": 20,
        "sentenceContent": "클라우드 부문의 연간 수익은 전년 대비 41.4% 성장한 2,737억 원을 기록했다.",
        "sentenceSize": 47
      },
      {
        "sentenceNo": 21,
        "sentenceContent": "한성숙 네이버 대표는 \\\"적극적인 연구개발, M&A, 제휴를 통해 네이버가 아우르는 생태계를 확장하고, 사용자·SME·창작자들과 함께 성장해 나가기 위해 끊임없이 도전하겠다\\\"고 말했다.",
        "sentenceSize": 104
      }
    ]
  },
  "labeledDataInfo": {
    "newTitle": "네이버 작년 실적 사상 최대, 핀테크 부문 성장은 업계에서 넘사벽",
    "clickbaitClass": 0,
    "referSentenceInfo": [
      {
        "sentenceNo": 1,
        "referSentenceyn": "Y"
      },
      {
        "sentenceNo": 2,
        "referSentenceyn": "N"
      },
      {
        "sentenceNo": 3,
        "referSentenceyn": "N"
      },
      {
        "sentenceNo": 4,
        "referSentenceyn": "N"
      },
      {
        "sentenceNo": 5,
        "referSentenceyn": "N"
      },
      {
        "sentenceNo": 6,
        "referSentenceyn": "N"
      },
      {
        "sentenceNo": 7,
        "referSentenceyn": "N"
      },
      {
        "sentenceNo": 8,
        "referSentenceyn": "N"
      },
      {
        "sentenceNo": 9,
        "referSentenceyn": "N"
      },
      {
        "sentenceNo": 10,
        "referSentenceyn": "N"
      },
      {
        "sentenceNo": 11,
        "referSentenceyn": "N"
      },
      {
        "sentenceNo": 12,
        "referSentenceyn": "N"
      },
      {
        "sentenceNo": 13,
        "referSentenceyn": "N"
      },
      {
        "sentenceNo": 14,
        "referSentenceyn": "N"
      },
      {
        "sentenceNo": 15,
        "referSentenceyn": "N"
      },
      {
        "sentenceNo": 16,
        "referSentenceyn": "N"
      },
      {
        "sentenceNo": 17,
        "referSentenceyn": "N"
      },
      {
        "sentenceNo": 18,
        "referSentenceyn": "N"
      },
      {
        "sentenceNo": 19,
        "referSentenceyn": "N"
      },
      {
        "sentenceNo": 20,
        "referSentenceyn": "N"
      },
      {
        "sentenceNo": 21,
        "referSentenceyn": "N"
      }
    ]
  }
}