{
  "sourceDataInfo": {
    "newsID": "EC_M02_157725",
    "newsCategory": "경제",
    "newsSubcategory": "은행",
    "newsTitle": "KB국민은행, ESG우수경영 기업 '대출 지원' 강화한다",
    "newsSubTitle": "'KB Green Wave ESG 우수기업대출' 출시 요건 충족 시, 최대 0.4%p 우대금리 지원",
    "newsContent": "KB국민은행은 ESG(환경·사회·지배구조)경영이 우수한 기업을 대상으로 금융지원을 제공하는'KB Green Wave ESG 우수기업대출'을 출시한다고 1일 밝혔다.\nKB Green Wave ESG 우수기업대출은 KB국민은행이 선정한 ESG 평가 기준과 내부 신용등급 요건을 충족하면 우대혜택을 제공하는 상품이다.\nESG 평가 기준을 충족하는 항목에 따라 우대금리를 최대 0.4%p를 제공하고 시설자금 대출한도를 우대한다.\n대출의 총 지원한도는 1조원이다.\n또한 KB굿잡 취업박람회 참가기업 선정 시 우대혜택, KB Wise 컨설팅 신청 시 우선 지원도 함께 제공한다.\n국민은행 관계자는 미디어SR에 \\\"이번 대출 상품은 글로벌 선진은행의 지속가능연계대출을 벤치마킹해 개발한 상품\\\"이라고 설명했다.\n한편 KB국민은행은 한국환경산업기술원과 지난 12일 '녹색금융 확산과 우수 환경기업 육성·지원을 위한 업무협약'을 체결했다.\n기술원의 녹색경영기업 금융지원시스템(enVinance)을 통한 기업의 환경성 평가등급을 제공 받아 우수 기업에 우대금리도 지원 중이다.\nKB국민은행측은 \\\"ESG평가 기준을 지속적으로 고도화해 착한 기업의 지속가능경영 지원을 강화할 것\\\"이라며 \\\"앞으로도 ESG경영을 선도해 기업의 사회적 변화와 미래가치 창출을 위해 최선을 다하겠다\\\"고 밝혔다.",
    "partNum": "P1",
    "useType": 0,
    "processType": "D",
    "processPattern": "11",
    "processLevel": "하",
    "sentenceCount": 9,
    "sentenceInfo": [
      {
        "sentenceNo": 1,
        "sentenceContent": "KB국민은행은 ESG(환경·사회·지배구조)경영이 우수한 기업을 대상으로 금융지원을 제공하는'KB Green Wave ESG 우수기업대출'을 출시한다고 1일 밝혔다.",
        "sentenceSize": 91
      },
      {
        "sentenceNo": 2,
        "sentenceContent": "KB Green Wave ESG 우수기업대출은 KB국민은행이 선정한 ESG 평가 기준과 내부 신용등급 요건을 충족하면 우대혜택을 제공하는 상품이다.",
        "sentenceSize": 82
      },
      {
        "sentenceNo": 3,
        "sentenceContent": "ESG 평가 기준을 충족하는 항목에 따라 우대금리를 최대 0.4%p를 제공하고 시설자금 대출한도를 우대한다.",
        "sentenceSize": 60
      },
      {
        "sentenceNo": 4,
        "sentenceContent": "대출의 총 지원한도는 1조원이다.",
        "sentenceSize": 18
      },
      {
        "sentenceNo": 5,
        "sentenceContent": "또한 KB굿잡 취업박람회 참가기업 선정 시 우대혜택, KB Wise 컨설팅 신청 시 우선 지원도 함께 제공한다.",
        "sentenceSize": 62
      },
      {
        "sentenceNo": 6,
        "sentenceContent": "국민은행 관계자는 미디어SR에 \\\"이번 대출 상품은 글로벌 선진은행의 지속가능연계대출을 벤치마킹해 개발한 상품\\\"이라고 설명했다.",
        "sentenceSize": 72
      },
      {
        "sentenceNo": 7,
        "sentenceContent": "한편 KB국민은행은 한국환경산업기술원과 지난 12일 '녹색금융 확산과 우수 환경기업 육성·지원을 위한 업무협약'을 체결했다.",
        "sentenceSize": 69
      },
      {
        "sentenceNo": 8,
        "sentenceContent": "기술원의 녹색경영기업 금융지원시스템(enVinance)을 통한 기업의 환경성 평가등급을 제공 받아 우수 기업에 우대금리도 지원 중이다.",
        "sentenceSize": 75
      },
      {
        "sentenceNo": 9,
        "sentenceContent": "KB국민은행측은 \\\"ESG평가 기준을 지속적으로 고도화해 착한 기업의 지속가능경영 지원을 강화할 것\\\"이라며 \\\"앞으로도 ESG경영을 선도해 기업의 사회적 변화와 미래가치 창출을 위해 최선을 다하겠다\\\"고 밝혔다.",
        "sentenceSize": 119
      }
    ]
  },
  "labeledDataInfo": {
    "newTitle": "KB국민은행, ESG 우수경영 기업 위해 얼마까지 지원 하나?",
    "clickbaitClass": 0,
    "referSentenceInfo": [
      {
        "sentenceNo": 1,
        "referSentenceyn": "N"
      },
      {
        "sentenceNo": 2,
        "referSentenceyn": "N"
      },
      {
        "sentenceNo": 3,
        "referSentenceyn": "N"
      },
      {
        "sentenceNo": 4,
        "referSentenceyn": "Y"
      },
      {
        "sentenceNo": 5,
        "referSentenceyn": "N"
      },
      {
        "sentenceNo": 6,
        "referSentenceyn": "N"
      },
      {
        "sentenceNo": 7,
        "referSentenceyn": "N"
      },
      {
        "sentenceNo": 8,
        "referSentenceyn": "N"
      },
      {
        "sentenceNo": 9,
        "referSentenceyn": "N"
      }
    ]
  }
}