{
  "sourceDataInfo": {
    "newsID": "EC_M02_157627",
    "newsCategory": "경제",
    "newsSubcategory": "산업",
    "newsTitle": "NC-CJ ENM, 합작법인 예고...IT·엔터 융합 콘텐츠 기대",
    "newsSubTitle": "연내 콘텐츠 및 디지털 플랫폼 분야 합작법인 출범 NC 기술력과 CJ ENM 엔터비즈니스 노하우 접목",
    "newsContent": "엔씨소프트(이하 엔씨)와 CJ ENM이 콘텐츠 및 디지털 플랫폼 분야 사업 협력을 위한 양해각서(MOU)를 체결했다고 5일 밝혔다.\n양사는 연내 합작법인을 설립할 예정이다.\n합작법인은 엔씨의 IT 기술력과 CJ ENM의 엔터테인먼트 비즈니스 노하우를 접목한 다양한 콘텐츠 사업을 전개할 전망이다.\n엔씨 김정하 엔터사업실장은 \\\"양사가 보유한 역량이 다른 만큼, 시너지를 통해 의미 있는 결과를 낼 수 있을 거라 생각한다\\\"고 말했다.\n현재 엔씨가 추진중인 콘텐츠 사업으로는 △올해 글로벌 동시출시 예정인 K팝 엔터테인먼트 플랫폼 '유니버스', △웹툰·웹소설 및 출판 만화 유통 플랫폼 '버프툰' △ 캐릭터 브랜드 '스푼즈'와 '투턱곰' 등이 있다.\n특히 '유니버스'는 K팝 팬들이 온·오프라인 팬덤 활동을 모바일에서 즐길 수 있는 올인원 플랫폼으로, 양사 협력이 기대되는 사업이다.\nNC는 2020년 7월 설립한 자회사 클렙(KLAP)을 통해 유니버스에서 선보일 엔터테인먼트 오리지널 콘텐츠를 제작하고 있다.\n유니버스에 참여하는 K팝 아티스트로는 아이즈원, 우주소녀, 몬스타엑스 등이 있다.\nNC 측은 미디어SR에 \\\"엔씨는 자사가 보유한 각종 IT 기술들을 게임 뿐 아니라, 다양한 분야로 확장해 활용하고 있다\\\"면서 \\\"IT 기술과 엔터테인먼트 접목한 콘텐츠 사업 전개\\\"한다고 밝혔다.\nCJ ENM 음악콘텐츠본부 이선 음악사업부장은 \\\"CJ ENM의 콘텐츠 제작 및 사업 역량과 엔씨(NC)의 IT플랫폼 기반 사업 역량을 합쳐, 테크놀로지의 중요성이 갈수록 높아지는 미래 엔터테인먼트 산업의 트렌드를 리드해 나갈 계획\\\"이라고 말했다.",
    "partNum": "P1",
    "useType": 0,
    "processType": "D",
    "processPattern": "11",
    "processLevel": "하",
    "sentenceCount": 10,
    "sentenceInfo": [
      {
        "sentenceNo": 1,
        "sentenceContent": "엔씨소프트(이하 엔씨)와 CJ ENM이 콘텐츠 및 디지털 플랫폼 분야 사업 협력을 위한 양해각서(MOU)를 체결했다고 5일 밝혔다.",
        "sentenceSize": 73
      },
      {
        "sentenceNo": 2,
        "sentenceContent": "양사는 연내 합작법인을 설립할 예정이다.",
        "sentenceSize": 22
      },
      {
        "sentenceNo": 3,
        "sentenceContent": "합작법인은 엔씨의 IT 기술력과 CJ ENM의 엔터테인먼트 비즈니스 노하우를 접목한 다양한 콘텐츠 사업을 전개할 전망이다.",
        "sentenceSize": 68
      },
      {
        "sentenceNo": 4,
        "sentenceContent": "엔씨 김정하 엔터사업실장은 \\\"양사가 보유한 역량이 다른 만큼, 시너지를 통해 의미 있는 결과를 낼 수 있을 거라 생각한다\\\"고 말했다.",
        "sentenceSize": 76
      },
      {
        "sentenceNo": 5,
        "sentenceContent": "현재 엔씨가 추진중인 콘텐츠 사업으로는 △올해 글로벌 동시출시 예정인 K팝 엔터테인먼트 플랫폼 '유니버스', △웹툰·웹소설 및 출판 만화 유통 플랫폼 '버프툰' △ 캐릭터 브랜드 '스푼즈'와 '투턱곰' 등이 있다.",
        "sentenceSize": 119
      },
      {
        "sentenceNo": 6,
        "sentenceContent": "특히 '유니버스'는 K팝 팬들이 온·오프라인 팬덤 활동을 모바일에서 즐길 수 있는 올인원 플랫폼으로, 양사 협력이 기대되는 사업이다.",
        "sentenceSize": 74
      },
      {
        "sentenceNo": 7,
        "sentenceContent": "NC는 2020년 7월 설립한 자회사 클렙(KLAP)을 통해 유니버스에서 선보일 엔터테인먼트 오리지널 콘텐츠를 제작하고 있다.",
        "sentenceSize": 70
      },
      {
        "sentenceNo": 8,
        "sentenceContent": "유니버스에 참여하는 K팝 아티스트로는 아이즈원, 우주소녀, 몬스타엑스 등이 있다.",
        "sentenceSize": 45
      },
      {
        "sentenceNo": 9,
        "sentenceContent": "NC 측은 미디어SR에 \\\"엔씨는 자사가 보유한 각종 IT 기술들을 게임 뿐 아니라, 다양한 분야로 확장해 활용하고 있다\\\"면서 \\\"IT 기술과 엔터테인먼트 접목한 콘텐츠 사업 전개\\\"한다고 밝혔다.",
        "sentenceSize": 111
      },
      {
        "sentenceNo": 10,
        "sentenceContent": "CJ ENM 음악콘텐츠본부 이선 음악사업부장은 \\\"CJ ENM의 콘텐츠 제작 및 사업 역량과 엔씨(NC)의 IT플랫폼 기반 사업 역량을 합쳐, 테크놀로지의 중요성이 갈수록 높아지는 미래 엔터테인먼트 산업의 트렌드를 리드해 나갈 계획\\\"이라고 말했다.",
        "sentenceSize": 139
      }
    ]
  },
  "labeledDataInfo": {
    "newTitle": "NC-CJ ENM, 올해 합작법인 설립?",
    "clickbaitClass": 0,
    "referSentenceInfo": [
      {
        "sentenceNo": 1,
        "referSentenceyn": "N"
      },
      {
        "sentenceNo": 2,
        "referSentenceyn": "Y"
      },
      {
        "sentenceNo": 3,
        "referSentenceyn": "N"
      },
      {
        "sentenceNo": 4,
        "referSentenceyn": "N"
      },
      {
        "sentenceNo": 5,
        "referSentenceyn": "N"
      },
      {
        "sentenceNo": 6,
        "referSentenceyn": "N"
      },
      {
        "sentenceNo": 7,
        "referSentenceyn": "N"
      },
      {
        "sentenceNo": 8,
        "referSentenceyn": "N"
      },
      {
        "sentenceNo": 9,
        "referSentenceyn": "N"
      },
      {
        "sentenceNo": 10,
        "referSentenceyn": "N"
      }
    ]
  }
}