{
  "sourceDataInfo": {
    "newsID": "EC_M02_157539",
    "newsCategory": "경제",
    "newsSubcategory": "산업",
    "newsTitle": "오리온 젤리, 中·베트남서 '인기'…글로벌 시장 공략",
    "newsSubTitle": "중국ㆍ베트남서 올해 7월까지 누적판매량 5000만개 돌파",
    "newsContent": "오리온은 젤리 제품 '마이구미ㆍ왕꿈틀이ㆍ젤리밥'이 해외에서도 높은 인기를 끌며 중국과 베트남 양국에서 올해 7월까지 누적판매량 5000만개를 돌파했다고 27일 밝혔다.\n이는 전년 동기 대비 30%이상 상승한 수준으로, 오리온 젤리가 꾸준히 글로벌 시장에서 브랜드 위상을 높여가고 있는 것으로 풀이된다.\n오리온은 지난 2016년 중국 시장에 왕꿈틀이(현지명, 뉴뉴따왕 扭扭大王)를 출시한 이후 젤리밥 (현지명, 요요따왕 游游大王)과 마이구미(현지명, 궈즈궈즈 果滋果姿)등을 지속적으로 선보였다.\n이 밖에 지난해부터는 베트남에서 마이구미를 선보이며 최근 급성장하고 있는 현지 젤리 시장을 조기에 선점하기 위해 박차를 가하고 있다.\n중국에서는 특히 마이구미가 지난 2018년 출시 이후 매년 60%이상 크게 성장하며 시장 진입 초기임에도 불구하고 기대 이상의 성과를 거뒀다.\n베트남에서도 마이구미와 왕꿈틀이 등이 식품 안전에 민감한 주부들 사이에서 아이들 간식으로 좋은 평가를 얻고 있다.\n오리온 관계자는 이날 미디어SR에 \\\"오리온 젤리가 해외에서 글로벌 제품들과 경쟁하며 현지 소비자들의 입맛을 사로잡고 있다\\\"며 \\\"현지 시장에서 제품에 대한 신뢰도가 높은 만큼 다양한 브랜드 라인업을 선보이며 시장 점유율을 확대해나가는 한편, 국내에서는 여러 가지 새로운 젤리 제품들을 시도해 나갈 계획\\\"이라고 밝혔다.",
    "partNum": "P1",
    "useType": 0,
    "processType": "D",
    "processPattern": "11",
    "processLevel": "하",
    "sentenceCount": 7,
    "sentenceInfo": [
      {
        "sentenceNo": 1,
        "sentenceContent": "오리온은 젤리 제품 '마이구미ㆍ왕꿈틀이ㆍ젤리밥'이 해외에서도 높은 인기를 끌며 중국과 베트남 양국에서 올해 7월까지 누적판매량 5000만개를 돌파했다고 27일 밝혔다.",
        "sentenceSize": 93
      },
      {
        "sentenceNo": 2,
        "sentenceContent": "이는 전년 동기 대비 30%이상 상승한 수준으로, 오리온 젤리가 꾸준히 글로벌 시장에서 브랜드 위상을 높여가고 있는 것으로 풀이된다.",
        "sentenceSize": 74
      },
      {
        "sentenceNo": 3,
        "sentenceContent": "오리온은 지난 2016년 중국 시장에 왕꿈틀이(현지명, 뉴뉴따왕 扭扭大王)를 출시한 이후 젤리밥 (현지명, 요요따왕 游游大王)과 마이구미(현지명, 궈즈궈즈 果滋果姿)등을 지속적으로 선보였다.",
        "sentenceSize": 106
      },
      {
        "sentenceNo": 4,
        "sentenceContent": "이 밖에 지난해부터는 베트남에서 마이구미를 선보이며 최근 급성장하고 있는 현지 젤리 시장을 조기에 선점하기 위해 박차를 가하고 있다.",
        "sentenceSize": 74
      },
      {
        "sentenceNo": 5,
        "sentenceContent": "중국에서는 특히 마이구미가 지난 2018년 출시 이후 매년 60%이상 크게 성장하며 시장 진입 초기임에도 불구하고 기대 이상의 성과를 거뒀다.",
        "sentenceSize": 79
      },
      {
        "sentenceNo": 6,
        "sentenceContent": "베트남에서도 마이구미와 왕꿈틀이 등이 식품 안전에 민감한 주부들 사이에서 아이들 간식으로 좋은 평가를 얻고 있다.",
        "sentenceSize": 63
      },
      {
        "sentenceNo": 7,
        "sentenceContent": "오리온 관계자는 이날 미디어SR에 \\\"오리온 젤리가 해외에서 글로벌 제품들과 경쟁하며 현지 소비자들의 입맛을 사로잡고 있다\\\"며 \\\"현지 시장에서 제품에 대한 신뢰도가 높은 만큼 다양한 브랜드 라인업을 선보이며 시장 점유율을 확대해나가는 한편, 국내에서는 여러 가지 새로운 젤리 제품들을 시도해 나갈 계획\\\"이라고 밝혔다.",
        "sentenceSize": 180
      }
    ]
  },
  "labeledDataInfo": {
    "newTitle": "오리온 젤리, 글로벌 시장 공략 시작했다... '마이구미'가 사로잡은 나라는?",
    "clickbaitClass": 0,
    "referSentenceInfo": [
      {
        "sentenceNo": 1,
        "referSentenceyn": "Y"
      },
      {
        "sentenceNo": 2,
        "referSentenceyn": "N"
      },
      {
        "sentenceNo": 3,
        "referSentenceyn": "N"
      },
      {
        "sentenceNo": 4,
        "referSentenceyn": "Y"
      },
      {
        "sentenceNo": 5,
        "referSentenceyn": "N"
      },
      {
        "sentenceNo": 6,
        "referSentenceyn": "N"
      },
      {
        "sentenceNo": 7,
        "referSentenceyn": "Y"
      }
    ]
  }
}