{
  "sourceDataInfo": {
    "newsID": "EC_M02_157722",
    "newsCategory": "경제",
    "newsSubcategory": "은행",
    "newsTitle": "KB銀 인쇄 광고 '봄길', '올해의 광고상' 인쇄 부문 대상",
    "newsSubTitle": "",
    "newsContent": "KB국민은행은 자사 인쇄 광고인 '봄길'이 한국광고학회가 주최하는 '제28회 올해의 광고상'과 한국광고주협회가 주최하는 '제29회 국민이 선택한 좋은 광고상'에서 각각 의 인쇄부문대상과 좋은광고상을 수상했다고 29일 밝혔다.\n봄길 인쇄 광고는 코로나19로 어려운 시기에 자기 자리에서 묵묵히 최선을 다해 일상을 살아가는 국민을 응원하기 위해 제작된 광고다.\n정호승 시인의 봄길 시편을 인용해 온 국민을 '봄길을 걸어가는 당신'에 비유해 감동을 자아냈다.\n한편 온라인 광고 '2020 대한이 살았다'도 '국민이 선택한 좋은 광고상' 디지털 부문에서 좋은광고상을 수상했다.\nKB국민은행 관계자는 미디어SR에 \\\"특히 '2020 대한이 살았다' 광고는 지난해 '제27회 올해의 광고상'의 온라인/모바일부문 대상을 수상한데 이어 2년 연속 수상하게 됐다\\\"고 말했다. '2020 대한이 살았다' 광고는 지난 2019년 3.1운동 101주년을 맞아 정재일, 박정현, 김연아가 처음 공개한 음원을 가수 루나와 매드클라운이 재해석한 음원‧영상이다.\n한편 KB국민은행은 앞으로도 국민 모두에게 힘이 되는 콘텐츠를 지속적으로 제작한다는 계획이다.",
    "partNum": "P1",
    "useType": 0,
    "processType": "D",
    "processPattern": "11",
    "processLevel": "하",
    "sentenceCount": 6,
    "sentenceInfo": [
      {
        "sentenceNo": 1,
        "sentenceContent": "KB국민은행은 자사 인쇄 광고인 '봄길'이 한국광고학회가 주최하는 '제28회 올해의 광고상'과 한국광고주협회가 주최하는 '제29회 국민이 선택한 좋은 광고상'에서 각각 의 인쇄부문대상과 좋은광고상을 수상했다고 29일 밝혔다.",
        "sentenceSize": 125
      },
      {
        "sentenceNo": 2,
        "sentenceContent": "봄길 인쇄 광고는 코로나19로 어려운 시기에 자기 자리에서 묵묵히 최선을 다해 일상을 살아가는 국민을 응원하기 위해 제작된 광고다.",
        "sentenceSize": 73
      },
      {
        "sentenceNo": 3,
        "sentenceContent": "정호승 시인의 봄길 시편을 인용해 온 국민을 '봄길을 걸어가는 당신'에 비유해 감동을 자아냈다.",
        "sentenceSize": 53
      },
      {
        "sentenceNo": 4,
        "sentenceContent": "한편 온라인 광고 '2020 대한이 살았다'도 '국민이 선택한 좋은 광고상' 디지털 부문에서 좋은광고상을 수상했다.",
        "sentenceSize": 64
      },
      {
        "sentenceNo": 5,
        "sentenceContent": "KB국민은행 관계자는 미디어SR에 \\\"특히 '2020 대한이 살았다' 광고는 지난해 '제27회 올해의 광고상'의 온라인/모바일부문 대상을 수상한데 이어 2년 연속 수상하게 됐다\\\"고 말했다. '2020 대한이 살았다' 광고는 지난 2019년 3.1운동 101주년을 맞아 정재일, 박정현, 김연아가 처음 공개한 음원을 가수 루나와 매드클라운이 재해석한 음원‧영상이다.",
        "sentenceSize": 204
      },
      {
        "sentenceNo": 6,
        "sentenceContent": "한편 KB국민은행은 앞으로도 국민 모두에게 힘이 되는 콘텐츠를 지속적으로 제작한다는 계획이다.",
        "sentenceSize": 52
      }
    ]
  },
  "labeledDataInfo": {
    "newTitle": "KB銀 인쇄 광고 '봄길', '올해의 광고상' 인쇄 부문 대상... 내용은?",
    "clickbaitClass": 0,
    "referSentenceInfo": [
      {
        "sentenceNo": 1,
        "referSentenceyn": "N"
      },
      {
        "sentenceNo": 2,
        "referSentenceyn": "N"
      },
      {
        "sentenceNo": 3,
        "referSentenceyn": "Y"
      },
      {
        "sentenceNo": 4,
        "referSentenceyn": "N"
      },
      {
        "sentenceNo": 5,
        "referSentenceyn": "N"
      },
      {
        "sentenceNo": 6,
        "referSentenceyn": "N"
      }
    ]
  }
}