{
  "sourceDataInfo": {
    "newsID": "EC_M02_157667",
    "newsCategory": "경제",
    "newsSubcategory": "일반",
    "newsTitle": "부동산 '부익부 빈익빈' 12년 만에 가장 심화돼",
    "newsSubTitle": "",
    "newsContent": "전국 상위 20% 주택 가격이 처음으로 평균 10억원을 돌파했다.\n고가 주택과 저가 주택의 가격 차이를 나타내는 5분위 배율은 12년 만에 최고치를 기록했다.\n3일 KB국민은행의 월간 주택 가격 동향 시계열 통계에 따르면 지난달 전국 5분위(상위20%) 주택 가격은 평균 10억2761만원을 기록했다.\nKB가 이 통계를 내기 시작한 2008년 12월 이후 최고치다.\n전국 5분위 주택값은 2017년 2월 평균 6억원을 넘긴 뒤 2018년 9월 7억원을 돌파하며 1년 7개월 동안 1억원이 올랐다.\n그 후 1년 4개월 만인 지난해 1월 8억원을 넘긴 뒤 다시 7개월 만인 지난해 8월 9억원을 넘어섰고, 그로부터 5개월 뒤인 지난달 10억원을 돌파했다.\n5분위 주택값은 1년 전과 비교하면 28.6%(2억2847만원) 올랐고, 2년 전보다는 37.8%(2억8200만원) 뛰었다.\n전국에서 주택 가격이 가장 높은 서울의 경우 두 달 전인 지난해 12월 5분위 주택 평균 가격이 20억원을 넘어섰다.\n고가 주택값이 크게 오르고 있는 사이 저가 주택값은 상대적으로 미미한 수준으로 올랐다.\n지난달 전국 주택 1분위 평균 가격은 1억1866만원으로 1년 전과 비교하면 5.8%(650만원) 오르는 데 그쳤다.\n2018년 초강력 규제 정책으로 꼽히는 9.13 대책의 영향이 본격화하면서 2019년 전국의 3.4.5분위 주택 가격은 0~6% 수준으로 오름폭이 줄고, 1.2분위 주택값은 오히려 2~3% 내려간 영향이다.\n1분위 주택값은 2년 전인 2019년 1월 평균 1억1601만원에서 작년 1월 1억1216만원으로 3.4%(385만원) 떨어졌고, 작년 들어 다시 오르기 시작해 지난달 1억1866만원으로 집계됐다.\n최근 2년 동안 5분위 주택값이 2억8000만원 넘게 오르는 사이 1분위 주택값은 300만원도 채 오르지 않은 셈이다.\n이런 영향으로 지난달 전국 주택의 5분위 배율은 8.7로, KB 통계 조사 이후 가장 높은 수치를 기록했다.\n5분위 배율은 주택 가격 상위 20% 평균(5분위 가격)을 하위 20% 평균(1분위 가격)으로 나눈 값으로, 배율이 높을수록 가격 격차가 심하다는 것을 뜻한다.\n박원갑 KB국민은행 부동산 수석전문위원은 미디어SR에 \\\"코로나19에 따른 경기침체로 소득양극화가 아파트 등 자산시장에 대해 그대로 투영된 결과 부익부 빈익빈이 나타나고 있다\\\"고 분석했다.",
    "partNum": "P1",
    "useType": 0,
    "processType": "D",
    "processPattern": "11",
    "processLevel": "하",
    "sentenceCount": 16,
    "sentenceInfo": [
      {
        "sentenceNo": 1,
        "sentenceContent": "전국 상위 20% 주택 가격이 처음으로 평균 10억원을 돌파했다.",
        "sentenceSize": 36
      },
      {
        "sentenceNo": 2,
        "sentenceContent": "고가 주택과 저가 주택의 가격 차이를 나타내는 5분위 배율은 12년 만에 최고치를 기록했다.",
        "sentenceSize": 51
      },
      {
        "sentenceNo": 3,
        "sentenceContent": "3일 KB국민은행의 월간 주택 가격 동향 시계열 통계에 따르면 지난달 전국 5분위(상위20%) 주택 가격은 평균 10억2761만원을 기록했다.",
        "sentenceSize": 79
      },
      {
        "sentenceNo": 4,
        "sentenceContent": "KB가 이 통계를 내기 시작한 2008년 12월 이후 최고치다.",
        "sentenceSize": 35
      },
      {
        "sentenceNo": 5,
        "sentenceContent": "전국 5분위 주택값은 2017년 2월 평균 6억원을 넘긴 뒤 2018년 9월 7억원을 돌파하며 1년 7개월 동안 1억원이 올랐다.",
        "sentenceSize": 72
      },
      {
        "sentenceNo": 6,
        "sentenceContent": "그 후 1년 4개월 만인 지난해 1월 8억원을 넘긴 뒤 다시 7개월 만인 지난해 8월 9억원을 넘어섰고, 그로부터 5개월 뒤인 지난달 10억원을 돌파했다.",
        "sentenceSize": 86
      },
      {
        "sentenceNo": 7,
        "sentenceContent": "5분위 주택값은 1년 전과 비교하면 28.6%(2억2847만원) 올랐고, 2년 전보다는 37.8%(2억8200만원) 뛰었다.",
        "sentenceSize": 69
      },
      {
        "sentenceNo": 8,
        "sentenceContent": "전국에서 주택 가격이 가장 높은 서울의 경우 두 달 전인 지난해 12월 5분위 주택 평균 가격이 20억원을 넘어섰다.",
        "sentenceSize": 65
      },
      {
        "sentenceNo": 9,
        "sentenceContent": "고가 주택값이 크게 오르고 있는 사이 저가 주택값은 상대적으로 미미한 수준으로 올랐다.",
        "sentenceSize": 48
      },
      {
        "sentenceNo": 10,
        "sentenceContent": "지난달 전국 주택 1분위 평균 가격은 1억1866만원으로 1년 전과 비교하면 5.8%(650만원) 오르는 데 그쳤다.",
        "sentenceSize": 65
      },
      {
        "sentenceNo": 11,
        "sentenceContent": "2018년 초강력 규제 정책으로 꼽히는 9.13 대책의 영향이 본격화하면서 2019년 전국의 3.4.5분위 주택 가격은 0~6% 수준으로 오름폭이 줄고, 1.2분위 주택값은 오히려 2~3% 내려간 영향이다.",
        "sentenceSize": 115
      },
      {
        "sentenceNo": 12,
        "sentenceContent": "1분위 주택값은 2년 전인 2019년 1월 평균 1억1601만원에서 작년 1월 1억1216만원으로 3.4%(385만원) 떨어졌고, 작년 들어 다시 오르기 시작해 지난달 1억1866만원으로 집계됐다.",
        "sentenceSize": 110
      },
      {
        "sentenceNo": 13,
        "sentenceContent": "최근 2년 동안 5분위 주택값이 2억8000만원 넘게 오르는 사이 1분위 주택값은 300만원도 채 오르지 않은 셈이다.",
        "sentenceSize": 66
      },
      {
        "sentenceNo": 14,
        "sentenceContent": "이런 영향으로 지난달 전국 주택의 5분위 배율은 8.7로, KB 통계 조사 이후 가장 높은 수치를 기록했다.",
        "sentenceSize": 60
      },
      {
        "sentenceNo": 15,
        "sentenceContent": "5분위 배율은 주택 가격 상위 20% 평균(5분위 가격)을 하위 20% 평균(1분위 가격)으로 나눈 값으로, 배율이 높을수록 가격 격차가 심하다는 것을 뜻한다.",
        "sentenceSize": 89
      },
      {
        "sentenceNo": 16,
        "sentenceContent": "박원갑 KB국민은행 부동산 수석전문위원은 미디어SR에 \\\"코로나19에 따른 경기침체로 소득양극화가 아파트 등 자산시장에 대해 그대로 투영된 결과 부익부 빈익빈이 나타나고 있다\\\"고 분석했다.",
        "sentenceSize": 106
      }
    ]
  },
  "labeledDataInfo": {
    "newTitle": "부동산 '부익부 빈익빈' 12년 만에 가장 심화... 이유는?",
    "clickbaitClass": 0,
    "referSentenceInfo": [
      {
        "sentenceNo": 1,
        "referSentenceyn": "N"
      },
      {
        "sentenceNo": 2,
        "referSentenceyn": "Y"
      },
      {
        "sentenceNo": 3,
        "referSentenceyn": "N"
      },
      {
        "sentenceNo": 4,
        "referSentenceyn": "N"
      },
      {
        "sentenceNo": 5,
        "referSentenceyn": "N"
      },
      {
        "sentenceNo": 6,
        "referSentenceyn": "N"
      },
      {
        "sentenceNo": 7,
        "referSentenceyn": "N"
      },
      {
        "sentenceNo": 8,
        "referSentenceyn": "N"
      },
      {
        "sentenceNo": 9,
        "referSentenceyn": "N"
      },
      {
        "sentenceNo": 10,
        "referSentenceyn": "N"
      },
      {
        "sentenceNo": 11,
        "referSentenceyn": "N"
      },
      {
        "sentenceNo": 12,
        "referSentenceyn": "N"
      },
      {
        "sentenceNo": 13,
        "referSentenceyn": "N"
      },
      {
        "sentenceNo": 14,
        "referSentenceyn": "N"
      },
      {
        "sentenceNo": 15,
        "referSentenceyn": "N"
      },
      {
        "sentenceNo": 16,
        "referSentenceyn": "N"
      }
    ]
  }
}