{
  "sourceDataInfo": {
    "newsID": "EC_M02_158086",
    "newsCategory": "경제",
    "newsSubcategory": "카드",
    "newsTitle": "신한카드-서울시·GS리테일, '결식아동 급식 지원' 업무협약 체결",
    "newsSubTitle": "비대면 결제시스템 도입 예정",
    "newsContent": "신한카드는 서울시와 편의점 GS25를 운영하고 있는 GS리테일과 함께 결식아동 급식 지원 및 사회공헌 활성화를 위한 업무협약을 체결한다고 20일 밝혔다.\n현재 서울시의 급식지원 대상 아동은 약 3만명으로 지역아동센터, 사회복지관, 음식점, 편의점, 도시락 배달 등 다양한 방식을 통해 식사를 제공받고 있다.\n이 중 아동급식카드로 음식점이나 편의점을 이용하는 아동은 약 1만7000명으로 절반 이상을 차지하고 있다.\n다수의 아동이 아동급식카드를 이용해 편의점에서 식사를 해결하고 있음에도 아동급식카드 대면 사용의 불편함 등 그 동안 이용 상의 어려움도 적지 않았다.\n신한카드는 서울시, GS리테일과 함께 이러한 어려움 해소를 위해 3자간 업무협약을 맺고 서울시 아동급식카드의 비대면 결제시스템을 올해 6월부터 도입할 예정이다.\n이 과정에서 신한카드와 서울시는 시스템 개발 및 해당 서비스의 원활한 정착, 운영을 위해 협력한다.\n또 GS리테일은 편의점 GS25를 통해 아동 맞춤 먹거리를 20% 할인된 가격에 공급하고 편의점 이용시 원하는 상품과 시간, 점포를 선택할 수 있도록 개발할 계획이다.\n신한카드 관계자는 데일리임팩트에 \\\"앞으로도 다양한 ESG 및 사회공헌 활동을 적극적으로 실천할 것\\\"이라고 말했다.",
    "partNum": "P1",
    "useType": 0,
    "processType": "D",
    "processPattern": "11",
    "processLevel": "하",
    "sentenceCount": 8,
    "sentenceInfo": [
      {
        "sentenceNo": 1,
        "sentenceContent": "신한카드는 서울시와 편의점 GS25를 운영하고 있는 GS리테일과 함께 결식아동 급식 지원 및 사회공헌 활성화를 위한 업무협약을 체결한다고 20일 밝혔다.",
        "sentenceSize": 85
      },
      {
        "sentenceNo": 2,
        "sentenceContent": "현재 서울시의 급식지원 대상 아동은 약 3만명으로 지역아동센터, 사회복지관, 음식점, 편의점, 도시락 배달 등 다양한 방식을 통해 식사를 제공받고 있다.",
        "sentenceSize": 85
      },
      {
        "sentenceNo": 3,
        "sentenceContent": "이 중 아동급식카드로 음식점이나 편의점을 이용하는 아동은 약 1만7000명으로 절반 이상을 차지하고 있다.",
        "sentenceSize": 59
      },
      {
        "sentenceNo": 4,
        "sentenceContent": "다수의 아동이 아동급식카드를 이용해 편의점에서 식사를 해결하고 있음에도 아동급식카드 대면 사용의 불편함 등 그 동안 이용 상의 어려움도 적지 않았다.",
        "sentenceSize": 83
      },
      {
        "sentenceNo": 5,
        "sentenceContent": "신한카드는 서울시, GS리테일과 함께 이러한 어려움 해소를 위해 3자간 업무협약을 맺고 서울시 아동급식카드의 비대면 결제시스템을 올해 6월부터 도입할 예정이다.",
        "sentenceSize": 89
      },
      {
        "sentenceNo": 6,
        "sentenceContent": "이 과정에서 신한카드와 서울시는 시스템 개발 및 해당 서비스의 원활한 정착, 운영을 위해 협력한다.",
        "sentenceSize": 55
      },
      {
        "sentenceNo": 7,
        "sentenceContent": "또 GS리테일은 편의점 GS25를 통해 아동 맞춤 먹거리를 20% 할인된 가격에 공급하고 편의점 이용시 원하는 상품과 시간, 점포를 선택할 수 있도록 개발할 계획이다.",
        "sentenceSize": 93
      },
      {
        "sentenceNo": 8,
        "sentenceContent": "신한카드 관계자는 데일리임팩트에 \\\"앞으로도 다양한 ESG 및 사회공헌 활동을 적극적으로 실천할 것\\\"이라고 말했다.",
        "sentenceSize": 65
      }
    ]
  },
  "labeledDataInfo": {
    "newTitle": "결식아동 급식 지원 및 사회공헌 활성화 위해 서울시와 협약 체결하는 곳은?",
    "clickbaitClass": 0,
    "referSentenceInfo": [
      {
        "sentenceNo": 1,
        "referSentenceyn": "Y"
      },
      {
        "sentenceNo": 2,
        "referSentenceyn": "N"
      },
      {
        "sentenceNo": 3,
        "referSentenceyn": "N"
      },
      {
        "sentenceNo": 4,
        "referSentenceyn": "N"
      },
      {
        "sentenceNo": 5,
        "referSentenceyn": "N"
      },
      {
        "sentenceNo": 6,
        "referSentenceyn": "N"
      },
      {
        "sentenceNo": 7,
        "referSentenceyn": "N"
      },
      {
        "sentenceNo": 8,
        "referSentenceyn": "N"
      }
    ]
  }
}