{
  "sourceDataInfo": {
    "newsID": "EC_M02_156432",
    "newsCategory": "경제",
    "newsSubcategory": "산업",
    "newsTitle": "SK ICT 테크 서밋 2020, 'ESG 기반 사회적 가치 측정' 플랫폼 소개",
    "newsSubTitle": "",
    "newsContent": "SK그룹이 5일 ICT 기술 포럼 'SK ICT 테크 서밋2020'을 열었다.\n그룹은 포럼을 통해 'AI'와 '더 나은 사회를 위한 기술'을 주제로 SK텔레콤, SK C&C, SK 하이닉스 등 대표 계열사들의 기술 현황과 기술을 통한 사회적 가치 창출에 대해 소개했다.\n특히 포럼 중 'ESG 기반 사회적 가치 평가 플랫폼' 강연에서는 SK그룹이 자체적으로 개발 및 고도화중인 사회적 가치(SV, Social Value) 측정 플랫폼이 공개됐다.\nESG는 기업의 비재무적 성과를 측정하는 지표로 환경(Environment), 사회(Social), 지배구조(Governanve)의 약어다.\n최근 ESG는 기업이 단기 실적 중심의 경영에서 벗어나 지속가능한 경영을 하기 위해 핵심적으로 추구해야 할 가치로 여겨지고 있다.\n강연에서는 SK C&C 물류서비스본부 김태혁 수석이 발표를 맡아 EGS를 기반으로한 사회적 가치 측정 방법과 그 중요성에 대한 설명이 이어졌다.\n김태혁 수석은 \\\"기업과 기업 활동의 사회적 가치를 재무적으로 측정한다면 기업은 더 구체적이고 효과적인 사회적 가치 창출 활동을 벌일 수 있다\\\"면서 \\\"이는 기업과 이해관계자의 동반 성장을 불러온다\\\"고 강조했다.\nSK그룹은 SV측정을 위해 기업의 ESG성과와 사회공헌활동, 경제간접효과에 대한 정성평가와 정량평가를 함께 진행한다.\n사회적 가치 측정을 원하는 기업이 SK그룹이 개발한 SV 영역별 설문에 응답하면, SK그룹은 이에 대한 정성·정량평가를 하고난 뒤 자체적인 보정 비율 등을 곱해 정확한 수치를 제공하는 방식이다.\n설문은 기업 내 지배구조, 근로자의 복지, 협력사와의 상생, 친환경 경영 등 기업과 다양한 이해관계자들의 관계를 파악할 수 있는 문항들로 구성돼 있다.\nSK C&C 측은 미디어SR에 \\\"현재 플랫폼을 통해 SV 성과 측정을 마친 기업 및 기관은 약 20개 정도\\\"라면서 \\\"현재 사회적 가치 플랫폼은 관계사 내부적으로 활용하고 있지만 검증 기간이 끝나면 대외적인 서비스도 제공할 예정\\\"이라고 말했다.\n김태혁 수석은 이날 강연에서\\\"구체적인 상용화 시기는 짐작할 수 없지만 ESG가 경영계의 핵심 화두로 떠오르는 만큼 예상보다 빠른 시일에 완전 공개될 수도 있다\\\"고 예상했다.",
    "partNum": "P1",
    "useType": 0,
    "processType": "D",
    "processPattern": "14",
    "processLevel": "중",
    "sentenceCount": 12,
    "sentenceInfo": [
      {
        "sentenceNo": 1,
        "sentenceContent": "SK그룹이 5일 ICT 기술 포럼 'SK ICT 테크 서밋2020'을 열었다.",
        "sentenceSize": 43
      },
      {
        "sentenceNo": 2,
        "sentenceContent": "그룹은 포럼을 통해 'AI'와 '더 나은 사회를 위한 기술'을 주제로 SK텔레콤, SK C&C, SK 하이닉스 등 대표 계열사들의 기술 현황과 기술을 통한 사회적 가치 창출에 대해 소개했다.",
        "sentenceSize": 106
      },
      {
        "sentenceNo": 3,
        "sentenceContent": "특히 포럼 중 'ESG 기반 사회적 가치 평가 플랫폼' 강연에서는 SK그룹이 자체적으로 개발 및 고도화중인 사회적 가치(SV, Social Value) 측정 플랫폼이 공개됐다.",
        "sentenceSize": 98
      },
      {
        "sentenceNo": 4,
        "sentenceContent": "ESG는 기업의 비재무적 성과를 측정하는 지표로 환경(Environment), 사회(Social), 지배구조(Governanve)의 약어다.",
        "sentenceSize": 78
      },
      {
        "sentenceNo": 5,
        "sentenceContent": "최근 ESG는 기업이 단기 실적 중심의 경영에서 벗어나 지속가능한 경영을 하기 위해 핵심적으로 추구해야 할 가치로 여겨지고 있다.",
        "sentenceSize": 72
      },
      {
        "sentenceNo": 6,
        "sentenceContent": "강연에서는 SK C&C 물류서비스본부 김태혁 수석이 발표를 맡아 EGS를 기반으로한 사회적 가치 측정 방법과 그 중요성에 대한 설명이 이어졌다.",
        "sentenceSize": 80
      },
      {
        "sentenceNo": 7,
        "sentenceContent": "김태혁 수석은 \\\"기업과 기업 활동의 사회적 가치를 재무적으로 측정한다면 기업은 더 구체적이고 효과적인 사회적 가치 창출 활동을 벌일 수 있다\\\"면서 \\\"이는 기업과 이해관계자의 동반 성장을 불러온다\\\"고 강조했다.",
        "sentenceSize": 120
      },
      {
        "sentenceNo": 8,
        "sentenceContent": "SK그룹은 SV측정을 위해 기업의 ESG성과와 사회공헌활동, 경제간접효과에 대한 정성평가와 정량평가를 함께 진행한다.",
        "sentenceSize": 65
      },
      {
        "sentenceNo": 9,
        "sentenceContent": "사회적 가치 측정을 원하는 기업이 SK그룹이 개발한 SV 영역별 설문에 응답하면, SK그룹은 이에 대한 정성·정량평가를 하고난 뒤 자체적인 보정 비율 등을 곱해 정확한 수치를 제공하는 방식이다.",
        "sentenceSize": 108
      },
      {
        "sentenceNo": 10,
        "sentenceContent": "설문은 기업 내 지배구조, 근로자의 복지, 협력사와의 상생, 친환경 경영 등 기업과 다양한 이해관계자들의 관계를 파악할 수 있는 문항들로 구성돼 있다.",
        "sentenceSize": 84
      },
      {
        "sentenceNo": 11,
        "sentenceContent": "SK C&C 측은 미디어SR에 \\\"현재 플랫폼을 통해 SV 성과 측정을 마친 기업 및 기관은 약 20개 정도\\\"라면서 \\\"현재 사회적 가치 플랫폼은 관계사 내부적으로 활용하고 있지만 검증 기간이 끝나면 대외적인 서비스도 제공할 예정\\\"이라고 말했다.",
        "sentenceSize": 139
      },
      {
        "sentenceNo": 12,
        "sentenceContent": "김태혁 수석은 이날 강연에서\\\"구체적인 상용화 시기는 짐작할 수 없지만 ESG가 경영계의 핵심 화두로 떠오르는 만큼 예상보다 빠른 시일에 완전 공개될 수도 있다\\\"고 예상했다.",
        "sentenceSize": 98
      }
    ]
  },
  "labeledDataInfo": {
    "newTitle": "SK ICT 테크 서밋 2020, 기업들의 '급관심' ESG 관련 강연 진행",
    "clickbaitClass": 0,
    "referSentenceInfo": [
      {
        "sentenceNo": 1,
        "referSentenceyn": "N"
      },
      {
        "sentenceNo": 2,
        "referSentenceyn": "N"
      },
      {
        "sentenceNo": 3,
        "referSentenceyn": "N"
      },
      {
        "sentenceNo": 4,
        "referSentenceyn": "N"
      },
      {
        "sentenceNo": 5,
        "referSentenceyn": "Y"
      },
      {
        "sentenceNo": 6,
        "referSentenceyn": "N"
      },
      {
        "sentenceNo": 7,
        "referSentenceyn": "N"
      },
      {
        "sentenceNo": 8,
        "referSentenceyn": "N"
      },
      {
        "sentenceNo": 9,
        "referSentenceyn": "N"
      },
      {
        "sentenceNo": 10,
        "referSentenceyn": "N"
      },
      {
        "sentenceNo": 11,
        "referSentenceyn": "N"
      },
      {
        "sentenceNo": 12,
        "referSentenceyn": "N"
      }
    ]
  }
}