{
  "sourceDataInfo": {
    "newsID": "EC_M02_158167",
    "newsCategory": "경제",
    "newsSubcategory": "산업",
    "newsTitle": "삼성전자, 소프트웨어 인력 양성 나선다",
    "newsSubTitle": "대학생 프로그래밍 경진대회 'SCPC 2022' 참가자 모집",
    "newsContent": "삼성전자가 프로그래밍 인재 양성에 나선다.\n이를 통해 소프트웨어 생태계를 확장하고 우수 인력을 확보할 방침이다.\n삼성전자 대학생 프로그래밍 경진대회(SCPC) 참가자를 모집한다.\n올해로 8회째인 이 대회는 삼성전자가 소프트웨어 생태계 확대와 우수인재 발굴을 위해 2015년부터 진행해왔다.\n지금까지 3만여명의 참가자들이 함께 한 삼성전자 대학생 프로그래밍 경진대회(SCPC)는 총 251명의 수상자를 배출하며 소프트웨어 인재 양성에 기여했다는 평가다.\n삼성전자 관계자는 데일리임팩트에 \\\"모든 일정은 온라인으로 진행될 예정\\\"이라며 \\\"대학생 대상 소프트웨어 경진대회로는 상금과 참가자 수 모두 국내 최대 규모\\\"라고 말했다.\n프로그래밍에 관심이 있는 대학생 또는 대학원생이면 학년전공 제한 없이 참여할 수 있으며, 14일부터 다음달 12일까지 코드그라운드를 통해 참가 신청을 받는다.\n이후 7월과 8월에 두 차례의 예선을 거쳐 9월 최종 순위를 가리는 본선 대회가 진행된다.\n본선 대회 수상자들에게는 총 1억 원의 상금과 삼성전자 채용 우대 혜택이 주어진다.\n삼성전자가 운영하는 실시간 알고리즘 코딩 사이트인 코드그라운드에서 알고리즘 기법, 자료구조, 대회 기출문제 등 다양한 자료도 이용할 수 있다.",
    "partNum": "P1",
    "useType": 0,
    "processType": "D",
    "processPattern": "11",
    "processLevel": "하",
    "sentenceCount": 10,
    "sentenceInfo": [
      {
        "sentenceNo": 1,
        "sentenceContent": "삼성전자가 프로그래밍 인재 양성에 나선다.",
        "sentenceSize": 23
      },
      {
        "sentenceNo": 2,
        "sentenceContent": "이를 통해 소프트웨어 생태계를 확장하고 우수 인력을 확보할 방침이다.",
        "sentenceSize": 38
      },
      {
        "sentenceNo": 3,
        "sentenceContent": "삼성전자 대학생 프로그래밍 경진대회(SCPC) 참가자를 모집한다.",
        "sentenceSize": 36
      },
      {
        "sentenceNo": 4,
        "sentenceContent": "올해로 8회째인 이 대회는 삼성전자가 소프트웨어 생태계 확대와 우수인재 발굴을 위해 2015년부터 진행해왔다.",
        "sentenceSize": 61
      },
      {
        "sentenceNo": 5,
        "sentenceContent": "지금까지 3만여명의 참가자들이 함께 한 삼성전자 대학생 프로그래밍 경진대회(SCPC)는 총 251명의 수상자를 배출하며 소프트웨어 인재 양성에 기여했다는 평가다.",
        "sentenceSize": 90
      },
      {
        "sentenceNo": 6,
        "sentenceContent": "삼성전자 관계자는 데일리임팩트에 \\\"모든 일정은 온라인으로 진행될 예정\\\"이라며 \\\"대학생 대상 소프트웨어 경진대회로는 상금과 참가자 수 모두 국내 최대 규모\\\"라고 말했다.",
        "sentenceSize": 97
      },
      {
        "sentenceNo": 7,
        "sentenceContent": "프로그래밍에 관심이 있는 대학생 또는 대학원생이면 학년전공 제한 없이 참여할 수 있으며, 14일부터 다음달 12일까지 코드그라운드를 통해 참가 신청을 받는다.",
        "sentenceSize": 88
      },
      {
        "sentenceNo": 8,
        "sentenceContent": "이후 7월과 8월에 두 차례의 예선을 거쳐 9월 최종 순위를 가리는 본선 대회가 진행된다.",
        "sentenceSize": 50
      },
      {
        "sentenceNo": 9,
        "sentenceContent": "본선 대회 수상자들에게는 총 1억 원의 상금과 삼성전자 채용 우대 혜택이 주어진다.",
        "sentenceSize": 46
      },
      {
        "sentenceNo": 10,
        "sentenceContent": "삼성전자가 운영하는 실시간 알고리즘 코딩 사이트인 코드그라운드에서 알고리즘 기법, 자료구조, 대회 기출문제 등 다양한 자료도 이용할 수 있다.",
        "sentenceSize": 79
      }
    ]
  },
  "labeledDataInfo": {
    "newTitle": "삼성전자, 소프트웨어 우수 인재 발굴한다, 참가 자격은?",
    "clickbaitClass": 0,
    "referSentenceInfo": [
      {
        "sentenceNo": 1,
        "referSentenceyn": "N"
      },
      {
        "sentenceNo": 2,
        "referSentenceyn": "Y"
      },
      {
        "sentenceNo": 3,
        "referSentenceyn": "N"
      },
      {
        "sentenceNo": 4,
        "referSentenceyn": "N"
      },
      {
        "sentenceNo": 5,
        "referSentenceyn": "N"
      },
      {
        "sentenceNo": 6,
        "referSentenceyn": "N"
      },
      {
        "sentenceNo": 7,
        "referSentenceyn": "N"
      },
      {
        "sentenceNo": 8,
        "referSentenceyn": "N"
      },
      {
        "sentenceNo": 9,
        "referSentenceyn": "N"
      },
      {
        "sentenceNo": 10,
        "referSentenceyn": "N"
      }
    ]
  }
}