{
  "sourceDataInfo": {
    "newsID": "EC_M02_160687",
    "newsCategory": "경제",
    "newsSubcategory": "산업",
    "newsTitle": "'디지털 전환' 두산, 세계 최대 무인이동체 전시회서 기술력 뽐내",
    "newsSubTitle": "DMI 수소연료전지 파워팩 등 전시해",
    "newsContent": "두산모빌리티이노베이션(DMI)이 디지털 전환에 박차를 가하고 있다.\nDMI는 25일부터 28일까지 미국 플로리다에서 열리는 세계 최대 규모 무인이동체 전시회 'AUVSI XPONENTIAL 2022'에 참가한다고 25일 밝혔다.\n이 전시회는 국제무인운송시스템협회(AUVSI)가 주최한다.\n드론과 무인기 등 무인이동체 관련 최신 기술과 솔루션을 공유하는 자리다.\nDMI는 이번 전시회에서 △수소연료전지 파워팩(DP30·DM15) △DS30W △DT30N △DZ15을 선보인다.\n그 중 다양한 모빌리티에 응용 가능한 연료전지 파워팩을 중점적으로 강조할 예정이다.\nDMI는 지난 3월 29일 수소모빌리티 기술력과 미래 성장잠재력을 인정받아 270억원 규모의 외부 투자유치에 성공한 바 있다.\n또한 지난 2021년 11월 수소드론을 활용한 태양광 발전소 점검 솔루션으로 'CES 2022' 혁신상을 수상하기도 했다.\nDMI 관계자는 데일리임팩트에 \\\"DMI의 수소연료전지 파워팩은 수소드론 뿐만 아니라 다양한 모빌리티에 적용할 수 있다\\\"라며 \\\"이번 전시회에서 새롭게 공개하는 DT30N 및 DZ15 제품들과 수소연료전지 파워팩을 통해 다양한 애플리케이션을 소개하고 적극적으로 해외 시장을 공략하겠다\\\"고 말했다.",
    "partNum": "P1",
    "useType": 0,
    "processType": "D",
    "processPattern": "15",
    "processLevel": "중",
    "sentenceCount": 9,
    "sentenceInfo": [
      {
        "sentenceNo": 1,
        "sentenceContent": "두산모빌리티이노베이션(DMI)이 디지털 전환에 박차를 가하고 있다.",
        "sentenceSize": 37
      },
      {
        "sentenceNo": 2,
        "sentenceContent": "DMI는 25일부터 28일까지 미국 플로리다에서 열리는 세계 최대 규모 무인이동체 전시회 'AUVSI XPONENTIAL 2022'에 참가한다고 25일 밝혔다.",
        "sentenceSize": 89
      },
      {
        "sentenceNo": 3,
        "sentenceContent": "이 전시회는 국제무인운송시스템협회(AUVSI)가 주최한다.",
        "sentenceSize": 32
      },
      {
        "sentenceNo": 4,
        "sentenceContent": "드론과 무인기 등 무인이동체 관련 최신 기술과 솔루션을 공유하는 자리다.",
        "sentenceSize": 40
      },
      {
        "sentenceNo": 5,
        "sentenceContent": "DMI는 이번 전시회에서 △수소연료전지 파워팩(DP30·DM15) △DS30W △DT30N △DZ15을 선보인다.",
        "sentenceSize": 63
      },
      {
        "sentenceNo": 6,
        "sentenceContent": "그 중 다양한 모빌리티에 응용 가능한 연료전지 파워팩을 중점적으로 강조할 예정이다.",
        "sentenceSize": 46
      },
      {
        "sentenceNo": 7,
        "sentenceContent": "DMI는 지난 3월 29일 수소모빌리티 기술력과 미래 성장잠재력을 인정받아 270억원 규모의 외부 투자유치에 성공한 바 있다.",
        "sentenceSize": 70
      },
      {
        "sentenceNo": 8,
        "sentenceContent": "또한 지난 2021년 11월 수소드론을 활용한 태양광 발전소 점검 솔루션으로 'CES 2022' 혁신상을 수상하기도 했다.",
        "sentenceSize": 68
      },
      {
        "sentenceNo": 9,
        "sentenceContent": "DMI 관계자는 데일리임팩트에 \\\"DMI의 수소연료전지 파워팩은 수소드론 뿐만 아니라 다양한 모빌리티에 적용할 수 있다\\\"라며 \\\"이번 전시회에서 새롭게 공개하는 DT30N 및 DZ15 제품들과 수소연료전지 파워팩을 통해 다양한 애플리케이션을 소개하고 적극적으로 해외 시장을 공략하겠다\\\"고 말했다.",
        "sentenceSize": 167
      }
    ]
  },
  "labeledDataInfo": {
    "newTitle": "DMI '디지털 전환' 성공적... 세계 최대 규모 전시회 참가 확정",
    "clickbaitClass": 0,
    "referSentenceInfo": [
      {
        "sentenceNo": 1,
        "referSentenceyn": "N"
      },
      {
        "sentenceNo": 2,
        "referSentenceyn": "Y"
      },
      {
        "sentenceNo": 3,
        "referSentenceyn": "N"
      },
      {
        "sentenceNo": 4,
        "referSentenceyn": "N"
      },
      {
        "sentenceNo": 5,
        "referSentenceyn": "N"
      },
      {
        "sentenceNo": 6,
        "referSentenceyn": "N"
      },
      {
        "sentenceNo": 7,
        "referSentenceyn": "N"
      },
      {
        "sentenceNo": 8,
        "referSentenceyn": "N"
      },
      {
        "sentenceNo": 9,
        "referSentenceyn": "N"
      }
    ]
  }
}