{
  "sourceDataInfo": {
    "newsID": "EC_M02_160638",
    "newsCategory": "경제",
    "newsSubcategory": "산업",
    "newsTitle": "반도체 끌고 폴더블 밀었다…삼성전자, 3분기 역대 최대 매출",
    "newsSubTitle": "D램 분기 최대 출하량 기록…반도체 영업익 10조원 돌파 갤럭시Z시리즈 인기에 웨어러블 호조…모바일 실적 개선",
    "newsContent": "삼성전자가 3분기 창사 이후 분기 최대 매출을 올렸다.\nD램 등 메모리반도체가 전체 실적을 견인한 가운데 폴더블폰을 비롯한 스마트폰과 OLED(유기발광다이오드)를 위시한 디스플레이 등 주력사업 매출이 고르게 증가한 결과다.\n특히 삼성전자 실적의 60%를 차지하는 반도체 부문에서 D램이 분기 최대 출하량을 기록, 역대 두 번째 매출을 달성하면서 삼성전자는 3분기 연속 매출 최대치를 경신했다.\n이 같은 추세대로라면 삼성전자는 연간으로도 반도체 호황기였던 2018년을 크게 웃도는 매출을 달성할 것이라는 기대감이 흐른다.\n영업이익 또한 메모리 시황 호조세 지속, 파운드리·디스플레이 판매 확대 등 부품 사업이 큰 폭으로 개선되고 세트 사업도 견조한 모습을 나타내면서 역대 두 번째로 높았다.\n28일 삼성전자는 연결 기준으로 매출 73조9800억원, 영업이익 15조8200억원을 기록했다고 공시했다.\n전년 동기 대비 매출은 10.5% 영업이익은 28.1% 증가했다.\n전분기 대비로는 매츨이 16.2%, 영업이익은 25.9% 늘었다.\n이에 따라 부품 사업을 중심으로 영업이익률이 개선되면서 21.4%를 기록했다.\n삼성전자 관계자는 데일리임팩트에 \\\"전세계적인 공급망 이슈와 코로나19 영향 등 거시적인 불확실성이 있었지만, 기술·제품 경쟁력을 바탕으로 공급망 관리 역량을 적극 활용해 이 같은 성과를 달성했다\\\"고 설명했다.\n사업부별로는 반도체 부문이 매출 26조4100억원, 영업이익 10조600억원을 기록했다.\n메모리는 서버용 수요에 적극 대응해 D램이 분기 최대 출하량과 역대 두 번째 매출을 달성했다.\n15나노 D램·128단 V낸드 비중을 확대해 원가 경쟁력을 높인 것도 한 몫 했다.\n차기 성장동력으로 떠오른 파운드리(반도체 위탁생산)은 평택 S5 라인 양산 확대에 따라 글로벌 고객사용 첨단공정 제품 공급이 크게 늘면서 역대 최대치를 찍었다.\n디스플레이는 매출 8조8600억원, 영업이익 1조4900억원을 기록했다.\n중소형의 경우 주요 스마트폰 고객사의 신제품 출시 효과를 봤다.\n특히 폴더블을 포함한 고성능 제품 판매 확대로 역대 3분기 중 최고 이익을 기록했다.\n반면 대형은 LCD(액정표시장치) 판가 하락 등으로 적자가 지속됐다.\n스마트폰 등을 담당하는 IM 부문은 매출 28조4200억원, 영업이익 3조3600억원을 기록했다.\n폴더블폰 신제품과 중저가 스마트폰 판매 확대, 스마트워치 등 갤럭시 생태계 제품군 성장으로 전분기 대비 실적이 개선됐다.\n네트워크는 국내 5G(5세대) 이동통신망 증설 수요, 북미·일본 등 해외 사업 확대로 성장 기반을 다졌다.\n생활가전을 영위하는 CE 부문은 3분기 매출 14조1000억원, 영업이익 7600억원을 기록했다.\n삼성전자는 네오QLED와 라이프스타일 TV 등 프리미엄 제품 비중을 늘렸다.\n또 취향 가전 콘셉트의 비스포크 제품군을 확대했다.\n그러나 보복 소비 수요가 줄어든 데다, 원자재·물류비 등 원가 상승 영향으로 수익성이 감소했다.\n삼성전자는 4분기 부품 부족에 따른 일부 고객사의 수요에 영향이 있을 것으로 예상하고 있다.\n이에 부품사업은 메모리·시스템 반도체 수요에 적극 대응하고, 세트 사업의 경우 프리미엄 제품 리더십과 라인업 강화를 통한 수익성 유지에 주력할 방침이다.\n메모리는 당초 예상보다 부품 수급난기 장기화됨에 따라 주요 IT 기업의 서버 투자 수요에 적극 대응할 방침이다.\n시스템LSI는 모바일 신제품용 SoC(시스템온칩) 관련 제품 공급 확대가 전망되며, 파운드리는 첨단공정 수요에 적극 대응해 실적이 대폭 개선될 것으로 예상된다.\n디스플레이는 중소형의 경우 스마트폰 수요 지속과 신규 응용처 판매 확대로 견조한 실적을 달성할 것으로 예상되며, 대형은 QD 디스플레이 양산을 시작할 계획이다.\n무선은 폴더블폰 등 프리미엄 제품 판매를 지속 확대하는 가운데, 중저가 5G 스마트폰 판매 확대를 통해 교체 수요에 적극 대응하고 태블릿·웨어러블 제품군 판매 확대 등으로 견조한 수익성을 확보할 계획이다.\nCE는 연말 성수기 프로모션을 통해 프리미엄 제품 중심으로 판매 확대를 추진할 예정이다.\n한편, 삼성전자는 3분기 10조2000억원을 시설투자에 투입했다.\n사업별로는 반도체 부문 투자가 9조1000억원, 디스플레이 부문 투자가 7000억원 수준이다.\n올해 3분기까지 누적으로 33조5000억원이 집행됐다.\n이 가운데 반도체에만 30조원이 투입됐다.\n이는 지난해 연간 시설투자(38조5000억원)에 육박하는 수준이다.\n사업별로 메모리반도체 부문에서는 내년 수요 증가 대응과 DDR5 등 차세대 제품 준비를 위한 평택·시안 첨단공정 증설, 공정 전환과 함께 미래 수요 대응을 위한 평택 P3 라인 인프라 투자가 진행됐다.\n파운드리에서는 평택 EUV(극자외선) 첨단공정 증설 투자 등을 중심으로 투자가 집행됐다.\n디스플레이 부문은 QD 디스플레이 생산능력 확대, 중소형 모듈 투자를 통한 신규 기술 전환 가속화에 중점을 두고 투자가 이뤄졌다.\n하지만 삼성전자는 올해 연간 시설투자 전망치는 제시하지 않았다.\n시황과 연계된 탄력적인 투자 집행 기조를 유지하면서 부품 수급난 등을 대외 상황을 고려해 4분기 투자를 검토한다는 전략이다.",
    "partNum": "P1",
    "useType": 0,
    "processType": "D",
    "processPattern": "15",
    "processLevel": "중",
    "sentenceCount": 42,
    "sentenceInfo": [
      {
        "sentenceNo": 1,
        "sentenceContent": "삼성전자가 3분기 창사 이후 분기 최대 매출을 올렸다.",
        "sentenceSize": 30
      },
      {
        "sentenceNo": 2,
        "sentenceContent": "D램 등 메모리반도체가 전체 실적을 견인한 가운데 폴더블폰을 비롯한 스마트폰과 OLED(유기발광다이오드)를 위시한 디스플레이 등 주력사업 매출이 고르게 증가한 결과다.",
        "sentenceSize": 93
      },
      {
        "sentenceNo": 3,
        "sentenceContent": "특히 삼성전자 실적의 60%를 차지하는 반도체 부문에서 D램이 분기 최대 출하량을 기록, 역대 두 번째 매출을 달성하면서 삼성전자는 3분기 연속 매출 최대치를 경신했다.",
        "sentenceSize": 94
      },
      {
        "sentenceNo": 4,
        "sentenceContent": "이 같은 추세대로라면 삼성전자는 연간으로도 반도체 호황기였던 2018년을 크게 웃도는 매출을 달성할 것이라는 기대감이 흐른다.",
        "sentenceSize": 70
      },
      {
        "sentenceNo": 5,
        "sentenceContent": "영업이익 또한 메모리 시황 호조세 지속, 파운드리·디스플레이 판매 확대 등 부품 사업이 큰 폭으로 개선되고 세트 사업도 견조한 모습을 나타내면서 역대 두 번째로 높았다.",
        "sentenceSize": 94
      },
      {
        "sentenceNo": 6,
        "sentenceContent": "28일 삼성전자는 연결 기준으로 매출 73조9800억원, 영업이익 15조8200억원을 기록했다고 공시했다.",
        "sentenceSize": 59
      },
      {
        "sentenceNo": 7,
        "sentenceContent": "전년 동기 대비 매출은 10.5% 영업이익은 28.1% 증가했다.",
        "sentenceSize": 36
      },
      {
        "sentenceNo": 8,
        "sentenceContent": "전분기 대비로는 매츨이 16.2%, 영업이익은 25.9% 늘었다.",
        "sentenceSize": 36
      },
      {
        "sentenceNo": 9,
        "sentenceContent": "이에 따라 부품 사업을 중심으로 영업이익률이 개선되면서 21.4%를 기록했다.",
        "sentenceSize": 43
      },
      {
        "sentenceNo": 10,
        "sentenceContent": "삼성전자 관계자는 데일리임팩트에 \\\"전세계적인 공급망 이슈와 코로나19 영향 등 거시적인 불확실성이 있었지만, 기술·제품 경쟁력을 바탕으로 공급망 관리 역량을 적극 활용해 이 같은 성과를 달성했다\\\"고 설명했다.",
        "sentenceSize": 118
      },
      {
        "sentenceNo": 11,
        "sentenceContent": "사업부별로는 반도체 부문이 매출 26조4100억원, 영업이익 10조600억원을 기록했다.",
        "sentenceSize": 49
      },
      {
        "sentenceNo": 12,
        "sentenceContent": "메모리는 서버용 수요에 적극 대응해 D램이 분기 최대 출하량과 역대 두 번째 매출을 달성했다.",
        "sentenceSize": 52
      },
      {
        "sentenceNo": 13,
        "sentenceContent": "15나노 D램·128단 V낸드 비중을 확대해 원가 경쟁력을 높인 것도 한 몫 했다.",
        "sentenceSize": 46
      },
      {
        "sentenceNo": 14,
        "sentenceContent": "차기 성장동력으로 떠오른 파운드리(반도체 위탁생산)은 평택 S5 라인 양산 확대에 따라 글로벌 고객사용 첨단공정 제품 공급이 크게 늘면서 역대 최대치를 찍었다.",
        "sentenceSize": 89
      },
      {
        "sentenceNo": 15,
        "sentenceContent": "디스플레이는 매출 8조8600억원, 영업이익 1조4900억원을 기록했다.",
        "sentenceSize": 40
      },
      {
        "sentenceNo": 16,
        "sentenceContent": "중소형의 경우 주요 스마트폰 고객사의 신제품 출시 효과를 봤다.",
        "sentenceSize": 35
      },
      {
        "sentenceNo": 17,
        "sentenceContent": "특히 폴더블을 포함한 고성능 제품 판매 확대로 역대 3분기 중 최고 이익을 기록했다.",
        "sentenceSize": 47
      },
      {
        "sentenceNo": 18,
        "sentenceContent": "반면 대형은 LCD(액정표시장치) 판가 하락 등으로 적자가 지속됐다.",
        "sentenceSize": 38
      },
      {
        "sentenceNo": 19,
        "sentenceContent": "스마트폰 등을 담당하는 IM 부문은 매출 28조4200억원, 영업이익 3조3600억원을 기록했다.",
        "sentenceSize": 54
      },
      {
        "sentenceNo": 20,
        "sentenceContent": "폴더블폰 신제품과 중저가 스마트폰 판매 확대, 스마트워치 등 갤럭시 생태계 제품군 성장으로 전분기 대비 실적이 개선됐다.",
        "sentenceSize": 67
      },
      {
        "sentenceNo": 21,
        "sentenceContent": "네트워크는 국내 5G(5세대) 이동통신망 증설 수요, 북미·일본 등 해외 사업 확대로 성장 기반을 다졌다.",
        "sentenceSize": 59
      },
      {
        "sentenceNo": 22,
        "sentenceContent": "생활가전을 영위하는 CE 부문은 3분기 매출 14조1000억원, 영업이익 7600억원을 기록했다.",
        "sentenceSize": 54
      },
      {
        "sentenceNo": 23,
        "sentenceContent": "삼성전자는 네오QLED와 라이프스타일 TV 등 프리미엄 제품 비중을 늘렸다.",
        "sentenceSize": 42
      },
      {
        "sentenceNo": 24,
        "sentenceContent": "또 취향 가전 콘셉트의 비스포크 제품군을 확대했다.",
        "sentenceSize": 28
      },
      {
        "sentenceNo": 25,
        "sentenceContent": "그러나 보복 소비 수요가 줄어든 데다, 원자재·물류비 등 원가 상승 영향으로 수익성이 감소했다.",
        "sentenceSize": 53
      },
      {
        "sentenceNo": 26,
        "sentenceContent": "삼성전자는 4분기 부품 부족에 따른 일부 고객사의 수요에 영향이 있을 것으로 예상하고 있다.",
        "sentenceSize": 51
      },
      {
        "sentenceNo": 27,
        "sentenceContent": "이에 부품사업은 메모리·시스템 반도체 수요에 적극 대응하고, 세트 사업의 경우 프리미엄 제품 리더십과 라인업 강화를 통한 수익성 유지에 주력할 방침이다.",
        "sentenceSize": 85
      },
      {
        "sentenceNo": 28,
        "sentenceContent": "메모리는 당초 예상보다 부품 수급난기 장기화됨에 따라 주요 IT 기업의 서버 투자 수요에 적극 대응할 방침이다.",
        "sentenceSize": 62
      },
      {
        "sentenceNo": 29,
        "sentenceContent": "시스템LSI는 모바일 신제품용 SoC(시스템온칩) 관련 제품 공급 확대가 전망되며, 파운드리는 첨단공정 수요에 적극 대응해 실적이 대폭 개선될 것으로 예상된다.",
        "sentenceSize": 89
      },
      {
        "sentenceNo": 30,
        "sentenceContent": "디스플레이는 중소형의 경우 스마트폰 수요 지속과 신규 응용처 판매 확대로 견조한 실적을 달성할 것으로 예상되며, 대형은 QD 디스플레이 양산을 시작할 계획이다.",
        "sentenceSize": 89
      },
      {
        "sentenceNo": 31,
        "sentenceContent": "무선은 폴더블폰 등 프리미엄 제품 판매를 지속 확대하는 가운데, 중저가 5G 스마트폰 판매 확대를 통해 교체 수요에 적극 대응하고 태블릿·웨어러블 제품군 판매 확대 등으로 견조한 수익성을 확보할 계획이다.",
        "sentenceSize": 114
      },
      {
        "sentenceNo": 32,
        "sentenceContent": "CE는 연말 성수기 프로모션을 통해 프리미엄 제품 중심으로 판매 확대를 추진할 예정이다.",
        "sentenceSize": 49
      },
      {
        "sentenceNo": 33,
        "sentenceContent": "한편, 삼성전자는 3분기 10조2000억원을 시설투자에 투입했다.",
        "sentenceSize": 36
      },
      {
        "sentenceNo": 34,
        "sentenceContent": "사업별로는 반도체 부문 투자가 9조1000억원, 디스플레이 부문 투자가 7000억원 수준이다.",
        "sentenceSize": 52
      },
      {
        "sentenceNo": 35,
        "sentenceContent": "올해 3분기까지 누적으로 33조5000억원이 집행됐다.",
        "sentenceSize": 30
      },
      {
        "sentenceNo": 36,
        "sentenceContent": "이 가운데 반도체에만 30조원이 투입됐다.",
        "sentenceSize": 23
      },
      {
        "sentenceNo": 37,
        "sentenceContent": "이는 지난해 연간 시설투자(38조5000억원)에 육박하는 수준이다.",
        "sentenceSize": 37
      },
      {
        "sentenceNo": 38,
        "sentenceContent": "사업별로 메모리반도체 부문에서는 내년 수요 증가 대응과 DDR5 등 차세대 제품 준비를 위한 평택·시안 첨단공정 증설, 공정 전환과 함께 미래 수요 대응을 위한 평택 P3 라인 인프라 투자가 진행됐다.",
        "sentenceSize": 112
      },
      {
        "sentenceNo": 39,
        "sentenceContent": "파운드리에서는 평택 EUV(극자외선) 첨단공정 증설 투자 등을 중심으로 투자가 집행됐다.",
        "sentenceSize": 49
      },
      {
        "sentenceNo": 40,
        "sentenceContent": "디스플레이 부문은 QD 디스플레이 생산능력 확대, 중소형 모듈 투자를 통한 신규 기술 전환 가속화에 중점을 두고 투자가 이뤄졌다.",
        "sentenceSize": 72
      },
      {
        "sentenceNo": 41,
        "sentenceContent": "하지만 삼성전자는 올해 연간 시설투자 전망치는 제시하지 않았다.",
        "sentenceSize": 35
      },
      {
        "sentenceNo": 42,
        "sentenceContent": "시황과 연계된 탄력적인 투자 집행 기조를 유지하면서 부품 수급난 등을 대외 상황을 고려해 4분기 투자를 검토한다는 전략이다.",
        "sentenceSize": 69
      }
    ]
  },
  "labeledDataInfo": {
    "newTitle": "삼성전자, 역대 매출로 전 세계 휘어잡았다",
    "clickbaitClass": 0,
    "referSentenceInfo": [
      {
        "sentenceNo": 1,
        "referSentenceyn": "Y"
      },
      {
        "sentenceNo": 2,
        "referSentenceyn": "N"
      },
      {
        "sentenceNo": 3,
        "referSentenceyn": "N"
      },
      {
        "sentenceNo": 4,
        "referSentenceyn": "N"
      },
      {
        "sentenceNo": 5,
        "referSentenceyn": "N"
      },
      {
        "sentenceNo": 6,
        "referSentenceyn": "N"
      },
      {
        "sentenceNo": 7,
        "referSentenceyn": "N"
      },
      {
        "sentenceNo": 8,
        "referSentenceyn": "N"
      },
      {
        "sentenceNo": 9,
        "referSentenceyn": "N"
      },
      {
        "sentenceNo": 10,
        "referSentenceyn": "N"
      },
      {
        "sentenceNo": 11,
        "referSentenceyn": "N"
      },
      {
        "sentenceNo": 12,
        "referSentenceyn": "N"
      },
      {
        "sentenceNo": 13,
        "referSentenceyn": "N"
      },
      {
        "sentenceNo": 14,
        "referSentenceyn": "N"
      },
      {
        "sentenceNo": 15,
        "referSentenceyn": "N"
      },
      {
        "sentenceNo": 16,
        "referSentenceyn": "N"
      },
      {
        "sentenceNo": 17,
        "referSentenceyn": "N"
      },
      {
        "sentenceNo": 18,
        "referSentenceyn": "N"
      },
      {
        "sentenceNo": 19,
        "referSentenceyn": "N"
      },
      {
        "sentenceNo": 20,
        "referSentenceyn": "N"
      },
      {
        "sentenceNo": 21,
        "referSentenceyn": "N"
      },
      {
        "sentenceNo": 22,
        "referSentenceyn": "N"
      },
      {
        "sentenceNo": 23,
        "referSentenceyn": "N"
      },
      {
        "sentenceNo": 24,
        "referSentenceyn": "N"
      },
      {
        "sentenceNo": 25,
        "referSentenceyn": "N"
      },
      {
        "sentenceNo": 26,
        "referSentenceyn": "N"
      },
      {
        "sentenceNo": 27,
        "referSentenceyn": "N"
      },
      {
        "sentenceNo": 28,
        "referSentenceyn": "N"
      },
      {
        "sentenceNo": 29,
        "referSentenceyn": "N"
      },
      {
        "sentenceNo": 30,
        "referSentenceyn": "N"
      },
      {
        "sentenceNo": 31,
        "referSentenceyn": "N"
      },
      {
        "sentenceNo": 32,
        "referSentenceyn": "N"
      },
      {
        "sentenceNo": 33,
        "referSentenceyn": "N"
      },
      {
        "sentenceNo": 34,
        "referSentenceyn": "N"
      },
      {
        "sentenceNo": 35,
        "referSentenceyn": "N"
      },
      {
        "sentenceNo": 36,
        "referSentenceyn": "N"
      },
      {
        "sentenceNo": 37,
        "referSentenceyn": "N"
      },
      {
        "sentenceNo": 38,
        "referSentenceyn": "N"
      },
      {
        "sentenceNo": 39,
        "referSentenceyn": "N"
      },
      {
        "sentenceNo": 40,
        "referSentenceyn": "N"
      },
      {
        "sentenceNo": 41,
        "referSentenceyn": "N"
      },
      {
        "sentenceNo": 42,
        "referSentenceyn": "N"
      }
    ]
  }
}