{
  "sourceDataInfo": {
    "newsID": "EC_M02_158259",
    "newsCategory": "경제",
    "newsSubcategory": "정책금융",
    "newsTitle": "7월 소비자물가 상승률 6.3%…1998년 이후 최고치",
    "newsSubTitle": "두 달 연속 6%대 기록",
    "newsContent": "7월 소비자물가가 서비스‧농축수산물‧공업제품 등의 상승 여파로 전년 동월 대비 6.3% 상승한 것으로 나타났다.\n이는 지난 IMF외환위기 당시였던 1998년 11월(6.8%) 이후 가장 높은 수치다.\n통계청은 7월 소비자물가 상승률이 6.3%를 기록했다고 2일 밝혔다.\n이는 6월 물가상승률(6%)보다 0.3%p 높은 수치이자, 두 달 연속 6%대 기록이다.\n전월 대비 역시 서비스, 농축수산물, 공업제품이 상승하며 0.5% 오름세를 보였다.\n부문별로 살펴보면 공업제품, 서비스, 농축수산물 등이 상승세를 주도했다.\n공업제품은 가공식품 등의 상승으로 8.9% 올랐고, 농축수산물 가격도 7.1% 상승했다.\n특히 최근 진행된 공공요금 인상 여파로 전기‧가스‧수도비가 15.7% 상승하며 전반적은 오름세를 주도했다.\n반면, 그동안 물가 상승의 핵심 요인으로 지목돼온 석유류는 가격 오름세가 다소 완화되며 전월 대비(39.6%)소폭 둔화된 35.1%의 상승세를 보였다.\n통계청 관계자는 \\\"이밖에 생활물가지수, 신선식품지수 등 구입빈도 및 지출비중이 높은 품목 전반이 상승세를 이어갔다\\\"고 설명했다.",
    "partNum": "P1",
    "useType": 0,
    "processType": "D",
    "processPattern": "11",
    "processLevel": "하",
    "sentenceCount": 10,
    "sentenceInfo": [
      {
        "sentenceNo": 1,
        "sentenceContent": "7월 소비자물가가 서비스‧농축수산물‧공업제품 등의 상승 여파로 전년 동월 대비 6.3% 상승한 것으로 나타났다.",
        "sentenceSize": 62
      },
      {
        "sentenceNo": 2,
        "sentenceContent": "이는 지난 IMF외환위기 당시였던 1998년 11월(6.8%) 이후 가장 높은 수치다.",
        "sentenceSize": 48
      },
      {
        "sentenceNo": 3,
        "sentenceContent": "통계청은 7월 소비자물가 상승률이 6.3%를 기록했다고 2일 밝혔다.",
        "sentenceSize": 38
      },
      {
        "sentenceNo": 4,
        "sentenceContent": "이는 6월 물가상승률(6%)보다 0.3%p 높은 수치이자, 두 달 연속 6%대 기록이다.",
        "sentenceSize": 49
      },
      {
        "sentenceNo": 5,
        "sentenceContent": "전월 대비 역시 서비스, 농축수산물, 공업제품이 상승하며 0.5% 오름세를 보였다.",
        "sentenceSize": 46
      },
      {
        "sentenceNo": 6,
        "sentenceContent": "부문별로 살펴보면 공업제품, 서비스, 농축수산물 등이 상승세를 주도했다.",
        "sentenceSize": 40
      },
      {
        "sentenceNo": 7,
        "sentenceContent": "공업제품은 가공식품 등의 상승으로 8.9% 올랐고, 농축수산물 가격도 7.1% 상승했다.",
        "sentenceSize": 49
      },
      {
        "sentenceNo": 8,
        "sentenceContent": "특히 최근 진행된 공공요금 인상 여파로 전기‧가스‧수도비가 15.7% 상승하며 전반적은 오름세를 주도했다.",
        "sentenceSize": 59
      },
      {
        "sentenceNo": 9,
        "sentenceContent": "반면, 그동안 물가 상승의 핵심 요인으로 지목돼온 석유류는 가격 오름세가 다소 완화되며 전월 대비(39.6%)소폭 둔화된 35.1%의 상승세를 보였다.",
        "sentenceSize": 84
      },
      {
        "sentenceNo": 10,
        "sentenceContent": "통계청 관계자는 \\\"이밖에 생활물가지수, 신선식품지수 등 구입빈도 및 지출비중이 높은 품목 전반이 상승세를 이어갔다\\\"고 설명했다.",
        "sentenceSize": 73
      }
    ]
  },
  "labeledDataInfo": {
    "newTitle": "IMF 외환위기 이후 가장 높은 수치 기록한 7월 소비자 물가... 대체 왜?",
    "clickbaitClass": 0,
    "referSentenceInfo": [
      {
        "sentenceNo": 1,
        "referSentenceyn": "N"
      },
      {
        "sentenceNo": 2,
        "referSentenceyn": "N"
      },
      {
        "sentenceNo": 3,
        "referSentenceyn": "N"
      },
      {
        "sentenceNo": 4,
        "referSentenceyn": "N"
      },
      {
        "sentenceNo": 5,
        "referSentenceyn": "N"
      },
      {
        "sentenceNo": 6,
        "referSentenceyn": "N"
      },
      {
        "sentenceNo": 7,
        "referSentenceyn": "N"
      },
      {
        "sentenceNo": 8,
        "referSentenceyn": "N"
      },
      {
        "sentenceNo": 9,
        "referSentenceyn": "N"
      },
      {
        "sentenceNo": 10,
        "referSentenceyn": "Y"
      }
    ]
  }
}