{
  "sourceDataInfo": {
    "newsID": "EC_M02_156495",
    "newsCategory": "경제",
    "newsSubcategory": "은행",
    "newsTitle": "신한은행, '모빌리티' 활용한 '미래 금융 혁신' 나선다",
    "newsSubTitle": "모빌리티 기술 기업 '포티투닷'과 업무협약 체결해 모빌리티 데이터-자율주행 기반 신사업 발굴키로",
    "newsContent": "신한은행이 4차 산업혁명 시대의 주목받는 시장인 모빌리티(Mobility) 분야에 뛰어든다.\n금융과 모빌리티 산업의 협력을 통해 새로운 기회를 찾겠다는 계획이다.\n신한은행은 모빌리티 기술 기업인 '포티투닷'과 모빌리티 데이터 연계 사업 및 자율주행 기반 금융 신사업 공동 발굴을 위한 업무협약을 체결했다고 16일 밝혔다.\n포티투닷은 미래 자율주행 모빌리티 기술 기업이다.\n자율주행 기술 레벨4(일부 상황 제외 운전자가 개입하지 않아도 되는 수준) 면허의 기술력과 모빌리티 통합 플랫폼을 보유하고 있다.\n이번 업무 협약에 따라 양사는 자율주행 기반의 모빌리티 지불 결제 사업 O2O플랫폼에 필요한 서비스 발굴 및 개발 협력 모빌리티 금융 신사업 발굴 및 추진 스마트시티 사업 내 혁신 금융서비스 제공 등을 통해 긴밀한 업무 협력을 이어나갈 예정이다.\n이밖에 신한은행은 미래 핵심시장 선점 및 디지털 역량 강화를 위해 다양한 시도를 이어나간다는 방침이다.\n신한은행 관계자는 미디어SR에 \\\"실제로 포티투닷과는 세종시 스마트시티 컨소시엄도 함께 진행할 예정으로 모빌리티와 금융이 결합된 소위 '미래 혁신 금융'의 청사진을 그려나갈 것\\\"이라고 설명했다.\n한편 이번 업무 협약에서는 신한금융그룹의 SI(Strategic Investment) 펀드인 '원신한 커넥트 신기술투자조합 1호'의 운용을 맡고 있는 신한캐피탈이 약 300억원 규모의 전략적 투자도 진행해 눈길을 끌었다.\n신한은행 관계자는 \\\"스마트시티 등 미래 모빌리티 산업 내 혁신적인 금융서비스를 지속적으로 선보일 것\\\"이라며 \\\"다양한 분야에서 금융의 경계를 뛰어넘는 디지털 생태계를 구축해 나갈 것\\\"이라고 밝혔다.",
    "partNum": "P1",
    "useType": 0,
    "processType": "D",
    "processPattern": "14",
    "processLevel": "중",
    "sentenceCount": 10,
    "sentenceInfo": [
      {
        "sentenceNo": 1,
        "sentenceContent": "신한은행이 4차 산업혁명 시대의 주목받는 시장인 모빌리티(Mobility) 분야에 뛰어든다.",
        "sentenceSize": 51
      },
      {
        "sentenceNo": 2,
        "sentenceContent": "금융과 모빌리티 산업의 협력을 통해 새로운 기회를 찾겠다는 계획이다.",
        "sentenceSize": 38
      },
      {
        "sentenceNo": 3,
        "sentenceContent": "신한은행은 모빌리티 기술 기업인 '포티투닷'과 모빌리티 데이터 연계 사업 및 자율주행 기반 금융 신사업 공동 발굴을 위한 업무협약을 체결했다고 16일 밝혔다.",
        "sentenceSize": 88
      },
      {
        "sentenceNo": 4,
        "sentenceContent": "포티투닷은 미래 자율주행 모빌리티 기술 기업이다.",
        "sentenceSize": 27
      },
      {
        "sentenceNo": 5,
        "sentenceContent": "자율주행 기술 레벨4(일부 상황 제외 운전자가 개입하지 않아도 되는 수준) 면허의 기술력과 모빌리티 통합 플랫폼을 보유하고 있다.",
        "sentenceSize": 72
      },
      {
        "sentenceNo": 6,
        "sentenceContent": "이번 업무 협약에 따라 양사는 자율주행 기반의 모빌리티 지불 결제 사업 O2O플랫폼에 필요한 서비스 발굴 및 개발 협력 모빌리티 금융 신사업 발굴 및 추진 스마트시티 사업 내 혁신 금융서비스 제공 등을 통해 긴밀한 업무 협력을 이어나갈 예정이다.",
        "sentenceSize": 137
      },
      {
        "sentenceNo": 7,
        "sentenceContent": "이밖에 신한은행은 미래 핵심시장 선점 및 디지털 역량 강화를 위해 다양한 시도를 이어나간다는 방침이다.",
        "sentenceSize": 57
      },
      {
        "sentenceNo": 8,
        "sentenceContent": "신한은행 관계자는 미디어SR에 \\\"실제로 포티투닷과는 세종시 스마트시티 컨소시엄도 함께 진행할 예정으로 모빌리티와 금융이 결합된 소위 '미래 혁신 금융'의 청사진을 그려나갈 것\\\"이라고 설명했다.",
        "sentenceSize": 109
      },
      {
        "sentenceNo": 9,
        "sentenceContent": "한편 이번 업무 협약에서는 신한금융그룹의 SI(Strategic Investment) 펀드인 '원신한 커넥트 신기술투자조합 1호'의 운용을 맡고 있는 신한캐피탈이 약 300억원 규모의 전략적 투자도 진행해 눈길을 끌었다.",
        "sentenceSize": 123
      },
      {
        "sentenceNo": 10,
        "sentenceContent": "신한은행 관계자는 \\\"스마트시티 등 미래 모빌리티 산업 내 혁신적인 금융서비스를 지속적으로 선보일 것\\\"이라며 \\\"다양한 분야에서 금융의 경계를 뛰어넘는 디지털 생태계를 구축해 나갈 것\\\"이라고 밝혔다.",
        "sentenceSize": 113
      }
    ]
  },
  "labeledDataInfo": {
    "newTitle": "모빌리티 시장 뛰어드는 신한은행... 넘사벽 디지털 생태계 만들어 나갈 것.",
    "clickbaitClass": 0,
    "referSentenceInfo": [
      {
        "sentenceNo": 1,
        "referSentenceyn": "Y"
      },
      {
        "sentenceNo": 2,
        "referSentenceyn": "N"
      },
      {
        "sentenceNo": 3,
        "referSentenceyn": "N"
      },
      {
        "sentenceNo": 4,
        "referSentenceyn": "N"
      },
      {
        "sentenceNo": 5,
        "referSentenceyn": "N"
      },
      {
        "sentenceNo": 6,
        "referSentenceyn": "N"
      },
      {
        "sentenceNo": 7,
        "referSentenceyn": "N"
      },
      {
        "sentenceNo": 8,
        "referSentenceyn": "N"
      },
      {
        "sentenceNo": 9,
        "referSentenceyn": "N"
      },
      {
        "sentenceNo": 10,
        "referSentenceyn": "Y"
      }
    ]
  }
}