{
  "sourceDataInfo": {
    "newsID": "EC_M02_156570",
    "newsCategory": "경제",
    "newsSubcategory": "게임",
    "newsTitle": "컴투스 기대작 '서머너즈 워: 크로니클' 사전예약 프로모션",
    "newsSubTitle": "서울∙부산∙대구∙광주∙천안∙강원 등 전국 투어 이벤트",
    "newsContent": "컴투스의 하반기 기대작인 다중접속역할수행게임(MMORPG) '서머너즈 워: 크로니클(크로니클)'의 국내 출시를 앞두고 전국 투어 이벤트를 실시한다.\n오는 11일까지 시전 예약기간 서머너즈 워 인기 소환수 캐릭터인 불∙물∙바람 속성의 세 웅묘무사가 주말 서울 도심과 수도권을 비롯해 부산, 대구, 광주, 천안, 강원 등 전국 주요 지역을 찾았다.\n게임에 대한 주목도를 올리기 위해 소환사 모집 전단을 나눠주고 행인들과 어울리며 크로니클에 대한 기대감을 끌어올렸다.\n크로니클은 전 세계 1억4000만 다운로드를 돌파한 히트작 '서머너즈 워' 지식재산권(IP)을 기반으로 한 첫 번째 MMORPG다.\nIP 게임 최초로 소환사가 여러 소환수와 팀 플레이를 즐길 수 있다.\n오는 7월 국내 출시를 앞두고 사전예약 이벤트가 진행 중이다.\n컴투스는 하반기 중 C2X 생태계 기반의 P2O(페이 투 오운) 게임으로 글로벌 시장에 출시할 예정이다.",
    "partNum": "P1",
    "useType": 0,
    "processType": "D",
    "processPattern": "14",
    "processLevel": "중",
    "sentenceCount": 7,
    "sentenceInfo": [
      {
        "sentenceNo": 1,
        "sentenceContent": "컴투스의 하반기 기대작인 다중접속역할수행게임(MMORPG) '서머너즈 워: 크로니클(크로니클)'의 국내 출시를 앞두고 전국 투어 이벤트를 실시한다.",
        "sentenceSize": 82
      },
      {
        "sentenceNo": 2,
        "sentenceContent": "오는 11일까지 시전 예약기간 서머너즈 워 인기 소환수 캐릭터인 불∙물∙바람 속성의 세 웅묘무사가 주말 서울 도심과 수도권을 비롯해 부산, 대구, 광주, 천안, 강원 등 전국 주요 지역을 찾았다.",
        "sentenceSize": 109
      },
      {
        "sentenceNo": 3,
        "sentenceContent": "게임에 대한 주목도를 올리기 위해 소환사 모집 전단을 나눠주고 행인들과 어울리며 크로니클에 대한 기대감을 끌어올렸다.",
        "sentenceSize": 65
      },
      {
        "sentenceNo": 4,
        "sentenceContent": "크로니클은 전 세계 1억4000만 다운로드를 돌파한 히트작 '서머너즈 워' 지식재산권(IP)을 기반으로 한 첫 번째 MMORPG다.",
        "sentenceSize": 73
      },
      {
        "sentenceNo": 5,
        "sentenceContent": "IP 게임 최초로 소환사가 여러 소환수와 팀 플레이를 즐길 수 있다.",
        "sentenceSize": 38
      },
      {
        "sentenceNo": 6,
        "sentenceContent": "오는 7월 국내 출시를 앞두고 사전예약 이벤트가 진행 중이다.",
        "sentenceSize": 34
      },
      {
        "sentenceNo": 7,
        "sentenceContent": "컴투스는 하반기 중 C2X 생태계 기반의 P2O(페이 투 오운) 게임으로 글로벌 시장에 출시할 예정이다.",
        "sentenceSize": 58
      }
    ]
  },
  "labeledDataInfo": {
    "newTitle": "하반기 꿀잼 예약한 '서머너즈 워' 전국 투어 이벤트 실시",
    "clickbaitClass": 0,
    "referSentenceInfo": [
      {
        "sentenceNo": 1,
        "referSentenceyn": "N"
      },
      {
        "sentenceNo": 2,
        "referSentenceyn": "N"
      },
      {
        "sentenceNo": 3,
        "referSentenceyn": "N"
      },
      {
        "sentenceNo": 4,
        "referSentenceyn": "N"
      },
      {
        "sentenceNo": 5,
        "referSentenceyn": "Y"
      },
      {
        "sentenceNo": 6,
        "referSentenceyn": "N"
      },
      {
        "sentenceNo": 7,
        "referSentenceyn": "N"
      }
    ]
  }
}