{
  "sourceDataInfo": {
    "newsID": "EC_M02_155997",
    "newsCategory": "경제",
    "newsSubcategory": "증권",
    "newsTitle": "이보다 좋을 수 없는 신축년...증권가 CEO '포근한 연말'",
    "newsSubTitle": "증권가 경영진 승진·연임 러시...금투업계 첫 회장 배출까지 유동성 장세 따른 실적 파티 영향, 사모펀드 무혐의 소식도",
    "newsContent": "국내 주요 증권사 최고경영자(CEO)들이 올해 달성한 역대급 실적에 힘입어 승진·연임에 성공하며 더 없이 따뜻한 연말을 보내고 있다.\n아직 거취가 결정되지 않은 증권사 대표들 역시 연임 가능성이 높은 것으로 점쳐진다.\n올 연말에는 10여 곳의 국내 주요 증권사 CEO들이 승진하거나 연임·유임에 성공하는 등 희소식이 잇따라 전해졌다.\n개인투자자들의 투자 열기와 함께 증시가 호황을 이루며 올해 증권사들이 사상 최대 실적을 기록한 것이 주효했다.\n30일 금융투자업계에 따르면 최근 이현 키움증권 대표는 다우키움그룹 부회장으로 승진했다.\n이 대표는 키움증권 창립 멤버로 매년 역대 최대 실적을 경신하며 4년간 키움증권을 이끌어온 바 있다.\n이 대표의 뒤를 이을 키움증권 대표이사로는 그룹전략경영실장으로 재직 중인 황현순 부사장이 발탁됐다.\n최현만 미래에셋증권 대표이사 수석부회장은 내년 3월 임기 만료 예정이었으나 높은 성과를 이룬 공로를 인정받으며 미래에셋그룹 회장으로 승진했다.\n미래에셋증권은 지난해 증권사 최초로 연간 영업이익이 1조원을 넘었으며 올해는 순이익에서도 1조원을 돌파할 전망이다.\n연중에는 사모펀드 사태로 인해 연말연초 임기가 만료되는 증권사 수장들의 연임 여부가 불투명할 수 있다는 목소리도 있었다.\n하지만 금융위원회가 사모펀드 사태 관련 증권사 CEO의 제재 수위 결정을 내년으로 미루고, 대표들은 안정적인 사태 수습 성과에 대해 호평을 받으며 전화위복의 기회를 맞았다.\n정일문 한국투자증권 대표이사, 박정림·김성현 KB증권 대표이사, 이영창 신한금융투자 대표이사는 1년의 추가 임기를 받으며 연임에 성공했다.\n정일문 한국투자증권 대표이사는 올해 3분기 만에 국내 증권사 최초로 순이익이 1조원을 넘어서는 등 역대 최대 실적을 기록하며 성공적으로 임기를 연장했다.\n정 대표는 지난 6월 라임, 옵티머스 등 부실 사모펀드 판매 책임과 관련해 투자 원금 전액 보상을 약속하며 사태를 발 빠르게 수습한 것에 대해서도 높은 평가를 받았다.\n이달 임기 만료를 앞두고 있었던 KB증권의 박정림·김성현 대표이사도 1년 연임에 성공했다.\n두 대표는 지난 2018년부터 3년간 KB증권을 이끌며 각자 대표이사로서 자산관리(WM)·투자은행(IB) 부문에서 큰 성과를 거둬왔다.\nKB증권은 올해 3분기 누적 영업이익 7295억원을 기록하며 사상 최대 실적을 경신했다.\n박 대표의 경우 라임자산운용 사태에 대한 징계 여부가 연임에 관건이 될 것으로 예상됐으나 금융위원회의 최종 제재심이 내년으로 미뤄지며 차질 없이 연임됐다.\n이영창 신한금융투자 대표도 임기를 1년 연장하며 연임에 성공했다.\n이 대표는 지난해 3월 대표로 선임된 후 사모펀드 사태를 안정적으로 수습하는 소방수 역할을 제대로 수행했다.\n내부통제 시스템 정비와 조직·인력 쇄신 등을 통해 강한 체질개선을 이룬 성과도 높이 평가 받았다.\n신한금융투자 역시 올해 3분기 누적 영업이익이 전년 동기 대비 75.2% 증가하는 등 역대 최대 실적을 기록했다.\n2009년부터 메리츠증권 대표를 맡으며 3차례 연임됐던 최희문 메리츠증권 대표이사 부회장도 연말 인사를 통해 유임됐다.\n연임은 내년 3월 주주총회에서 결정된다.\n10년 넘게 당사를 이끌며 급속도로 성장시켜온 만큼 무사히 4연임에 성공할 것으로 관측된다.\n장석훈 삼성증권 대표이사 사장도 올해 1조원이 넘는 영업이익을 달성하는 성과를 내며 유임에 성공했다.\n지난 2018년 선임된 장 대표의 임기는 2024년 3월까지다.\n내년 초 임기 만료를 앞두고 있는 오익근 대신증권 대표이사 사장과 정영채 NH투자증권 대표이사 사장 역시 연임할 것이라는 관측이 짙다.\n오익근 대신증권 대표는 지난해 3월 취임한 이후 사모펀드 투자자 보상에 나서며 사태를 수습했다.\n동시에 3분기 누적 영업이익으로 전년 동기 대비 546% 증가한 8184억원을 기록하는 등 사상 최대 실적을 이끌었다.\n특히 오 대표는 올해 카카오페이를 포함해 기업공개(IPO)에서 좋은 성과를 내며 IB 부문 성장을 주도했다.\n임기 만료를 3개월여 앞둔 정영채 NH투자증권 대표는 최근 옵티머스자산운용의 대규모 펀드 환매 중단 사태와 관련한 사기·배임 혐의에 대해 무혐의 처분을 받았다.\n아직 연임 여부는 결정되지 않았으나 한결 편안하게 연말을 보낼 수 있게 됐다.\n업계에서는 정 대표가 그간 이뤄온 성과에 대해 좋은 평가를 받고 있기 때문에 연임에 성공할 것이라는 전망이 우세하다.\n정 대표는 지난 2018년 취임한 이후 역대 최고 실적을 연이어 이끌어온 바 있다.\n증권업계 관계자는 데일리임팩트에 \\\"올해 증권사들의 실적이 좋았기 때문에 CEO들도 대부분 연임에 성공했다\\\"며 \\\"각사가 CEO들이 보유한 전문성과 네트워크의 경쟁력을 믿으며 안정적인 선택을 하는 것으로 보인다\\\"고 말했다.",
    "partNum": "P1",
    "useType": 0,
    "processType": "D",
    "processPattern": "16",
    "processLevel": "상",
    "sentenceCount": 36,
    "sentenceInfo": [
      {
        "sentenceNo": 1,
        "sentenceContent": "국내 주요 증권사 최고경영자(CEO)들이 올해 달성한 역대급 실적에 힘입어 승진·연임에 성공하며 더 없이 따뜻한 연말을 보내고 있다.",
        "sentenceSize": 74
      },
      {
        "sentenceNo": 2,
        "sentenceContent": "아직 거취가 결정되지 않은 증권사 대표들 역시 연임 가능성이 높은 것으로 점쳐진다.",
        "sentenceSize": 46
      },
      {
        "sentenceNo": 3,
        "sentenceContent": "올 연말에는 10여 곳의 국내 주요 증권사 CEO들이 승진하거나 연임·유임에 성공하는 등 희소식이 잇따라 전해졌다.",
        "sentenceSize": 64
      },
      {
        "sentenceNo": 4,
        "sentenceContent": "개인투자자들의 투자 열기와 함께 증시가 호황을 이루며 올해 증권사들이 사상 최대 실적을 기록한 것이 주효했다.",
        "sentenceSize": 61
      },
      {
        "sentenceNo": 5,
        "sentenceContent": "30일 금융투자업계에 따르면 최근 이현 키움증권 대표는 다우키움그룹 부회장으로 승진했다.",
        "sentenceSize": 49
      },
      {
        "sentenceNo": 6,
        "sentenceContent": "이 대표는 키움증권 창립 멤버로 매년 역대 최대 실적을 경신하며 4년간 키움증권을 이끌어온 바 있다.",
        "sentenceSize": 56
      },
      {
        "sentenceNo": 7,
        "sentenceContent": "이 대표의 뒤를 이을 키움증권 대표이사로는 그룹전략경영실장으로 재직 중인 황현순 부사장이 발탁됐다.",
        "sentenceSize": 55
      },
      {
        "sentenceNo": 8,
        "sentenceContent": "최현만 미래에셋증권 대표이사 수석부회장은 내년 3월 임기 만료 예정이었으나 높은 성과를 이룬 공로를 인정받으며 미래에셋그룹 회장으로 승진했다.",
        "sentenceSize": 79
      },
      {
        "sentenceNo": 9,
        "sentenceContent": "미래에셋증권은 지난해 증권사 최초로 연간 영업이익이 1조원을 넘었으며 올해는 순이익에서도 1조원을 돌파할 전망이다.",
        "sentenceSize": 64
      },
      {
        "sentenceNo": 10,
        "sentenceContent": "연중에는 사모펀드 사태로 인해 연말연초 임기가 만료되는 증권사 수장들의 연임 여부가 불투명할 수 있다는 목소리도 있었다.",
        "sentenceSize": 67
      },
      {
        "sentenceNo": 11,
        "sentenceContent": "하지만 금융위원회가 사모펀드 사태 관련 증권사 CEO의 제재 수위 결정을 내년으로 미루고, 대표들은 안정적인 사태 수습 성과에 대해 호평을 받으며 전화위복의 기회를 맞았다.",
        "sentenceSize": 96
      },
      {
        "sentenceNo": 12,
        "sentenceContent": "정일문 한국투자증권 대표이사, 박정림·김성현 KB증권 대표이사, 이영창 신한금융투자 대표이사는 1년의 추가 임기를 받으며 연임에 성공했다.",
        "sentenceSize": 77
      },
      {
        "sentenceNo": 13,
        "sentenceContent": "정일문 한국투자증권 대표이사는 올해 3분기 만에 국내 증권사 최초로 순이익이 1조원을 넘어서는 등 역대 최대 실적을 기록하며 성공적으로 임기를 연장했다.",
        "sentenceSize": 85
      },
      {
        "sentenceNo": 14,
        "sentenceContent": "정 대표는 지난 6월 라임, 옵티머스 등 부실 사모펀드 판매 책임과 관련해 투자 원금 전액 보상을 약속하며 사태를 발 빠르게 수습한 것에 대해서도 높은 평가를 받았다.",
        "sentenceSize": 93
      },
      {
        "sentenceNo": 15,
        "sentenceContent": "이달 임기 만료를 앞두고 있었던 KB증권의 박정림·김성현 대표이사도 1년 연임에 성공했다.",
        "sentenceSize": 50
      },
      {
        "sentenceNo": 16,
        "sentenceContent": "두 대표는 지난 2018년부터 3년간 KB증권을 이끌며 각자 대표이사로서 자산관리(WM)·투자은행(IB) 부문에서 큰 성과를 거둬왔다.",
        "sentenceSize": 75
      },
      {
        "sentenceNo": 17,
        "sentenceContent": "KB증권은 올해 3분기 누적 영업이익 7295억원을 기록하며 사상 최대 실적을 경신했다.",
        "sentenceSize": 49
      },
      {
        "sentenceNo": 18,
        "sentenceContent": "박 대표의 경우 라임자산운용 사태에 대한 징계 여부가 연임에 관건이 될 것으로 예상됐으나 금융위원회의 최종 제재심이 내년으로 미뤄지며 차질 없이 연임됐다.",
        "sentenceSize": 86
      },
      {
        "sentenceNo": 19,
        "sentenceContent": "이영창 신한금융투자 대표도 임기를 1년 연장하며 연임에 성공했다.",
        "sentenceSize": 36
      },
      {
        "sentenceNo": 20,
        "sentenceContent": "이 대표는 지난해 3월 대표로 선임된 후 사모펀드 사태를 안정적으로 수습하는 소방수 역할을 제대로 수행했다.",
        "sentenceSize": 60
      },
      {
        "sentenceNo": 21,
        "sentenceContent": "내부통제 시스템 정비와 조직·인력 쇄신 등을 통해 강한 체질개선을 이룬 성과도 높이 평가 받았다.",
        "sentenceSize": 54
      },
      {
        "sentenceNo": 22,
        "sentenceContent": "신한금융투자 역시 올해 3분기 누적 영업이익이 전년 동기 대비 75.2% 증가하는 등 역대 최대 실적을 기록했다.",
        "sentenceSize": 63
      },
      {
        "sentenceNo": 23,
        "sentenceContent": "2009년부터 메리츠증권 대표를 맡으며 3차례 연임됐던 최희문 메리츠증권 대표이사 부회장도 연말 인사를 통해 유임됐다.",
        "sentenceSize": 66
      },
      {
        "sentenceNo": 24,
        "sentenceContent": "연임은 내년 3월 주주총회에서 결정된다.",
        "sentenceSize": 22
      },
      {
        "sentenceNo": 25,
        "sentenceContent": "10년 넘게 당사를 이끌며 급속도로 성장시켜온 만큼 무사히 4연임에 성공할 것으로 관측된다.",
        "sentenceSize": 51
      },
      {
        "sentenceNo": 26,
        "sentenceContent": "장석훈 삼성증권 대표이사 사장도 올해 1조원이 넘는 영업이익을 달성하는 성과를 내며 유임에 성공했다.",
        "sentenceSize": 56
      },
      {
        "sentenceNo": 27,
        "sentenceContent": "지난 2018년 선임된 장 대표의 임기는 2024년 3월까지다.",
        "sentenceSize": 35
      },
      {
        "sentenceNo": 28,
        "sentenceContent": "내년 초 임기 만료를 앞두고 있는 오익근 대신증권 대표이사 사장과 정영채 NH투자증권 대표이사 사장 역시 연임할 것이라는 관측이 짙다.",
        "sentenceSize": 75
      },
      {
        "sentenceNo": 29,
        "sentenceContent": "오익근 대신증권 대표는 지난해 3월 취임한 이후 사모펀드 투자자 보상에 나서며 사태를 수습했다.",
        "sentenceSize": 53
      },
      {
        "sentenceNo": 30,
        "sentenceContent": "동시에 3분기 누적 영업이익으로 전년 동기 대비 546% 증가한 8184억원을 기록하는 등 사상 최대 실적을 이끌었다.",
        "sentenceSize": 66
      },
      {
        "sentenceNo": 31,
        "sentenceContent": "특히 오 대표는 올해 카카오페이를 포함해 기업공개(IPO)에서 좋은 성과를 내며 IB 부문 성장을 주도했다.",
        "sentenceSize": 60
      },
      {
        "sentenceNo": 32,
        "sentenceContent": "임기 만료를 3개월여 앞둔 정영채 NH투자증권 대표는 최근 옵티머스자산운용의 대규모 펀드 환매 중단 사태와 관련한 사기·배임 혐의에 대해 무혐의 처분을 받았다.",
        "sentenceSize": 89
      },
      {
        "sentenceNo": 33,
        "sentenceContent": "아직 연임 여부는 결정되지 않았으나 한결 편안하게 연말을 보낼 수 있게 됐다.",
        "sentenceSize": 43
      },
      {
        "sentenceNo": 34,
        "sentenceContent": "업계에서는 정 대표가 그간 이뤄온 성과에 대해 좋은 평가를 받고 있기 때문에 연임에 성공할 것이라는 전망이 우세하다.",
        "sentenceSize": 65
      },
      {
        "sentenceNo": 35,
        "sentenceContent": "정 대표는 지난 2018년 취임한 이후 역대 최고 실적을 연이어 이끌어온 바 있다.",
        "sentenceSize": 46
      },
      {
        "sentenceNo": 36,
        "sentenceContent": "증권업계 관계자는 데일리임팩트에 \\\"올해 증권사들의 실적이 좋았기 때문에 CEO들도 대부분 연임에 성공했다\\\"며 \\\"각사가 CEO들이 보유한 전문성과 네트워크의 경쟁력을 믿으며 안정적인 선택을 하는 것으로 보인다\\\"고 말했다.",
        "sentenceSize": 126
      }
    ]
  },
  "labeledDataInfo": {
    "newTitle": "신축년 연말, 증권가 CEO가 따뜻하게 보낼 수 있게 된 사연",
    "clickbaitClass": 0,
    "referSentenceInfo": [
      {
        "sentenceNo": 1,
        "referSentenceyn": "N"
      },
      {
        "sentenceNo": 2,
        "referSentenceyn": "N"
      },
      {
        "sentenceNo": 3,
        "referSentenceyn": "N"
      },
      {
        "sentenceNo": 4,
        "referSentenceyn": "N"
      },
      {
        "sentenceNo": 5,
        "referSentenceyn": "N"
      },
      {
        "sentenceNo": 6,
        "referSentenceyn": "N"
      },
      {
        "sentenceNo": 7,
        "referSentenceyn": "N"
      },
      {
        "sentenceNo": 8,
        "referSentenceyn": "N"
      },
      {
        "sentenceNo": 9,
        "referSentenceyn": "N"
      },
      {
        "sentenceNo": 10,
        "referSentenceyn": "N"
      },
      {
        "sentenceNo": 11,
        "referSentenceyn": "N"
      },
      {
        "sentenceNo": 12,
        "referSentenceyn": "N"
      },
      {
        "sentenceNo": 13,
        "referSentenceyn": "N"
      },
      {
        "sentenceNo": 14,
        "referSentenceyn": "N"
      },
      {
        "sentenceNo": 15,
        "referSentenceyn": "N"
      },
      {
        "sentenceNo": 16,
        "referSentenceyn": "N"
      },
      {
        "sentenceNo": 17,
        "referSentenceyn": "N"
      },
      {
        "sentenceNo": 18,
        "referSentenceyn": "N"
      },
      {
        "sentenceNo": 19,
        "referSentenceyn": "N"
      },
      {
        "sentenceNo": 20,
        "referSentenceyn": "N"
      },
      {
        "sentenceNo": 21,
        "referSentenceyn": "N"
      },
      {
        "sentenceNo": 22,
        "referSentenceyn": "N"
      },
      {
        "sentenceNo": 23,
        "referSentenceyn": "N"
      },
      {
        "sentenceNo": 24,
        "referSentenceyn": "N"
      },
      {
        "sentenceNo": 25,
        "referSentenceyn": "N"
      },
      {
        "sentenceNo": 26,
        "referSentenceyn": "N"
      },
      {
        "sentenceNo": 27,
        "referSentenceyn": "N"
      },
      {
        "sentenceNo": 28,
        "referSentenceyn": "N"
      },
      {
        "sentenceNo": 29,
        "referSentenceyn": "N"
      },
      {
        "sentenceNo": 30,
        "referSentenceyn": "N"
      },
      {
        "sentenceNo": 31,
        "referSentenceyn": "N"
      },
      {
        "sentenceNo": 32,
        "referSentenceyn": "N"
      },
      {
        "sentenceNo": 33,
        "referSentenceyn": "N"
      },
      {
        "sentenceNo": 34,
        "referSentenceyn": "N"
      },
      {
        "sentenceNo": 35,
        "referSentenceyn": "N"
      },
      {
        "sentenceNo": 36,
        "referSentenceyn": "Y"
      }
    ]
  }
}