{
  "sourceDataInfo": {
    "newsID": "EC_M02_156504",
    "newsCategory": "경제",
    "newsSubcategory": "산업",
    "newsTitle": "삼성전자, 휴대폰 보험에 케이스 더한 구독형 모델 출시",
    "newsSubTitle": "스마트폰 파손보장형'에 정품 케이스 2회 제공 서비스 포함",
    "newsContent": "삼성전자는 신형 스마트폰 '갤럭시Z폴드3'와 '갤럭시Z플립3'의 구독형 모델인 '삼성케어플러스 케이스구독형' 서비스를 27일 국내에 선보인다고 밝혔다.\n이 서비스는 기존의 제품의 파손이나 분실에 대비한 구독 서비스인 '삼성 케어플러스 스마트폰 파손보장형'과 더불어 정품 케이스를 제공해주는 것이 특징이다.\n△파손 보장 2회(수리비 즉시 할인) △방문수리 3회 △1년 간 정품 케이스 2회 수령 등의 혜택이 있다.\n삼성전자는 서비스 가입일 기준 2주 후에 첫번째 케이스를, 6개월 후에 두 번째 케이스를 제공한다.\nZ플립3의 경우 월 구독료 8900원에 △실리콘 커버 with 스트랩 △실리콘 커버 with 링 △클리어 커버 with 링 케이스 중 한 가지를 선택할 수 있다.\nZ폴드3의 경우, 월 1만5900원에 △레더 플립 커버 △플립 커버 with S펜 △아라미드 커버 △실리콘 커버 중 선택 가능하다.\n월 구독료는 1만 5천900원이다.\n특히 Z플립3은 카페 노티드△젝시믹스 등 40여개 브랜드와 협업해 제작한 액세서리를 저공하는 것이 특징이다.\n앞서 Z플립 시리즈가 MZ세대 이용자들 사이에서 '폰꾸(폰꾸미기)' 전용 제품으로 입소문이 난 만큼, 개성을 표현하고자 하는 사용자들의 관심을 끌 것으로 예상된다.\n삼성케어플러스 케이스구독형 서비스는 갤럭시Z3 시리즈가 정식 출시되는 27일부터, 오는 10월 31일까지 삼성멤버스 앱에서 가입할 수 있다.\n삼성전자 관계자는 데일리임팩트에 \\\"삼성케어플러스 케이스구독형 제품은 기존 통신사 자체 보험 등과 별개로 운영되는 만큼, 원한다면 중복 가입도 가능하다\\\"며 \\\"앞으로도 차별화된 서비스를 지속적으로 선보일 것\\\"이라고 밝혔다.\n한편, 삼성케어플러스는 기존 스마트폰 보험에 특화 서비스를 결합한 월 정액형 서비스 상품이다.\n파손·분실 보상은 물론, 보증 기간 연장, 방문수리 서비스 등을 지원한다.\n또한 스마트폰 외에도 노트북·태블릿·갤럭시워치·갤럭시버즈 등 다양한 '갤럭시 생태계' 제품군 역시 가입이 가능하다.",
    "partNum": "P1",
    "useType": 0,
    "processType": "D",
    "processPattern": "14",
    "processLevel": "중",
    "sentenceCount": 14,
    "sentenceInfo": [
      {
        "sentenceNo": 1,
        "sentenceContent": "삼성전자는 신형 스마트폰 '갤럭시Z폴드3'와 '갤럭시Z플립3'의 구독형 모델인 '삼성케어플러스 케이스구독형' 서비스를 27일 국내에 선보인다고 밝혔다.",
        "sentenceSize": 84
      },
      {
        "sentenceNo": 2,
        "sentenceContent": "이 서비스는 기존의 제품의 파손이나 분실에 대비한 구독 서비스인 '삼성 케어플러스 스마트폰 파손보장형'과 더불어 정품 케이스를 제공해주는 것이 특징이다.",
        "sentenceSize": 85
      },
      {
        "sentenceNo": 3,
        "sentenceContent": "△파손 보장 2회(수리비 즉시 할인) △방문수리 3회 △1년 간 정품 케이스 2회 수령 등의 혜택이 있다.",
        "sentenceSize": 59
      },
      {
        "sentenceNo": 4,
        "sentenceContent": "삼성전자는 서비스 가입일 기준 2주 후에 첫번째 케이스를, 6개월 후에 두 번째 케이스를 제공한다.",
        "sentenceSize": 55
      },
      {
        "sentenceNo": 5,
        "sentenceContent": "Z플립3의 경우 월 구독료 8900원에 △실리콘 커버 with 스트랩 △실리콘 커버 with 링 △클리어 커버 with 링 케이스 중 한 가지를 선택할 수 있다.",
        "sentenceSize": 90
      },
      {
        "sentenceNo": 6,
        "sentenceContent": "Z폴드3의 경우, 월 1만5900원에 △레더 플립 커버 △플립 커버 with S펜 △아라미드 커버 △실리콘 커버 중 선택 가능하다.",
        "sentenceSize": 73
      },
      {
        "sentenceNo": 7,
        "sentenceContent": "월 구독료는 1만 5천900원이다.",
        "sentenceSize": 19
      },
      {
        "sentenceNo": 8,
        "sentenceContent": "특히 Z플립3은 카페 노티드△젝시믹스 등 40여개 브랜드와 협업해 제작한 액세서리를 저공하는 것이 특징이다.",
        "sentenceSize": 60
      },
      {
        "sentenceNo": 9,
        "sentenceContent": "앞서 Z플립 시리즈가 MZ세대 이용자들 사이에서 '폰꾸(폰꾸미기)' 전용 제품으로 입소문이 난 만큼, 개성을 표현하고자 하는 사용자들의 관심을 끌 것으로 예상된다.",
        "sentenceSize": 91
      },
      {
        "sentenceNo": 10,
        "sentenceContent": "삼성케어플러스 케이스구독형 서비스는 갤럭시Z3 시리즈가 정식 출시되는 27일부터, 오는 10월 31일까지 삼성멤버스 앱에서 가입할 수 있다.",
        "sentenceSize": 78
      },
      {
        "sentenceNo": 11,
        "sentenceContent": "삼성전자 관계자는 데일리임팩트에 \\\"삼성케어플러스 케이스구독형 제품은 기존 통신사 자체 보험 등과 별개로 운영되는 만큼, 원한다면 중복 가입도 가능하다\\\"며 \\\"앞으로도 차별화된 서비스를 지속적으로 선보일 것\\\"이라고 밝혔다.",
        "sentenceSize": 126
      },
      {
        "sentenceNo": 12,
        "sentenceContent": "한편, 삼성케어플러스는 기존 스마트폰 보험에 특화 서비스를 결합한 월 정액형 서비스 상품이다.",
        "sentenceSize": 52
      },
      {
        "sentenceNo": 13,
        "sentenceContent": "파손·분실 보상은 물론, 보증 기간 연장, 방문수리 서비스 등을 지원한다.",
        "sentenceSize": 41
      },
      {
        "sentenceNo": 14,
        "sentenceContent": "또한 스마트폰 외에도 노트북·태블릿·갤럭시워치·갤럭시버즈 등 다양한 '갤럭시 생태계' 제품군 역시 가입이 가능하다.",
        "sentenceSize": 64
      }
    ]
  },
  "labeledDataInfo": {
    "newTitle": "삼성전자, 신형 스마트폰용 '혜자 A/S 서비스' 선보인다.",
    "clickbaitClass": 0,
    "referSentenceInfo": [
      {
        "sentenceNo": 1,
        "referSentenceyn": "N"
      },
      {
        "sentenceNo": 2,
        "referSentenceyn": "Y"
      },
      {
        "sentenceNo": 3,
        "referSentenceyn": "N"
      },
      {
        "sentenceNo": 4,
        "referSentenceyn": "N"
      },
      {
        "sentenceNo": 5,
        "referSentenceyn": "N"
      },
      {
        "sentenceNo": 6,
        "referSentenceyn": "N"
      },
      {
        "sentenceNo": 7,
        "referSentenceyn": "N"
      },
      {
        "sentenceNo": 8,
        "referSentenceyn": "N"
      },
      {
        "sentenceNo": 9,
        "referSentenceyn": "N"
      },
      {
        "sentenceNo": 10,
        "referSentenceyn": "N"
      },
      {
        "sentenceNo": 11,
        "referSentenceyn": "N"
      },
      {
        "sentenceNo": 12,
        "referSentenceyn": "N"
      },
      {
        "sentenceNo": 13,
        "referSentenceyn": "N"
      },
      {
        "sentenceNo": 14,
        "referSentenceyn": "N"
      }
    ]
  }
}