{
  "sourceDataInfo": {
    "newsID": "EC_M02_156465",
    "newsCategory": "경제",
    "newsSubcategory": "은행",
    "newsTitle": "우리금융, 계열사 '준법활동 및 감시' 강화한다",
    "newsSubTitle": "우리금융, '그룹 준법감시 현장자문단' 운영 지주 및 자회사 준법감시 역량 강화 노력",
    "newsContent": "우리금융그룹은 특정 분야에 전문역량을 보유한 자회사가 지주사의 준법감시 점검활동에 공동 참여하는 '그룹 준법감시 현장자문단'을 운영한다고 15일 밝혔다.\n우리금융그룹은 그룹 차원의 준법감시 활동으로 지주사가 우리은행 등 자회사의 준법의무 이행의 적정성을 점검 및 관리하고 있다.\n우리금융 관계자는 미디어SR에 \\\"이번 현장자문단 운영은 그룹의 준법감시 역랑을 한층 더 강화하기 위한 조치의 일환\\\"이라고 설명했다.\n우선 현장자문단은 '우리은행·우리금융저축은행 그룹', '우리카드·우리금융캐피탈 그룹' 등 대고객 금융거래 상품 및 서비스 등이 유사한 자회사들로 이뤄지게 된다.\n예를 들어, 지주사가 자회사인 저축은행 점검 시, 우리은행 직원이 공동 참여해 업무 노하우 등을 전수하게 된다.\n이미 우리금융은 법규위반 리스크가 다소 높은 자금세탁방지 부문에 대해서는 지난해부터 자회사간 우수한 제도 등을 공유하는 방식으로 자체 프로세스를 개선하기도 했다.\n이러한 성공적인 운영 경험을 바탕으로 그룹사 준법감시담당자들이 참여하는 '그룹자금세탁방지 지식실행 공동체(CoP·Community of Practice)'도 출범을 눈앞에 두고 있다.\n우리금융그룹 관계자는\\\"이번 현장자문단에 참여하는 직원들은 보유하고 있는 전문역량을 그룹내에 공유하고, 새롭게 학습한 자회사는 스스로 개선하는 선순환 체계를 구축하는데 기여하게 될 것\\\"이라고 말했다.\n한편, 우리금융그룹은 지주사 출범 당시 그룹의 준법감시 기능 및 활동을 강화하기 위해 그룹사 준법감시인들이 참여하는'그룹준법감시협의회'를 운영하고 있다.\n이를 통해 자회사 점검결과 미흡한 부분과 이에 대한 개선방안 등 주요 현안의 정기적 공유는 물론, 필요한 경우 수시로 준법감시 부문의 문제를 함께 해결해 나아가는 협조체계를 마련했다.",
    "partNum": "P1",
    "useType": 0,
    "processType": "D",
    "processPattern": "14",
    "processLevel": "중",
    "sentenceCount": 10,
    "sentenceInfo": [
      {
        "sentenceNo": 1,
        "sentenceContent": "우리금융그룹은 특정 분야에 전문역량을 보유한 자회사가 지주사의 준법감시 점검활동에 공동 참여하는 '그룹 준법감시 현장자문단'을 운영한다고 15일 밝혔다.",
        "sentenceSize": 85
      },
      {
        "sentenceNo": 2,
        "sentenceContent": "우리금융그룹은 그룹 차원의 준법감시 활동으로 지주사가 우리은행 등 자회사의 준법의무 이행의 적정성을 점검 및 관리하고 있다.",
        "sentenceSize": 69
      },
      {
        "sentenceNo": 3,
        "sentenceContent": "우리금융 관계자는 미디어SR에 \\\"이번 현장자문단 운영은 그룹의 준법감시 역랑을 한층 더 강화하기 위한 조치의 일환\\\"이라고 설명했다.",
        "sentenceSize": 75
      },
      {
        "sentenceNo": 4,
        "sentenceContent": "우선 현장자문단은 '우리은행·우리금융저축은행 그룹', '우리카드·우리금융캐피탈 그룹' 등 대고객 금융거래 상품 및 서비스 등이 유사한 자회사들로 이뤄지게 된다.",
        "sentenceSize": 89
      },
      {
        "sentenceNo": 5,
        "sentenceContent": "예를 들어, 지주사가 자회사인 저축은행 점검 시, 우리은행 직원이 공동 참여해 업무 노하우 등을 전수하게 된다.",
        "sentenceSize": 62
      },
      {
        "sentenceNo": 6,
        "sentenceContent": "이미 우리금융은 법규위반 리스크가 다소 높은 자금세탁방지 부문에 대해서는 지난해부터 자회사간 우수한 제도 등을 공유하는 방식으로 자체 프로세스를 개선하기도 했다.",
        "sentenceSize": 90
      },
      {
        "sentenceNo": 7,
        "sentenceContent": "이러한 성공적인 운영 경험을 바탕으로 그룹사 준법감시담당자들이 참여하는 '그룹자금세탁방지 지식실행 공동체(CoP·Community of Practice)'도 출범을 눈앞에 두고 있다.",
        "sentenceSize": 102
      },
      {
        "sentenceNo": 8,
        "sentenceContent": "우리금융그룹 관계자는\\\"이번 현장자문단에 참여하는 직원들은 보유하고 있는 전문역량을 그룹내에 공유하고, 새롭게 학습한 자회사는 스스로 개선하는 선순환 체계를 구축하는데 기여하게 될 것\\\"이라고 말했다.",
        "sentenceSize": 112
      },
      {
        "sentenceNo": 9,
        "sentenceContent": "한편, 우리금융그룹은 지주사 출범 당시 그룹의 준법감시 기능 및 활동을 강화하기 위해 그룹사 준법감시인들이 참여하는'그룹준법감시협의회'를 운영하고 있다.",
        "sentenceSize": 85
      },
      {
        "sentenceNo": 10,
        "sentenceContent": "이를 통해 자회사 점검결과 미흡한 부분과 이에 대한 개선방안 등 주요 현안의 정기적 공유는 물론, 필요한 경우 수시로 준법감시 부문의 문제를 함께 해결해 나아가는 협조체계를 마련했다.",
        "sentenceSize": 102
      }
    ]
  },
  "labeledDataInfo": {
    "newTitle": "우리금융 \"계열사들 눈치챙겨\", '준법활동 및 감시' 강화 예고",
    "clickbaitClass": 0,
    "referSentenceInfo": [
      {
        "sentenceNo": 1,
        "referSentenceyn": "Y"
      },
      {
        "sentenceNo": 2,
        "referSentenceyn": "N"
      },
      {
        "sentenceNo": 3,
        "referSentenceyn": "N"
      },
      {
        "sentenceNo": 4,
        "referSentenceyn": "N"
      },
      {
        "sentenceNo": 5,
        "referSentenceyn": "N"
      },
      {
        "sentenceNo": 6,
        "referSentenceyn": "N"
      },
      {
        "sentenceNo": 7,
        "referSentenceyn": "N"
      },
      {
        "sentenceNo": 8,
        "referSentenceyn": "N"
      },
      {
        "sentenceNo": 9,
        "referSentenceyn": "N"
      },
      {
        "sentenceNo": 10,
        "referSentenceyn": "N"
      }
    ]
  }
}