{
  "sourceDataInfo": {
    "newsID": "EC_M02_157843",
    "newsCategory": "경제",
    "newsSubcategory": "산업",
    "newsTitle": "최태원의 SK, 더 '능동적'으로 진화",
    "newsSubTitle": "이천포럼서 “상시 토론의 장 열어 부단히 변화하자” 외부인에 첫 개방…이해관계자와의 소통 강화할 듯",
    "newsContent": "최태원 SK그룹 회장이 '토론'을 통해 SK의 근본적 혁신(딥 체인지)을 가속화하자고 강조하고 나섰다.\n실질적 변화를 위해 구성원들이 한층 더 능동적이고 자발적으로 나서야 한다는 주문으로 풀이된다.\n27일 SK그룹에 따르면, 최태원 회장은 전날 열린 이천포럼 2021 폐막식에서 \\\"올해 이천포럼은 SK를 둘러싼 세상의 변화를 이해하고 딥 체인지의 실천적 방법들을 모색하는 자리였다\\\"며 \\\"앞으로 상시적인 토론의 장(場)을 열어 끊임없이 변화하는 SK를 만들자\\\"고 당부했다.\n이천포럼은 '한국판 다보스포럼'이라는 별칭을 얻을 정도로 재계의 이목을 모으는 연례행사다.\n2017년 시작한 이후 세계적 석학들과 함께 경영 철학 관련 이슈를 논의하고 새로운 과제를 발굴하면서 SK 안팎에 혁신과 미래가치를 제시한다는 평가를 받고 있다.\n올해는 '지속가능한 생태계를 위한 SK의 딥 체인지 실천'을 주제로 지난 23일부터 나흘간 이어졌다.\n특히 올해 포럼은 보다 생산적이고 실효성 있는 논의가 이뤄지는 데 주력했다는 전언이다. '제도와 공정' 등 소셜 섹션을 신설해 사회적으로 뜨거운 이슈인 젠더 논란, 성(性) 소수자 차별, 직장 내 괴롭힘 등과 관련한 국내외 사례를 살펴보고 토론하는 시간이었다는 평가다.\n이와 관련, 최 회장은 \\\"이번 포럼에서 ESG 흐름과 공정, 성적 소수자(LGBT) 이슈까지 탐구하고 SK경영에 대한 쓴소리도 듣는 등 의미있는 시간을 만들었다\\\"며 \\\"넷 제로(Net Zero)와 파이낸셜 스토리 등 논의를 통해 많은 아이디어를 얻은 것도 수확\\\"이라고 자평했다.\n최 회장은 앞으로 SKMS연구소 소재지인 이천 지역주민들을 초청해 SK가 지역사회에 기여할 수 있는 방안을 논의하는 등 열린 토론을 지속한다는 방침이다.\nSK관계자는 \\\"올해 처음 외부인을 초청해 '열린 포럼'을 시도했는데 앞으로 계속 초청 대상을 다양화해 이해관계자들과 소통하는 포럼을 만들겠다\\\"고 강조했다.\nSK관계자는 데일리 임팩트에 \\\"올해에는 대학생, 협력업체, 사회적기업 관계자 등 외부인 500여명에게 문호를 개방했다\\\"면서 \\\"사회적 가치의 선순환을 위해서는 다양한 이해관계자들의 협력이 필요한 만큼 함께 혁신에 대해 모색했다\\\"고 설명했다.",
    "partNum": "P1",
    "useType": 0,
    "processType": "D",
    "processPattern": "11",
    "processLevel": "하",
    "sentenceCount": 11,
    "sentenceInfo": [
      {
        "sentenceNo": 1,
        "sentenceContent": "최태원 SK그룹 회장이 '토론'을 통해 SK의 근본적 혁신(딥 체인지)을 가속화하자고 강조하고 나섰다.",
        "sentenceSize": 57
      },
      {
        "sentenceNo": 2,
        "sentenceContent": "실질적 변화를 위해 구성원들이 한층 더 능동적이고 자발적으로 나서야 한다는 주문으로 풀이된다.",
        "sentenceSize": 52
      },
      {
        "sentenceNo": 3,
        "sentenceContent": "27일 SK그룹에 따르면, 최태원 회장은 전날 열린 이천포럼 2021 폐막식에서 \\\"올해 이천포럼은 SK를 둘러싼 세상의 변화를 이해하고 딥 체인지의 실천적 방법들을 모색하는 자리였다\\\"며 \\\"앞으로 상시적인 토론의 장(場)을 열어 끊임없이 변화하는 SK를 만들자\\\"고 당부했다.",
        "sentenceSize": 156
      },
      {
        "sentenceNo": 4,
        "sentenceContent": "이천포럼은 '한국판 다보스포럼'이라는 별칭을 얻을 정도로 재계의 이목을 모으는 연례행사다.",
        "sentenceSize": 50
      },
      {
        "sentenceNo": 5,
        "sentenceContent": "2017년 시작한 이후 세계적 석학들과 함께 경영 철학 관련 이슈를 논의하고 새로운 과제를 발굴하면서 SK 안팎에 혁신과 미래가치를 제시한다는 평가를 받고 있다.",
        "sentenceSize": 90
      },
      {
        "sentenceNo": 6,
        "sentenceContent": "올해는 '지속가능한 생태계를 위한 SK의 딥 체인지 실천'을 주제로 지난 23일부터 나흘간 이어졌다.",
        "sentenceSize": 56
      },
      {
        "sentenceNo": 7,
        "sentenceContent": "특히 올해 포럼은 보다 생산적이고 실효성 있는 논의가 이뤄지는 데 주력했다는 전언이다. '제도와 공정' 등 소셜 섹션을 신설해 사회적으로 뜨거운 이슈인 젠더 논란, 성(性) 소수자 차별, 직장 내 괴롭힘 등과 관련한 국내외 사례를 살펴보고 토론하는 시간이었다는 평가다.",
        "sentenceSize": 150
      },
      {
        "sentenceNo": 8,
        "sentenceContent": "이와 관련, 최 회장은 \\\"이번 포럼에서 ESG 흐름과 공정, 성적 소수자(LGBT) 이슈까지 탐구하고 SK경영에 대한 쓴소리도 듣는 등 의미있는 시간을 만들었다\\\"며 \\\"넷 제로(Net Zero)와 파이낸셜 스토리 등 논의를 통해 많은 아이디어를 얻은 것도 수확\\\"이라고 자평했다.",
        "sentenceSize": 158
      },
      {
        "sentenceNo": 9,
        "sentenceContent": "최 회장은 앞으로 SKMS연구소 소재지인 이천 지역주민들을 초청해 SK가 지역사회에 기여할 수 있는 방안을 논의하는 등 열린 토론을 지속한다는 방침이다.",
        "sentenceSize": 85
      },
      {
        "sentenceNo": 10,
        "sentenceContent": "SK관계자는 \\\"올해 처음 외부인을 초청해 '열린 포럼'을 시도했는데 앞으로 계속 초청 대상을 다양화해 이해관계자들과 소통하는 포럼을 만들겠다\\\"고 강조했다.",
        "sentenceSize": 88
      },
      {
        "sentenceNo": 11,
        "sentenceContent": "SK관계자는 데일리 임팩트에 \\\"올해에는 대학생, 협력업체, 사회적기업 관계자 등 외부인 500여명에게 문호를 개방했다\\\"면서 \\\"사회적 가치의 선순환을 위해서는 다양한 이해관계자들의 협력이 필요한 만큼 함께 혁신에 대해 모색했다\\\"고 설명했다.",
        "sentenceSize": 137
      }
    ]
  },
  "labeledDataInfo": {
    "newTitle": "'한국판 다보스포럼' 개최한 최태원 SK그룹 회장, 젠더 이슈까지 챙기는 이유?",
    "clickbaitClass": 0,
    "referSentenceInfo": [
      {
        "sentenceNo": 1,
        "referSentenceyn": "N"
      },
      {
        "sentenceNo": 2,
        "referSentenceyn": "N"
      },
      {
        "sentenceNo": 3,
        "referSentenceyn": "N"
      },
      {
        "sentenceNo": 4,
        "referSentenceyn": "N"
      },
      {
        "sentenceNo": 5,
        "referSentenceyn": "N"
      },
      {
        "sentenceNo": 6,
        "referSentenceyn": "N"
      },
      {
        "sentenceNo": 7,
        "referSentenceyn": "Y"
      },
      {
        "sentenceNo": 8,
        "referSentenceyn": "N"
      },
      {
        "sentenceNo": 9,
        "referSentenceyn": "N"
      },
      {
        "sentenceNo": 10,
        "referSentenceyn": "N"
      },
      {
        "sentenceNo": 11,
        "referSentenceyn": "N"
      }
    ]
  }
}