{
  "sourceDataInfo": {
    "newsID": "EC_M02_155951",
    "newsCategory": "경제",
    "newsSubcategory": "산업",
    "newsTitle": "고려은단, ' 섬쑥부쟁이 추출물·메가도스B' 인지기능 개선 특허 출원",
    "newsSubTitle": "",
    "newsContent": "고려은단이 농림축산식품부 고부가가치식품기술개발사업을 통해 울릉도 자생식물인 섬쑥부쟁이의 인지기능 개선 효능을 검증하고 안정성을 입증했다고 21일 밝혔다.\n또 고려은단은 최근 섬쑥부쟁이 추출물의 인체적용시험을 완료해 경도인지저하자의 인지기능이 유의적으로 향상되는 결과를 얻기도 했다.\n고려은단 관계자는 미디어SR에 \\\"이번 특허는 섬쑥부쟁이 추출물과 고려은단 메가도스B 혼합물을 스코폴라민으로 기억력이 손상된 ICR 마우스에 14일간 경구 투여한 결과, 아세틸콜린에스테라아제(Acetylcholinesterase, AChE) 저해 활성이 단독 투여군 대비 증가하는 상승효과를 보였다는 내용을 포함하고 있다\\\"고 설명했다.\n아세틸콜린에스테라아제는 신경전달물질인 아세틸콜린(Acetylcholine)을 분해하는 효소로, 작용을 억제함에 따라 학습과 기억을 조절하는 아세틸콜린이 정상적으로 유지되어 치매 예방에 도움을 줄 수 있다.\n또한, 섬쑥부쟁이 추출물과 메가도스B 혼합물이 아밀로이드 베타(Amyloid beta, Aβ) 및 아밀로이드 전구체 단백질(Amyloid precursor protein, APP) 조절에서도 상승효과가 있는 것으로 확인됐다.\n아밀로이드 베타는 아세틸콜린을 만드는 대뇌 부분과 대뇌피질의 신경세포를 파괴해 아세틸콜린의 활성 상태를 감소시키며 산화적 손상을 유발함으로써 신경세포 사멸을 일으키는 물질이다.\n고려은단 관계자는 \\\"치매 발병 연령대가 낮아지고 있으며, 신경세포가 손상되면 다시 재생되지 않기 때문에 건강하게 유지하는 것이 무엇보다 중요하다\\\"며 \\\"섬쑥부쟁이 추출물과 메가도스B 혼합물의 인지기능 개선 상승효과를 바탕으로 한 건강기능식품 개발을 기대하고 있다\\\"고 말했다.",
    "partNum": "P1",
    "useType": 0,
    "processType": "D",
    "processPattern": "16",
    "processLevel": "상",
    "sentenceCount": 7,
    "sentenceInfo": [
      {
        "sentenceNo": 1,
        "sentenceContent": "고려은단이 농림축산식품부 고부가가치식품기술개발사업을 통해 울릉도 자생식물인 섬쑥부쟁이의 인지기능 개선 효능을 검증하고 안정성을 입증했다고 21일 밝혔다.",
        "sentenceSize": 85
      },
      {
        "sentenceNo": 2,
        "sentenceContent": "또 고려은단은 최근 섬쑥부쟁이 추출물의 인체적용시험을 완료해 경도인지저하자의 인지기능이 유의적으로 향상되는 결과를 얻기도 했다.",
        "sentenceSize": 71
      },
      {
        "sentenceNo": 3,
        "sentenceContent": "고려은단 관계자는 미디어SR에 \\\"이번 특허는 섬쑥부쟁이 추출물과 고려은단 메가도스B 혼합물을 스코폴라민으로 기억력이 손상된 ICR 마우스에 14일간 경구 투여한 결과, 아세틸콜린에스테라아제(Acetylcholinesterase, AChE) 저해 활성이 단독 투여군 대비 증가하는 상승효과를 보였다는 내용을 포함하고 있다\\\"고 설명했다.",
        "sentenceSize": 188
      },
      {
        "sentenceNo": 4,
        "sentenceContent": "아세틸콜린에스테라아제는 신경전달물질인 아세틸콜린(Acetylcholine)을 분해하는 효소로, 작용을 억제함에 따라 학습과 기억을 조절하는 아세틸콜린이 정상적으로 유지되어 치매 예방에 도움을 줄 수 있다.",
        "sentenceSize": 114
      },
      {
        "sentenceNo": 5,
        "sentenceContent": "또한, 섬쑥부쟁이 추출물과 메가도스B 혼합물이 아밀로이드 베타(Amyloid beta, Aβ) 및 아밀로이드 전구체 단백질(Amyloid precursor protein, APP) 조절에서도 상승효과가 있는 것으로 확인됐다.",
        "sentenceSize": 125
      },
      {
        "sentenceNo": 6,
        "sentenceContent": "아밀로이드 베타는 아세틸콜린을 만드는 대뇌 부분과 대뇌피질의 신경세포를 파괴해 아세틸콜린의 활성 상태를 감소시키며 산화적 손상을 유발함으로써 신경세포 사멸을 일으키는 물질이다.",
        "sentenceSize": 98
      },
      {
        "sentenceNo": 7,
        "sentenceContent": "고려은단 관계자는 \\\"치매 발병 연령대가 낮아지고 있으며, 신경세포가 손상되면 다시 재생되지 않기 때문에 건강하게 유지하는 것이 무엇보다 중요하다\\\"며 \\\"섬쑥부쟁이 추출물과 메가도스B 혼합물의 인지기능 개선 상승효과를 바탕으로 한 건강기능식품 개발을 기대하고 있다\\\"고 말했다.",
        "sentenceSize": 156
      }
    ]
  },
  "labeledDataInfo": {
    "newTitle": "'섬쑥부쟁이 추출물·메가도스B' 특허 출원... 인지 기능 강화해 치매 예방 도움 준다",
    "clickbaitClass": 0,
    "referSentenceInfo": [
      {
        "sentenceNo": 1,
        "referSentenceyn": "N"
      },
      {
        "sentenceNo": 2,
        "referSentenceyn": "N"
      },
      {
        "sentenceNo": 3,
        "referSentenceyn": "Y"
      },
      {
        "sentenceNo": 4,
        "referSentenceyn": "N"
      },
      {
        "sentenceNo": 5,
        "referSentenceyn": "N"
      },
      {
        "sentenceNo": 6,
        "referSentenceyn": "N"
      },
      {
        "sentenceNo": 7,
        "referSentenceyn": "N"
      }
    ]
  }
}