{
  "sourceDataInfo": {
    "newsID": "EC_M02_155949",
    "newsCategory": "경제",
    "newsSubcategory": "일반",
    "newsTitle": "CJ대한통운 \\\"건설부문 매각설 사실 아냐\\\"…그럼에도 피어오르는 매각설",
    "newsSubTitle": "",
    "newsContent": "CJ대한통운 건설부문 매각설이 퍼지는 가운데 CJ대한통운은 사실이 아니라고 부인했다.\n8일 투자은행(IB)업계에 따르면 CJ그룹은 CJ대한통운의 건설부문 매각 주간사에 크레디트스위스(CS)를 선정하고 매각 작업에 돌입했다.\n예상 매각가는 2000억원에서 3000억원대로 항간에는 CJ대한통운이 물류센터 건설 등에 특화된 관련 사업부를 정리한다는 소문이 무성하다.\n하지만 CJ대한통운은 공시를 통해 건설부문 매각이 사실이 아니라고 밝힌 상태다.\nCJ대한통운의 한 관계자는 이날 미디어SR에 \\\"최근 나오고 있는 건설부문 매각설은 사실이 아니라고 공시가 나왔다\\\"며 \\\"CJ대한통운의 중국 자회사인 CJ로킨 매각설 관련해서도 구체적으로 결정된 바 없다\\\"고 언급했다.\n시장에서는 CJ대한통운이 건설부문 뿐만 아니라 중국 물류 자회사인 CJ로킨 매각도 추진하고 있다는 매각설이 연달아 터지고 있다.\n일각에서는 CJ제일제당과 CJ대한통운 등 그룹 주요 계열사가 비상경영을 선포하면서 자산을 매각해 유동성 확보를 통한 재무구조 개선에 박차를 가하기 위함이라고 보고 있지만, CJ대한통운 측은 공시 외에 아직 구체적인 입장을 밝히지는 않고 있다.\nCJ대한통운 건설사업부의 물류시설 누적 시공실적은 경쟁사를 압도한다.\n지난 2014년부터 올해 7월까지 준공 실적과 그 이후 수주 실적을 전체 면적으로 환산하면 약 64만㎡(19만4000평)이다.\nCJ대한통운 건설부문은 2014년부터 홈플러스 안성물류센터와 비엘인터내셔널 물류센터, 이천 마장 물류센터와 아모레퍼시픽 뷰티 제3사업장 등을 준공했고, 특히 3년 7개월여간 공사 끝에 2018년 준공한 `CJ대한통운 곤지암 메가허브 터미널`은 아시아 최대규모의 물류센터다.\n이러한 실적을 바탕으로 CJ대한통운 건설부문은 올해 시공능력평가에서 45위를 기록하기도 했다.\nCJ대한통운이 이와 같은 강점을 지닌 건설부문을 최대한의 가격으로 매각해 당장 필요한 유동성을 확보하고, 언택트의 수혜를 받아 중장기적으로 사업성이 큰 나머지 택배나 물류업에 집중할 수 있다는 추측이 제기되고 있다.\nCJ대한통운의 택배처리량은 코로나19 재확산으로 인한 사회적 거리두기 2.5단계 시행에도 증가세가 계속되고 있다.\n한편 CJ대한통운은 2018년 CJ제일제당의 자회사로 편입되는 과정에서 (주)CJ 계열사였던 CJ건설 지분 99.94%를 당해 3월 1일 자로 흡수합병했다.\nCJ대한통운 건설부문의 올해 상반기 매출액은 3442억원으로 지난해 3384억원보다 소폭 증가했지만, 영업이익은 54억원으로 지난해 121억원보다 크게 감소했다.\nCJ대한통운의 부채비율은 지난해말 149.23%에서 올해 상반기말 기준 153.72%까지 높아졌다.\n차입금이 지난해 말 5660억원에서 1조1398억원까지 증가한 영향으로 보인다.\n특히 단기차입금이 지난해 말 2726억원에서 7514억원으로 크게 증가했다.",
    "partNum": "P1",
    "useType": 0,
    "processType": "D",
    "processPattern": "16",
    "processLevel": "상",
    "sentenceCount": 18,
    "sentenceInfo": [
      {
        "sentenceNo": 1,
        "sentenceContent": "CJ대한통운 건설부문 매각설이 퍼지는 가운데 CJ대한통운은 사실이 아니라고 부인했다.",
        "sentenceSize": 47
      },
      {
        "sentenceNo": 2,
        "sentenceContent": "8일 투자은행(IB)업계에 따르면 CJ그룹은 CJ대한통운의 건설부문 매각 주간사에 크레디트스위스(CS)를 선정하고 매각 작업에 돌입했다.",
        "sentenceSize": 76
      },
      {
        "sentenceNo": 3,
        "sentenceContent": "예상 매각가는 2000억원에서 3000억원대로 항간에는 CJ대한통운이 물류센터 건설 등에 특화된 관련 사업부를 정리한다는 소문이 무성하다.",
        "sentenceSize": 77
      },
      {
        "sentenceNo": 4,
        "sentenceContent": "하지만 CJ대한통운은 공시를 통해 건설부문 매각이 사실이 아니라고 밝힌 상태다.",
        "sentenceSize": 44
      },
      {
        "sentenceNo": 5,
        "sentenceContent": "CJ대한통운의 한 관계자는 이날 미디어SR에 \\\"최근 나오고 있는 건설부문 매각설은 사실이 아니라고 공시가 나왔다\\\"며 \\\"CJ대한통운의 중국 자회사인 CJ로킨 매각설 관련해서도 구체적으로 결정된 바 없다\\\"고 언급했다.",
        "sentenceSize": 123
      },
      {
        "sentenceNo": 6,
        "sentenceContent": "시장에서는 CJ대한통운이 건설부문 뿐만 아니라 중국 물류 자회사인 CJ로킨 매각도 추진하고 있다는 매각설이 연달아 터지고 있다.",
        "sentenceSize": 71
      },
      {
        "sentenceNo": 7,
        "sentenceContent": "일각에서는 CJ제일제당과 CJ대한통운 등 그룹 주요 계열사가 비상경영을 선포하면서 자산을 매각해 유동성 확보를 통한 재무구조 개선에 박차를 가하기 위함이라고 보고 있지만, CJ대한통운 측은 공시 외에 아직 구체적인 입장을 밝히지는 않고 있다.",
        "sentenceSize": 135
      },
      {
        "sentenceNo": 8,
        "sentenceContent": "CJ대한통운 건설사업부의 물류시설 누적 시공실적은 경쟁사를 압도한다.",
        "sentenceSize": 38
      },
      {
        "sentenceNo": 9,
        "sentenceContent": "지난 2014년부터 올해 7월까지 준공 실적과 그 이후 수주 실적을 전체 면적으로 환산하면 약 64만㎡(19만4000평)이다.",
        "sentenceSize": 70
      },
      {
        "sentenceNo": 10,
        "sentenceContent": "CJ대한통운 건설부문은 2014년부터 홈플러스 안성물류센터와 비엘인터내셔널 물류센터, 이천 마장 물류센터와 아모레퍼시픽 뷰티 제3사업장 등을 준공했고, 특히 3년 7개월여간 공사 끝에 2018년 준공한 `CJ대한통운 곤지암 메가허브 터미널`은 아시아 최대규모의 물류센터다.",
        "sentenceSize": 152
      },
      {
        "sentenceNo": 11,
        "sentenceContent": "이러한 실적을 바탕으로 CJ대한통운 건설부문은 올해 시공능력평가에서 45위를 기록하기도 했다.",
        "sentenceSize": 52
      },
      {
        "sentenceNo": 12,
        "sentenceContent": "CJ대한통운이 이와 같은 강점을 지닌 건설부문을 최대한의 가격으로 매각해 당장 필요한 유동성을 확보하고, 언택트의 수혜를 받아 중장기적으로 사업성이 큰 나머지 택배나 물류업에 집중할 수 있다는 추측이 제기되고 있다.",
        "sentenceSize": 120
      },
      {
        "sentenceNo": 13,
        "sentenceContent": "CJ대한통운의 택배처리량은 코로나19 재확산으로 인한 사회적 거리두기 2.5단계 시행에도 증가세가 계속되고 있다.",
        "sentenceSize": 63
      },
      {
        "sentenceNo": 14,
        "sentenceContent": "한편 CJ대한통운은 2018년 CJ제일제당의 자회사로 편입되는 과정에서 (주)CJ 계열사였던 CJ건설 지분 99.94%를 당해 3월 1일 자로 흡수합병했다.",
        "sentenceSize": 87
      },
      {
        "sentenceNo": 15,
        "sentenceContent": "CJ대한통운 건설부문의 올해 상반기 매출액은 3442억원으로 지난해 3384억원보다 소폭 증가했지만, 영업이익은 54억원으로 지난해 121억원보다 크게 감소했다.",
        "sentenceSize": 90
      },
      {
        "sentenceNo": 16,
        "sentenceContent": "CJ대한통운의 부채비율은 지난해말 149.23%에서 올해 상반기말 기준 153.72%까지 높아졌다.",
        "sentenceSize": 55
      },
      {
        "sentenceNo": 17,
        "sentenceContent": "차입금이 지난해 말 5660억원에서 1조1398억원까지 증가한 영향으로 보인다.",
        "sentenceSize": 44
      },
      {
        "sentenceNo": 18,
        "sentenceContent": "특히 단기차입금이 지난해 말 2726억원에서 7514억원으로 크게 증가했다.",
        "sentenceSize": 42
      }
    ]
  },
  "labeledDataInfo": {
    "newTitle": "부채비율 높아져가는 CJ대한통운, 피어오르는 소문",
    "clickbaitClass": 0,
    "referSentenceInfo": [
      {
        "sentenceNo": 1,
        "referSentenceyn": "N"
      },
      {
        "sentenceNo": 2,
        "referSentenceyn": "N"
      },
      {
        "sentenceNo": 3,
        "referSentenceyn": "N"
      },
      {
        "sentenceNo": 4,
        "referSentenceyn": "N"
      },
      {
        "sentenceNo": 5,
        "referSentenceyn": "N"
      },
      {
        "sentenceNo": 6,
        "referSentenceyn": "N"
      },
      {
        "sentenceNo": 7,
        "referSentenceyn": "N"
      },
      {
        "sentenceNo": 8,
        "referSentenceyn": "N"
      },
      {
        "sentenceNo": 9,
        "referSentenceyn": "N"
      },
      {
        "sentenceNo": 10,
        "referSentenceyn": "N"
      },
      {
        "sentenceNo": 11,
        "referSentenceyn": "N"
      },
      {
        "sentenceNo": 12,
        "referSentenceyn": "N"
      },
      {
        "sentenceNo": 13,
        "referSentenceyn": "N"
      },
      {
        "sentenceNo": 14,
        "referSentenceyn": "N"
      },
      {
        "sentenceNo": 15,
        "referSentenceyn": "N"
      },
      {
        "sentenceNo": 16,
        "referSentenceyn": "Y"
      },
      {
        "sentenceNo": 17,
        "referSentenceyn": "N"
      },
      {
        "sentenceNo": 18,
        "referSentenceyn": "N"
      }
    ]
  }
}