{
  "sourceDataInfo": {
    "newsID": "EC_M02_158138",
    "newsCategory": "경제",
    "newsSubcategory": "자동차",
    "newsTitle": "현대차그룹, 내연기관·전동화에 오는 2025년까지 63조 투자",
    "newsSubTitle": "",
    "newsContent": "현대자동차가 기아·현대모비스와 힘을 합쳐 전동화·친환경, 신기술·신사업 등을 위해 오는 2025년까지 4년 동안 국내에 63조원을 투자한다.\n대규모 투자를 국내에 집중함으로써 '그룹 미래 사업 허브'로서 한국의 역할과 리더십을 강화하기 위해서다.\n현대차그룹 3사는 2025년까지 미래 모빌리티 중심의 신규 사업과 활발한 고객 수요가 유지되는 기존 사업에 대한 투자를 병행한다고 24일 밝혔다.\n지속가능한 성장을 위한 사업 영역을 개척하고 목적 기반 차량(PBV) 등 미래 모빌리티 분야의 선도 업체로 도약하는 동시에 산업 패러다임 격변의 과도기에서 고객 선택권을 존중하고 국내 연관산업의 안정적 전동화 체제 전환을 지원하기 위함이다.\n여기에 자동차 부품, 철강, 건설 등 그룹사까지 합해지면 전체 국내 중장기 투자액은 크게 늘어날 것으로 추산된다.\n현대차 관계자는 데일리임팩트에 \\\"이번 투자는 국내 자동차 생산과 수출을 확대시키고 국내 자동차 부품산업의 성장 및 활성화, 국내 신성장 산업 동력 확보 등에도 기여할 것\\\"이라고 기대했다.\n우선 미래 성장의 핵심축인 전동화 및 친환경 사업 고도화에 주력한다.\n이 분야에 3사는 총 16조2000억원을 투자한다.\n순수 전기차를 비롯해 수소전기차, 플러그인 하이브리드 등 전동화 및 친환경 전 분야에서 기술 우위를 확보한다는 방침 하에서다.\n국내 순수 전기차 생산능력 확대를 위해서는 PBV 전기차 전용공장 신설, 내연기관차와 전기차의 혼류 생산 시스템 점진적 구축, 기존 공장의 전기차 전용 라인 증설 등을 추진한다.\n핵심 부품 및 선행기술, 고성능 전동화 제품을 개발하고 연구시설 구축 등에도 집중 투자한다.\n인프라 부문에서는 2025년까지 외부와의 협업을 통해 국내에 초고속 충전기 5000기를 구축할 예정이다.\n연료전지 시스템의 광범위한 활용을 위한 실증 사업, 수소 관련 원천기술 및 요소기술 강화를 위해 외부 스타트업에 대한 활발한 투자도 추진한다.\n이와 함께 미래 신기술 개발 및 신사업의 체계적인 추진을 위해 8조9000억원을 투자한다.\n완성차를 넘어 '인류를 위한 모빌리티 기업'으로의 전환을 가속화하겠다는 복안이다.\n미래 신사업에는 △로보틱스 △미래 항공 모빌리티(AAM) △커넥티비티 △자율주행 △모빌리티 서비스 △인공지능(AI) 등이 있다.\n또한 선행연구, 차량성능 등 내연기관 차량의 상품성과 고객 서비스 향상 등에 38조원을 투입한다.\n내연기관 제품 라인업도 최적화할 계획이다.\n모비스는 내연기관 차량에 적용되는 부품 품질 향상에 지속적으로 집중한다. 3사는 동시에 장비 및 설비 증설과 생산라인 효율화 등 안정적 생산을 위한 인프라를 확충하고 생산과 판매의 경쟁력 우위를 유지한다.\n기반시설 및 보완투자 등 시설투자도 병행한다.\n현대차 관계자는 \\\"국내에 집중적인 투자를 통해 한국을 중심으로 글로벌 사업 경쟁력을 강화하겠다\\\"라며 \\\"미래 신사업·신기술과 전동화 투자는 물론 기존 사업에 대한 지속 국내 투자로 차별화된 제품과 만족도 높은 서비스를 고객에게 제공하고, 자동차산업 패러다임 대전환을 주도할 것\\\"이라고 말했다.",
    "partNum": "P1",
    "useType": 0,
    "processType": "D",
    "processPattern": "11",
    "processLevel": "하",
    "sentenceCount": 21,
    "sentenceInfo": [
      {
        "sentenceNo": 1,
        "sentenceContent": "현대자동차가 기아·현대모비스와 힘을 합쳐 전동화·친환경, 신기술·신사업 등을 위해 오는 2025년까지 4년 동안 국내에 63조원을 투자한다.",
        "sentenceSize": 78
      },
      {
        "sentenceNo": 2,
        "sentenceContent": "대규모 투자를 국내에 집중함으로써 '그룹 미래 사업 허브'로서 한국의 역할과 리더십을 강화하기 위해서다.",
        "sentenceSize": 58
      },
      {
        "sentenceNo": 3,
        "sentenceContent": "현대차그룹 3사는 2025년까지 미래 모빌리티 중심의 신규 사업과 활발한 고객 수요가 유지되는 기존 사업에 대한 투자를 병행한다고 24일 밝혔다.",
        "sentenceSize": 81
      },
      {
        "sentenceNo": 4,
        "sentenceContent": "지속가능한 성장을 위한 사업 영역을 개척하고 목적 기반 차량(PBV) 등 미래 모빌리티 분야의 선도 업체로 도약하는 동시에 산업 패러다임 격변의 과도기에서 고객 선택권을 존중하고 국내 연관산업의 안정적 전동화 체제 전환을 지원하기 위함이다.",
        "sentenceSize": 134
      },
      {
        "sentenceNo": 5,
        "sentenceContent": "여기에 자동차 부품, 철강, 건설 등 그룹사까지 합해지면 전체 국내 중장기 투자액은 크게 늘어날 것으로 추산된다.",
        "sentenceSize": 63
      },
      {
        "sentenceNo": 6,
        "sentenceContent": "현대차 관계자는 데일리임팩트에 \\\"이번 투자는 국내 자동차 생산과 수출을 확대시키고 국내 자동차 부품산업의 성장 및 활성화, 국내 신성장 산업 동력 확보 등에도 기여할 것\\\"이라고 기대했다.",
        "sentenceSize": 106
      },
      {
        "sentenceNo": 7,
        "sentenceContent": "우선 미래 성장의 핵심축인 전동화 및 친환경 사업 고도화에 주력한다.",
        "sentenceSize": 38
      },
      {
        "sentenceNo": 8,
        "sentenceContent": "이 분야에 3사는 총 16조2000억원을 투자한다.",
        "sentenceSize": 28
      },
      {
        "sentenceNo": 9,
        "sentenceContent": "순수 전기차를 비롯해 수소전기차, 플러그인 하이브리드 등 전동화 및 친환경 전 분야에서 기술 우위를 확보한다는 방침 하에서다.",
        "sentenceSize": 70
      },
      {
        "sentenceNo": 10,
        "sentenceContent": "국내 순수 전기차 생산능력 확대를 위해서는 PBV 전기차 전용공장 신설, 내연기관차와 전기차의 혼류 생산 시스템 점진적 구축, 기존 공장의 전기차 전용 라인 증설 등을 추진한다.",
        "sentenceSize": 99
      },
      {
        "sentenceNo": 11,
        "sentenceContent": "핵심 부품 및 선행기술, 고성능 전동화 제품을 개발하고 연구시설 구축 등에도 집중 투자한다.",
        "sentenceSize": 51
      },
      {
        "sentenceNo": 12,
        "sentenceContent": "인프라 부문에서는 2025년까지 외부와의 협업을 통해 국내에 초고속 충전기 5000기를 구축할 예정이다.",
        "sentenceSize": 58
      },
      {
        "sentenceNo": 13,
        "sentenceContent": "연료전지 시스템의 광범위한 활용을 위한 실증 사업, 수소 관련 원천기술 및 요소기술 강화를 위해 외부 스타트업에 대한 활발한 투자도 추진한다.",
        "sentenceSize": 79
      },
      {
        "sentenceNo": 14,
        "sentenceContent": "이와 함께 미래 신기술 개발 및 신사업의 체계적인 추진을 위해 8조9000억원을 투자한다.",
        "sentenceSize": 50
      },
      {
        "sentenceNo": 15,
        "sentenceContent": "완성차를 넘어 '인류를 위한 모빌리티 기업'으로의 전환을 가속화하겠다는 복안이다.",
        "sentenceSize": 45
      },
      {
        "sentenceNo": 16,
        "sentenceContent": "미래 신사업에는 △로보틱스 △미래 항공 모빌리티(AAM) △커넥티비티 △자율주행 △모빌리티 서비스 △인공지능(AI) 등이 있다.",
        "sentenceSize": 71
      },
      {
        "sentenceNo": 17,
        "sentenceContent": "또한 선행연구, 차량성능 등 내연기관 차량의 상품성과 고객 서비스 향상 등에 38조원을 투입한다.",
        "sentenceSize": 54
      },
      {
        "sentenceNo": 18,
        "sentenceContent": "내연기관 제품 라인업도 최적화할 계획이다.",
        "sentenceSize": 23
      },
      {
        "sentenceNo": 19,
        "sentenceContent": "모비스는 내연기관 차량에 적용되는 부품 품질 향상에 지속적으로 집중한다. 3사는 동시에 장비 및 설비 증설과 생산라인 효율화 등 안정적 생산을 위한 인프라를 확충하고 생산과 판매의 경쟁력 우위를 유지한다.",
        "sentenceSize": 114
      },
      {
        "sentenceNo": 20,
        "sentenceContent": "기반시설 및 보완투자 등 시설투자도 병행한다.",
        "sentenceSize": 25
      },
      {
        "sentenceNo": 21,
        "sentenceContent": "현대차 관계자는 \\\"국내에 집중적인 투자를 통해 한국을 중심으로 글로벌 사업 경쟁력을 강화하겠다\\\"라며 \\\"미래 신사업·신기술과 전동화 투자는 물론 기존 사업에 대한 지속 국내 투자로 차별화된 제품과 만족도 높은 서비스를 고객에게 제공하고, 자동차산업 패러다임 대전환을 주도할 것\\\"이라고 말했다.",
        "sentenceSize": 166
      }
    ]
  },
  "labeledDataInfo": {
    "newTitle": "현대자동차, 기아·현대모비스와 힘합쳐 63조 투자 왜?",
    "clickbaitClass": 0,
    "referSentenceInfo": [
      {
        "sentenceNo": 1,
        "referSentenceyn": "N"
      },
      {
        "sentenceNo": 2,
        "referSentenceyn": "Y"
      },
      {
        "sentenceNo": 3,
        "referSentenceyn": "N"
      },
      {
        "sentenceNo": 4,
        "referSentenceyn": "N"
      },
      {
        "sentenceNo": 5,
        "referSentenceyn": "N"
      },
      {
        "sentenceNo": 6,
        "referSentenceyn": "N"
      },
      {
        "sentenceNo": 7,
        "referSentenceyn": "N"
      },
      {
        "sentenceNo": 8,
        "referSentenceyn": "N"
      },
      {
        "sentenceNo": 9,
        "referSentenceyn": "N"
      },
      {
        "sentenceNo": 10,
        "referSentenceyn": "N"
      },
      {
        "sentenceNo": 11,
        "referSentenceyn": "N"
      },
      {
        "sentenceNo": 12,
        "referSentenceyn": "N"
      },
      {
        "sentenceNo": 13,
        "referSentenceyn": "N"
      },
      {
        "sentenceNo": 14,
        "referSentenceyn": "N"
      },
      {
        "sentenceNo": 15,
        "referSentenceyn": "N"
      },
      {
        "sentenceNo": 16,
        "referSentenceyn": "N"
      },
      {
        "sentenceNo": 17,
        "referSentenceyn": "N"
      },
      {
        "sentenceNo": 18,
        "referSentenceyn": "N"
      },
      {
        "sentenceNo": 19,
        "referSentenceyn": "N"
      },
      {
        "sentenceNo": 20,
        "referSentenceyn": "N"
      },
      {
        "sentenceNo": 21,
        "referSentenceyn": "N"
      }
    ]
  }
}