{
  "sourceDataInfo": {
    "newsID": "EC_M02_157292",
    "newsCategory": "경제",
    "newsSubcategory": "은행",
    "newsTitle": "서울시, 소상공인 수수료 0원 '서울페이' 연내 도입",
    "newsSubTitle": "",
    "newsContent": "서울시가 어려움에 처한 소상공인들의 고통을 분담하고 사회적 책임들 다하기 위해 국내 11개 은행, 5개 민간 결제플랫폼 사업자와 손잡고 올해 내 결제수수료 0원 서비스를 도입한다.\n서울시는 \\\"경기침체와 임대료 상승, 카드 수수료라는 삼중고에 시달리며 생존의 기로에 서 있는 서울시 내 66만 자영업자들을 위해 `결제수수료 수수료 부담제로 결제서비스`를 연내 도입하겠다\\\"고 25일 밝혔다.\n서울시 소상공인지원과 관계자는 미디어SR에 \\\"소상공인 수수료 제로 원칙을 토대로 유흥업이나 고매출 자영업자를 제외하는 방식으로 은행, 간편결제 사업자와 상의해 수혜 대상을 선정할 것\\\"이라고 말했다.\n이어 \\\"소상공인뿐만 아니라 일반 가맹점도 가입할 수 있을 것\\\"이라며 \\\"올해 내 시범운영을 목표로 참여은행과 플랫폼 사업자와 TF를 구성했다\\\"고 덧붙였다.\n일반 가맹점은 수수료 면제 대상은 아니다.\n소상공인은 소상공인 지원법에 따라 상시 근로자 5인 미만(광업, 제조업, 운수업 10인 미만), 연평균 매출액(식음료, 제조업 기준) 100억 원 이하 사업자를 말한다.\n서울페이는 결제플랫폼 사업자와 시중은행 협력을 통해 추진할 수 있었다.\n사업에 동참한 카카오페이‧페이코‧네이버‧티머니페이‧비씨카드 등 5개 민간 결제플랫폼 사업자는 소상공인에 결제 수수료를 받지 않기로 했다.\n신한은행‧우리은행 등 11개 시중은행은 플랫폼 사업자에게 수수했던 계좌이체 수수료를 면제해주기로 했다.\n결제수수료 제로 결제서비스 일명 서울페이는 핀테크 기술을 활용해 스마트폰 앱으로 QR 코드만 인식하면 구매자 계좌에서 판매자 계좌로 이체되는 직거래 결제 시스템이다.\n서울시가 구상하는 결제 방법은 크게 두 가지다.\n구매자가 기존에 사용하던 네이버 페이, 카카오페이 등 간편결제 앱을 열어 판매자의 QR 코드를 인식하는 방식. 구매자의 간편결제 앱에 생성된 QR 코드를 판매자가 결제단말기(POS기)로 읽어들이는 방식이 있다.\n서울시 구상에 따르면 가맹 사업자는 추가 단말기 설치 없이 서비스 제공 가능하고 소비자 역시 추가로 앱을 설치하지 않아도 이용할 수 있다.\n# 서울시, 서울페이 2020년까지 전국 확대에 소득공제 혜택도 올해 서울시가 시범 서비스를 실시하고 부산광역시, 인천광역시, 전라남도, 경상남도 등 4개 광역지자체도 순차적으로 시범운영에 들어갈 예정이다.\n서울시는 25일 업무 협약식 체결에 참여한 정부기관과 지자체는 중소벤처기업부, 서울시, 부산광역시, 인천광역시, 전라남도, 경상남도다.\n참여 은행은 NH농협은행, BNK경남은행, BNK부산은행, 신한은행, 신용협동조합중앙회, IBK기업은행, 우리은행, 우정사업본부, 케이뱅크, KB국민은행, KEB하나은행이다.\n참여 민간 결제플랫폼 사업자는 카카오페이, 네이버, 페이코, 한국스마트카드, 비씨카드다.\n서울시 소상공인지원과 관계자는 \\\"서울페이 이용금액에 대해 소득공제율 최고수준 40%를 적용 예정\\\"이라고 밝혔다.\n그 밖에도 시가 지급하는 온누리 상품권, 공무원복지포인트 등도 서울페이를 이용해 사용할 수 있도록 지급하는 등 활용도를 높여가겠다고 설명했다.\n한편, 정부는 서울페이의 모델을 전국으로 확대해나갈 예정이다.\n중소벤처기업부 소상공인정책과 관계자는 미디어SR에 \\\"다수 민간플랫폼 사업자와 은행을 연계해주는 허브시스템은 다른 은행과 민간 사업자, 지방자치단체에서 참여할 수 있도록 개방형으로 설계할 것\\\"이라고 말했다.\n이어 그는 \\\"다수 지자체에서도 꾸준히 관심을 보이고 있으며 서울시가 도입을 완료하는 대로 지자체 대상 설명회를 열 예정\\\"이라고 설명했다.",
    "partNum": "P1",
    "useType": 0,
    "processType": "D",
    "processPattern": "11",
    "processLevel": "하",
    "sentenceCount": 22,
    "sentenceInfo": [
      {
        "sentenceNo": 1,
        "sentenceContent": "서울시가 어려움에 처한 소상공인들의 고통을 분담하고 사회적 책임들 다하기 위해 국내 11개 은행, 5개 민간 결제플랫폼 사업자와 손잡고 올해 내 결제수수료 0원 서비스를 도입한다.",
        "sentenceSize": 100
      },
      {
        "sentenceNo": 2,
        "sentenceContent": "서울시는 \\\"경기침체와 임대료 상승, 카드 수수료라는 삼중고에 시달리며 생존의 기로에 서 있는 서울시 내 66만 자영업자들을 위해 `결제수수료 수수료 부담제로 결제서비스`를 연내 도입하겠다\\\"고 25일 밝혔다.",
        "sentenceSize": 117
      },
      {
        "sentenceNo": 3,
        "sentenceContent": "서울시 소상공인지원과 관계자는 미디어SR에 \\\"소상공인 수수료 제로 원칙을 토대로 유흥업이나 고매출 자영업자를 제외하는 방식으로 은행, 간편결제 사업자와 상의해 수혜 대상을 선정할 것\\\"이라고 말했다.",
        "sentenceSize": 112
      },
      {
        "sentenceNo": 4,
        "sentenceContent": "이어 \\\"소상공인뿐만 아니라 일반 가맹점도 가입할 수 있을 것\\\"이라며 \\\"올해 내 시범운영을 목표로 참여은행과 플랫폼 사업자와 TF를 구성했다\\\"고 덧붙였다.",
        "sentenceSize": 89
      },
      {
        "sentenceNo": 5,
        "sentenceContent": "일반 가맹점은 수수료 면제 대상은 아니다.",
        "sentenceSize": 23
      },
      {
        "sentenceNo": 6,
        "sentenceContent": "소상공인은 소상공인 지원법에 따라 상시 근로자 5인 미만(광업, 제조업, 운수업 10인 미만), 연평균 매출액(식음료, 제조업 기준) 100억 원 이하 사업자를 말한다.",
        "sentenceSize": 94
      },
      {
        "sentenceNo": 7,
        "sentenceContent": "서울페이는 결제플랫폼 사업자와 시중은행 협력을 통해 추진할 수 있었다.",
        "sentenceSize": 39
      },
      {
        "sentenceNo": 8,
        "sentenceContent": "사업에 동참한 카카오페이‧페이코‧네이버‧티머니페이‧비씨카드 등 5개 민간 결제플랫폼 사업자는 소상공인에 결제 수수료를 받지 않기로 했다.",
        "sentenceSize": 76
      },
      {
        "sentenceNo": 9,
        "sentenceContent": "신한은행‧우리은행 등 11개 시중은행은 플랫폼 사업자에게 수수했던 계좌이체 수수료를 면제해주기로 했다.",
        "sentenceSize": 57
      },
      {
        "sentenceNo": 10,
        "sentenceContent": "결제수수료 제로 결제서비스 일명 서울페이는 핀테크 기술을 활용해 스마트폰 앱으로 QR 코드만 인식하면 구매자 계좌에서 판매자 계좌로 이체되는 직거래 결제 시스템이다.",
        "sentenceSize": 92
      },
      {
        "sentenceNo": 11,
        "sentenceContent": "서울시가 구상하는 결제 방법은 크게 두 가지다.",
        "sentenceSize": 26
      },
      {
        "sentenceNo": 12,
        "sentenceContent": "구매자가 기존에 사용하던 네이버 페이, 카카오페이 등 간편결제 앱을 열어 판매자의 QR 코드를 인식하는 방식. 구매자의 간편결제 앱에 생성된 QR 코드를 판매자가 결제단말기(POS기)로 읽어들이는 방식이 있다.",
        "sentenceSize": 117
      },
      {
        "sentenceNo": 13,
        "sentenceContent": "서울시 구상에 따르면 가맹 사업자는 추가 단말기 설치 없이 서비스 제공 가능하고 소비자 역시 추가로 앱을 설치하지 않아도 이용할 수 있다.",
        "sentenceSize": 77
      },
      {
        "sentenceNo": 14,
        "sentenceContent": "# 서울시, 서울페이 2020년까지 전국 확대에 소득공제 혜택도 올해 서울시가 시범 서비스를 실시하고 부산광역시, 인천광역시, 전라남도, 경상남도 등 4개 광역지자체도 순차적으로 시범운영에 들어갈 예정이다.",
        "sentenceSize": 115
      },
      {
        "sentenceNo": 15,
        "sentenceContent": "서울시는 25일 업무 협약식 체결에 참여한 정부기관과 지자체는 중소벤처기업부, 서울시, 부산광역시, 인천광역시, 전라남도, 경상남도다.",
        "sentenceSize": 75
      },
      {
        "sentenceNo": 16,
        "sentenceContent": "참여 은행은 NH농협은행, BNK경남은행, BNK부산은행, 신한은행, 신용협동조합중앙회, IBK기업은행, 우리은행, 우정사업본부, 케이뱅크, KB국민은행, KEB하나은행이다.",
        "sentenceSize": 97
      },
      {
        "sentenceNo": 17,
        "sentenceContent": "참여 민간 결제플랫폼 사업자는 카카오페이, 네이버, 페이코, 한국스마트카드, 비씨카드다.",
        "sentenceSize": 49
      },
      {
        "sentenceNo": 18,
        "sentenceContent": "서울시 소상공인지원과 관계자는 \\\"서울페이 이용금액에 대해 소득공제율 최고수준 40%를 적용 예정\\\"이라고 밝혔다.",
        "sentenceSize": 64
      },
      {
        "sentenceNo": 19,
        "sentenceContent": "그 밖에도 시가 지급하는 온누리 상품권, 공무원복지포인트 등도 서울페이를 이용해 사용할 수 있도록 지급하는 등 활용도를 높여가겠다고 설명했다.",
        "sentenceSize": 79
      },
      {
        "sentenceNo": 20,
        "sentenceContent": "한편, 정부는 서울페이의 모델을 전국으로 확대해나갈 예정이다.",
        "sentenceSize": 34
      },
      {
        "sentenceNo": 21,
        "sentenceContent": "중소벤처기업부 소상공인정책과 관계자는 미디어SR에 \\\"다수 민간플랫폼 사업자와 은행을 연계해주는 허브시스템은 다른 은행과 민간 사업자, 지방자치단체에서 참여할 수 있도록 개방형으로 설계할 것\\\"이라고 말했다.",
        "sentenceSize": 116
      },
      {
        "sentenceNo": 22,
        "sentenceContent": "이어 그는 \\\"다수 지자체에서도 꾸준히 관심을 보이고 있으며 서울시가 도입을 완료하는 대로 지자체 대상 설명회를 열 예정\\\"이라고 설명했다.",
        "sentenceSize": 78
      }
    ]
  },
  "labeledDataInfo": {
    "newTitle": "수수료 부담 제로 '서울페이' 도입, 수혜 대상은?",
    "clickbaitClass": 0,
    "referSentenceInfo": [
      {
        "sentenceNo": 1,
        "referSentenceyn": "N"
      },
      {
        "sentenceNo": 2,
        "referSentenceyn": "N"
      },
      {
        "sentenceNo": 3,
        "referSentenceyn": "Y"
      },
      {
        "sentenceNo": 4,
        "referSentenceyn": "N"
      },
      {
        "sentenceNo": 5,
        "referSentenceyn": "N"
      },
      {
        "sentenceNo": 6,
        "referSentenceyn": "N"
      },
      {
        "sentenceNo": 7,
        "referSentenceyn": "N"
      },
      {
        "sentenceNo": 8,
        "referSentenceyn": "N"
      },
      {
        "sentenceNo": 9,
        "referSentenceyn": "N"
      },
      {
        "sentenceNo": 10,
        "referSentenceyn": "N"
      },
      {
        "sentenceNo": 11,
        "referSentenceyn": "N"
      },
      {
        "sentenceNo": 12,
        "referSentenceyn": "N"
      },
      {
        "sentenceNo": 13,
        "referSentenceyn": "N"
      },
      {
        "sentenceNo": 14,
        "referSentenceyn": "N"
      },
      {
        "sentenceNo": 15,
        "referSentenceyn": "N"
      },
      {
        "sentenceNo": 16,
        "referSentenceyn": "N"
      },
      {
        "sentenceNo": 17,
        "referSentenceyn": "N"
      },
      {
        "sentenceNo": 18,
        "referSentenceyn": "N"
      },
      {
        "sentenceNo": 19,
        "referSentenceyn": "N"
      },
      {
        "sentenceNo": 20,
        "referSentenceyn": "N"
      },
      {
        "sentenceNo": 21,
        "referSentenceyn": "N"
      },
      {
        "sentenceNo": 22,
        "referSentenceyn": "N"
      }
    ]
  }
}