{
  "sourceDataInfo": {
    "newsID": "EC_M02_158056",
    "newsCategory": "경제",
    "newsSubcategory": "은행",
    "newsTitle": "우리은행, '연 2.5% 금리' 우리 첫거래우대 정기예금 출시",
    "newsSubTitle": "비대면 전용상품…기본금리 1~1.5%에 최대 2.5% 지원",
    "newsContent": "우리은행은 최고 2.5%의 금리를 제공하는 '우리 첫거래우대 정기예금' 을 출시한다고 31일 밝혔다.\n오는 4월 1일 출시되는 '우리 첫거래우대 정기예금'은 우리은행 신규고객 및 입·출금 예금만 보유한 고객에게 시중은행 최고 수준의 금리를 제공하는 비대면 전용 예금상품이다.\n최고 1000만원 까지 가입할 수 있고, 가입 기간은 6개월 이상 36개월 이하로 자유롭게 선택 가능하다.\n기본금리는 6개월 이상 1년미만 연 1.0%, 1년이상 3년이하 연 1.50%이다.\n우대금리는 △전년도말일 기준 우리은행 계좌 미보유 고객 우대 연 1.0%p △직전 1년간 우리은행 예·적금 상품(입출식제외) 미보유고객 연 0.4%p △오픈뱅킹으로 타행 본인계좌에서 출금해 신규 시 연 0.4%p로 최대 연 1.0%p를 제공한다.\n우리은행 관계자는 데일리임팩트에 \\\"최근 금리 상승기에 고금리 예금상품을 찾는 고객의 증가에 맞춰 이번 상품을 출시했다\\\"라고 설명했다.",
    "partNum": "P1",
    "useType": 0,
    "processType": "D",
    "processPattern": "11",
    "processLevel": "하",
    "sentenceCount": 6,
    "sentenceInfo": [
      {
        "sentenceNo": 1,
        "sentenceContent": "우리은행은 최고 2.5%의 금리를 제공하는 '우리 첫거래우대 정기예금' 을 출시한다고 31일 밝혔다.",
        "sentenceSize": 56
      },
      {
        "sentenceNo": 2,
        "sentenceContent": "오는 4월 1일 출시되는 '우리 첫거래우대 정기예금'은 우리은행 신규고객 및 입·출금 예금만 보유한 고객에게 시중은행 최고 수준의 금리를 제공하는 비대면 전용 예금상품이다.",
        "sentenceSize": 96
      },
      {
        "sentenceNo": 3,
        "sentenceContent": "최고 1000만원 까지 가입할 수 있고, 가입 기간은 6개월 이상 36개월 이하로 자유롭게 선택 가능하다.",
        "sentenceSize": 59
      },
      {
        "sentenceNo": 4,
        "sentenceContent": "기본금리는 6개월 이상 1년미만 연 1.0%, 1년이상 3년이하 연 1.50%이다.",
        "sentenceSize": 46
      },
      {
        "sentenceNo": 5,
        "sentenceContent": "우대금리는 △전년도말일 기준 우리은행 계좌 미보유 고객 우대 연 1.0%p △직전 1년간 우리은행 예·적금 상품(입출식제외) 미보유고객 연 0.4%p △오픈뱅킹으로 타행 본인계좌에서 출금해 신규 시 연 0.4%p로 최대 연 1.0%p를 제공한다.",
        "sentenceSize": 137
      },
      {
        "sentenceNo": 6,
        "sentenceContent": "우리은행 관계자는 데일리임팩트에 \\\"최근 금리 상승기에 고금리 예금상품을 찾는 고객의 증가에 맞춰 이번 상품을 출시했다\\\"라고 설명했다.",
        "sentenceSize": 76
      }
    ]
  },
  "labeledDataInfo": {
    "newTitle": "우리은행, 최고 2.5% 금리 제공하는 것은?",
    "clickbaitClass": 0,
    "referSentenceInfo": [
      {
        "sentenceNo": 1,
        "referSentenceyn": "Y"
      },
      {
        "sentenceNo": 2,
        "referSentenceyn": "N"
      },
      {
        "sentenceNo": 3,
        "referSentenceyn": "N"
      },
      {
        "sentenceNo": 4,
        "referSentenceyn": "N"
      },
      {
        "sentenceNo": 5,
        "referSentenceyn": "N"
      },
      {
        "sentenceNo": 6,
        "referSentenceyn": "N"
      }
    ]
  }
}