{
  "sourceDataInfo": {
    "newsID": "EC_M02_157662",
    "newsCategory": "경제",
    "newsSubcategory": "은행",
    "newsTitle": "'디지털 혁신' 우리금융, '그룹 차원 IT자원 공유' 나선다",
    "newsSubTitle": "우리금융그룹, ‘그룹공동 클라우드’ 플랫폼 구축 그룹 IT시너지 제고 및 운영 효율성 강화 노력",
    "newsContent": "우리금융그룹이 올해 최우선 과제인 디지털 혁신에 더욱 속도를 낸다.\n그룹 차원의 혁신을 위한 클라우드 플랫폼을 구축, 계열사의 IT역량을 높인다는 계획이다.\n우리금융그룹은 디지털 혁신 추진의 일환으로 '그룹공동 클라우드'플랫폼을 구축했다고 1일 밝혔다.\n그룹공동 클라우드는 우리은행 등 자회사 개별 시스템을 통합해 서버와 네트워크 등 IT자원을 공유하는 IT자원 관리 플랫폼이다.\n각 계열사가 필요로 하는 IT자원을 필요한 만큼만 할당한 후, 사용 후에는 회수해 여유 자원을 그룹사가 재사용할 수 있어 디지털 혁신을 위해선 필수다.\n우리금융그룹은 이번 그룹공동 클라우드를 올해 신규 프로젝트부터 적용해 그룹 IT시너지를 높이고 IT운영 효율성을 강화해 그룹의 디지털 혁신을 가속화한다는 방침이다.\n그룹의 디지털 전환을 직접 진두지휘하고 있는 손태승 회장은 이번 클라우드 플랫폼을 그룹 디지털 트랜스포메이션 추진의 중요 요소로 인식하고 구축 과정에 깊숙이 관여한 것으로 알려졌다.\n우리금융 관계자는 미디어SR에 \\\"그룹 디지털 혁신위원회에서 핵심 추진과제로 선정하는 등 그룹사간 복잡한 이해관계가 있었으나 손 회장이 직접 이를 관리하며 사업 추진부터 완료까지의 진행 과정을 직접 챙겼다\\\"고 귀띔했다.\n우리금융그룹은 그룹의 산적한 디지털 혁신 과제를 해결해 다른 금융사는 물론, 빅테크사와의 경쟁에서도 우위를 지켜 나간다는 방침이다.\n우리금융그룹 관계자는 \\\"클라우드에 대한 우리은행 등 자회사내 니즈가 다양하게 증가하고 있다\\\"며 \\\"그룹사별 로컬존 구성을 포함해 외부 클라우드와 연계된 멀티-하이브리드 클라우드 등 디지털 혁신을 위한 자원을 속도감 있게 도입할 것\\\"이라고 말했다.",
    "partNum": "P1",
    "useType": 0,
    "processType": "D",
    "processPattern": "11",
    "processLevel": "하",
    "sentenceCount": 10,
    "sentenceInfo": [
      {
        "sentenceNo": 1,
        "sentenceContent": "우리금융그룹이 올해 최우선 과제인 디지털 혁신에 더욱 속도를 낸다.",
        "sentenceSize": 37
      },
      {
        "sentenceNo": 2,
        "sentenceContent": "그룹 차원의 혁신을 위한 클라우드 플랫폼을 구축, 계열사의 IT역량을 높인다는 계획이다.",
        "sentenceSize": 49
      },
      {
        "sentenceNo": 3,
        "sentenceContent": "우리금융그룹은 디지털 혁신 추진의 일환으로 '그룹공동 클라우드'플랫폼을 구축했다고 1일 밝혔다.",
        "sentenceSize": 53
      },
      {
        "sentenceNo": 4,
        "sentenceContent": "그룹공동 클라우드는 우리은행 등 자회사 개별 시스템을 통합해 서버와 네트워크 등 IT자원을 공유하는 IT자원 관리 플랫폼이다.",
        "sentenceSize": 70
      },
      {
        "sentenceNo": 5,
        "sentenceContent": "각 계열사가 필요로 하는 IT자원을 필요한 만큼만 할당한 후, 사용 후에는 회수해 여유 자원을 그룹사가 재사용할 수 있어 디지털 혁신을 위해선 필수다.",
        "sentenceSize": 84
      },
      {
        "sentenceNo": 6,
        "sentenceContent": "우리금융그룹은 이번 그룹공동 클라우드를 올해 신규 프로젝트부터 적용해 그룹 IT시너지를 높이고 IT운영 효율성을 강화해 그룹의 디지털 혁신을 가속화한다는 방침이다.",
        "sentenceSize": 91
      },
      {
        "sentenceNo": 7,
        "sentenceContent": "그룹의 디지털 전환을 직접 진두지휘하고 있는 손태승 회장은 이번 클라우드 플랫폼을 그룹 디지털 트랜스포메이션 추진의 중요 요소로 인식하고 구축 과정에 깊숙이 관여한 것으로 알려졌다.",
        "sentenceSize": 101
      },
      {
        "sentenceNo": 8,
        "sentenceContent": "우리금융 관계자는 미디어SR에 \\\"그룹 디지털 혁신위원회에서 핵심 추진과제로 선정하는 등 그룹사간 복잡한 이해관계가 있었으나 손 회장이 직접 이를 관리하며 사업 추진부터 완료까지의 진행 과정을 직접 챙겼다\\\"고 귀띔했다.",
        "sentenceSize": 123
      },
      {
        "sentenceNo": 9,
        "sentenceContent": "우리금융그룹은 그룹의 산적한 디지털 혁신 과제를 해결해 다른 금융사는 물론, 빅테크사와의 경쟁에서도 우위를 지켜 나간다는 방침이다.",
        "sentenceSize": 73
      },
      {
        "sentenceNo": 10,
        "sentenceContent": "우리금융그룹 관계자는 \\\"클라우드에 대한 우리은행 등 자회사내 니즈가 다양하게 증가하고 있다\\\"며 \\\"그룹사별 로컬존 구성을 포함해 외부 클라우드와 연계된 멀티-하이브리드 클라우드 등 디지털 혁신을 위한 자원을 속도감 있게 도입할 것\\\"이라고 말했다.",
        "sentenceSize": 140
      }
    ]
  },
  "labeledDataInfo": {
    "newTitle": "우리금융, 디지털 혁신 나섰다... 무엇이 달라졌을까?",
    "clickbaitClass": 0,
    "referSentenceInfo": [
      {
        "sentenceNo": 1,
        "referSentenceyn": "N"
      },
      {
        "sentenceNo": 2,
        "referSentenceyn": "N"
      },
      {
        "sentenceNo": 3,
        "referSentenceyn": "Y"
      },
      {
        "sentenceNo": 4,
        "referSentenceyn": "N"
      },
      {
        "sentenceNo": 5,
        "referSentenceyn": "N"
      },
      {
        "sentenceNo": 6,
        "referSentenceyn": "N"
      },
      {
        "sentenceNo": 7,
        "referSentenceyn": "N"
      },
      {
        "sentenceNo": 8,
        "referSentenceyn": "N"
      },
      {
        "sentenceNo": 9,
        "referSentenceyn": "N"
      },
      {
        "sentenceNo": 10,
        "referSentenceyn": "N"
      }
    ]
  }
}