{
  "sourceDataInfo": {
    "newsID": "EC_M02_158183",
    "newsCategory": "경제",
    "newsSubcategory": "증권",
    "newsTitle": "'매도행렬에 연저점 갱신'…코스피 2300선도 '위태'",
    "newsSubTitle": "전일 대비 28.57p 떨어진 2314.24에 마감 장중 2306.48까지 하락…연저점 갱신도",
    "newsContent": "코스피가 외국인과 개인투자자의 매도세를 버티지 못 하고 연저점을 다시 썼다.\n23일 한국거래소에 따르면 이날 코스피지수는 전거래일보다 28.57p 떨어진 2314.24로 장을 마감했다.\n장 초반 2350선까지 회복했지만 13시 12분 기준 2306.48을 기록한 후 혼조세를 반복했다.\n시가총액 1위인 삼성전자는 200원 떨어진 5만7400원으로 마감했다.\n계속된 주가 하락에 개인이 6714억원 규모 주식 순매도 거래를 진행하며 하락세를 주도했다.\n특히, 이날 5만7200원까지 하락하며 52주 신저가를 경신하기도 했다.\n기관은 9263억원 순매수했다.\n개인은 6714억원, 외국인은 2961억원 순매도했다.\n코스닥지수는 전거래일보다 32.58p떨어진 714.38로 마쳤다.\n코스닥 시가총액 상위 10개 종목 중 8개가 하락세다.\n종목별로 살펴보면 알테오젠(+4.72%), HLB(-2.60%), 셀트리온제약(-1.10%), 천보(-4.85%), 펄어비스(-2.51%), 셀트리온헬스케어(+1.48%), CJ ENM(-2.47%), 엘앤에프(-9.50%), 카카오게임즈(-7.89%), 에코프로비엠(-9.73%) 등이다.\n외국인은 727억원 순매수했다.\n개인은 640억, 기관은 15억원 순매도했다.",
    "partNum": "P1",
    "useType": 0,
    "processType": "D",
    "processPattern": "11",
    "processLevel": "하",
    "sentenceCount": 13,
    "sentenceInfo": [
      {
        "sentenceNo": 1,
        "sentenceContent": "코스피가 외국인과 개인투자자의 매도세를 버티지 못 하고 연저점을 다시 썼다.",
        "sentenceSize": 42
      },
      {
        "sentenceNo": 2,
        "sentenceContent": "23일 한국거래소에 따르면 이날 코스피지수는 전거래일보다 28.57p 떨어진 2314.24로 장을 마감했다.",
        "sentenceSize": 60
      },
      {
        "sentenceNo": 3,
        "sentenceContent": "장 초반 2350선까지 회복했지만 13시 12분 기준 2306.48을 기록한 후 혼조세를 반복했다.",
        "sentenceSize": 55
      },
      {
        "sentenceNo": 4,
        "sentenceContent": "시가총액 1위인 삼성전자는 200원 떨어진 5만7400원으로 마감했다.",
        "sentenceSize": 39
      },
      {
        "sentenceNo": 5,
        "sentenceContent": "계속된 주가 하락에 개인이 6714억원 규모 주식 순매도 거래를 진행하며 하락세를 주도했다.",
        "sentenceSize": 51
      },
      {
        "sentenceNo": 6,
        "sentenceContent": "특히, 이날 5만7200원까지 하락하며 52주 신저가를 경신하기도 했다.",
        "sentenceSize": 40
      },
      {
        "sentenceNo": 7,
        "sentenceContent": "기관은 9263억원 순매수했다.",
        "sentenceSize": 17
      },
      {
        "sentenceNo": 8,
        "sentenceContent": "개인은 6714억원, 외국인은 2961억원 순매도했다.",
        "sentenceSize": 30
      },
      {
        "sentenceNo": 9,
        "sentenceContent": "코스닥지수는 전거래일보다 32.58p떨어진 714.38로 마쳤다.",
        "sentenceSize": 36
      },
      {
        "sentenceNo": 10,
        "sentenceContent": "코스닥 시가총액 상위 10개 종목 중 8개가 하락세다.",
        "sentenceSize": 30
      },
      {
        "sentenceNo": 11,
        "sentenceContent": "종목별로 살펴보면 알테오젠(+4.72%), HLB(-2.60%), 셀트리온제약(-1.10%), 천보(-4.85%), 펄어비스(-2.51%), 셀트리온헬스케어(+1.48%), CJ ENM(-2.47%), 엘앤에프(-9.50%), 카카오게임즈(-7.89%), 에코프로비엠(-9.73%) 등이다.",
        "sentenceSize": 162
      },
      {
        "sentenceNo": 12,
        "sentenceContent": "외국인은 727억원 순매수했다.",
        "sentenceSize": 17
      },
      {
        "sentenceNo": 13,
        "sentenceContent": "개인은 640억, 기관은 15억원 순매도했다.",
        "sentenceSize": 25
      }
    ]
  },
  "labeledDataInfo": {
    "newTitle": "코스피 연저점 갱신... 外人 팔고 기관 샀다?",
    "clickbaitClass": 0,
    "referSentenceInfo": [
      {
        "sentenceNo": 1,
        "referSentenceyn": "Y"
      },
      {
        "sentenceNo": 2,
        "referSentenceyn": "N"
      },
      {
        "sentenceNo": 3,
        "referSentenceyn": "N"
      },
      {
        "sentenceNo": 4,
        "referSentenceyn": "N"
      },
      {
        "sentenceNo": 5,
        "referSentenceyn": "N"
      },
      {
        "sentenceNo": 6,
        "referSentenceyn": "N"
      },
      {
        "sentenceNo": 7,
        "referSentenceyn": "N"
      },
      {
        "sentenceNo": 8,
        "referSentenceyn": "N"
      },
      {
        "sentenceNo": 9,
        "referSentenceyn": "N"
      },
      {
        "sentenceNo": 10,
        "referSentenceyn": "N"
      },
      {
        "sentenceNo": 11,
        "referSentenceyn": "N"
      },
      {
        "sentenceNo": 12,
        "referSentenceyn": "N"
      },
      {
        "sentenceNo": 13,
        "referSentenceyn": "N"
      }
    ]
  }
}