{
  "sourceDataInfo": {
    "newsID": "EC_M02_158105",
    "newsCategory": "경제",
    "newsSubcategory": "보험",
    "newsTitle": "지난해 실손보험 적자 3조원 육박…과잉진료 여파",
    "newsSubTitle": "비급여 보험금 늘자 실손보험 적자폭 크게 증가 당국·보험사 4세대 실손보험 전환 적극 유도",
    "newsContent": "과잉진료 등으로 인해 실손보험의 적자가 점차 늘고 있다.\n3조원에 육박하는 실손보험 적자를 해결하기 위해 손보업계의 고심이 깊어지는 상황이다.\n실손보험은 보험자 가입자가 병원 치료 시 부담한 의료비의 일정액을 보장하는 보험상품이다.\n2일 금융감독원에 따르면 지난해 실손보험의 보험 손익은 2조8600억원 적자로 전년보다 적자폭이 3600억원 더 늘었다.\n보험 손익은 보험료 수익에서 발생 손해액과 실제 사업비를 뺀 액수다.\n앞서 보험업계는 지난해 실손보험료를 15%가량 인상한 바 있다.\n하지만 경과손해율은 113.1%로 전년보다 1.3%포인트 늘었다.\n경과손해율은 발생 손해액(보험금 지급액 등)을 경과보험료로 나눈 비율로 손해보험업계에서 손해율은 일반적으로 경과손해율을 의미한다.\n금감원 관계자는 데일리임팩트에 \\\"실손보험에서 대규모 적자가 나는 이유는 기존 1~3세대 상품을 중심으로 자기부담비율이 낮은 과거 실손보험 판매 상품의 과잉 의료 이용에 대한 효율적인 견제 장치가 없기 때문으로 보인다\\\"고 설명했다.\n지난해 12월 말 기준 실손보험 보유 계약은 3550만건으로 전년 대비 54만건 증가했다.\n실손 보험료 수익은 신규 가입 및 보험료 인상 등으로 11조6000억원을 기록해 1조1000억원 늘었다.\n실손보험 적자가 커진 것은 가격이 비싼 비급여 보험금이 많기 때문이다.\n2020년 비급여 진료 항목의 금액 비중을 보면 도수치료가 12.8%로 가장 높았고 조절성 인공수정체(8.7%), 체외충격파 치료(4.8%), 자기공명영상장치(MRI) 근골격계(4.4%) 등의 순이었다.\n의원급에서는 비급여 항목 중 백내장 수술을 위한 조절성 인공수정체 관련 진료가 전년 대비 10.8%포인트 늘어 가장 컸다.\n자궁 근종 고강도 초음파 장비를 동원한 '하이푸' 시술, 코막힘 증상 해결을 위한 '비밸브 재건술' 등도 많이 늘어 과잉 의료 논란이 일고 있다.\n금감원은 이처럼 실손보험의 대규모 적자가 지속되자 4세대 실손보험 전환을 적극적으로 유도할 방침이다.\n이를 위해 온라인 계약 전환을 유도하고 보험사 경영실태평가에 반영할 예정이다.\n손해보험사들도 실손보험 비급여 진료비 통계를 체계적으로 정비하고 분석해 이상 징후에 대해 관계 당국과 공유 및 논의하기로 했다.",
    "partNum": "P1",
    "useType": 0,
    "processType": "D",
    "processPattern": "11",
    "processLevel": "하",
    "sentenceCount": 18,
    "sentenceInfo": [
      {
        "sentenceNo": 1,
        "sentenceContent": "과잉진료 등으로 인해 실손보험의 적자가 점차 늘고 있다.",
        "sentenceSize": 31
      },
      {
        "sentenceNo": 2,
        "sentenceContent": "3조원에 육박하는 실손보험 적자를 해결하기 위해 손보업계의 고심이 깊어지는 상황이다.",
        "sentenceSize": 47
      },
      {
        "sentenceNo": 3,
        "sentenceContent": "실손보험은 보험자 가입자가 병원 치료 시 부담한 의료비의 일정액을 보장하는 보험상품이다.",
        "sentenceSize": 49
      },
      {
        "sentenceNo": 4,
        "sentenceContent": "2일 금융감독원에 따르면 지난해 실손보험의 보험 손익은 2조8600억원 적자로 전년보다 적자폭이 3600억원 더 늘었다.",
        "sentenceSize": 67
      },
      {
        "sentenceNo": 5,
        "sentenceContent": "보험 손익은 보험료 수익에서 발생 손해액과 실제 사업비를 뺀 액수다.",
        "sentenceSize": 38
      },
      {
        "sentenceNo": 6,
        "sentenceContent": "앞서 보험업계는 지난해 실손보험료를 15%가량 인상한 바 있다.",
        "sentenceSize": 35
      },
      {
        "sentenceNo": 7,
        "sentenceContent": "하지만 경과손해율은 113.1%로 전년보다 1.3%포인트 늘었다.",
        "sentenceSize": 36
      },
      {
        "sentenceNo": 8,
        "sentenceContent": "경과손해율은 발생 손해액(보험금 지급액 등)을 경과보험료로 나눈 비율로 손해보험업계에서 손해율은 일반적으로 경과손해율을 의미한다.",
        "sentenceSize": 72
      },
      {
        "sentenceNo": 9,
        "sentenceContent": "금감원 관계자는 데일리임팩트에 \\\"실손보험에서 대규모 적자가 나는 이유는 기존 1~3세대 상품을 중심으로 자기부담비율이 낮은 과거 실손보험 판매 상품의 과잉 의료 이용에 대한 효율적인 견제 장치가 없기 때문으로 보인다\\\"고 설명했다.",
        "sentenceSize": 130
      },
      {
        "sentenceNo": 10,
        "sentenceContent": "지난해 12월 말 기준 실손보험 보유 계약은 3550만건으로 전년 대비 54만건 증가했다.",
        "sentenceSize": 50
      },
      {
        "sentenceNo": 11,
        "sentenceContent": "실손 보험료 수익은 신규 가입 및 보험료 인상 등으로 11조6000억원을 기록해 1조1000억원 늘었다.",
        "sentenceSize": 58
      },
      {
        "sentenceNo": 12,
        "sentenceContent": "실손보험 적자가 커진 것은 가격이 비싼 비급여 보험금이 많기 때문이다.",
        "sentenceSize": 39
      },
      {
        "sentenceNo": 13,
        "sentenceContent": "2020년 비급여 진료 항목의 금액 비중을 보면 도수치료가 12.8%로 가장 높았고 조절성 인공수정체(8.7%), 체외충격파 치료(4.8%), 자기공명영상장치(MRI) 근골격계(4.4%) 등의 순이었다.",
        "sentenceSize": 113
      },
      {
        "sentenceNo": 14,
        "sentenceContent": "의원급에서는 비급여 항목 중 백내장 수술을 위한 조절성 인공수정체 관련 진료가 전년 대비 10.8%포인트 늘어 가장 컸다.",
        "sentenceSize": 68
      },
      {
        "sentenceNo": 15,
        "sentenceContent": "자궁 근종 고강도 초음파 장비를 동원한 '하이푸' 시술, 코막힘 증상 해결을 위한 '비밸브 재건술' 등도 많이 늘어 과잉 의료 논란이 일고 있다.",
        "sentenceSize": 81
      },
      {
        "sentenceNo": 16,
        "sentenceContent": "금감원은 이처럼 실손보험의 대규모 적자가 지속되자 4세대 실손보험 전환을 적극적으로 유도할 방침이다.",
        "sentenceSize": 56
      },
      {
        "sentenceNo": 17,
        "sentenceContent": "이를 위해 온라인 계약 전환을 유도하고 보험사 경영실태평가에 반영할 예정이다.",
        "sentenceSize": 43
      },
      {
        "sentenceNo": 18,
        "sentenceContent": "손해보험사들도 실손보험 비급여 진료비 통계를 체계적으로 정비하고 분석해 이상 징후에 대해 관계 당국과 공유 및 논의하기로 했다.",
        "sentenceSize": 71
      }
    ]
  },
  "labeledDataInfo": {
    "newTitle": "과잉진료 여파로 인한 실손보험 적자 늘어... 대체 얼마나?",
    "clickbaitClass": 0,
    "referSentenceInfo": [
      {
        "sentenceNo": 1,
        "referSentenceyn": "Y"
      },
      {
        "sentenceNo": 2,
        "referSentenceyn": "N"
      },
      {
        "sentenceNo": 3,
        "referSentenceyn": "N"
      },
      {
        "sentenceNo": 4,
        "referSentenceyn": "N"
      },
      {
        "sentenceNo": 5,
        "referSentenceyn": "N"
      },
      {
        "sentenceNo": 6,
        "referSentenceyn": "N"
      },
      {
        "sentenceNo": 7,
        "referSentenceyn": "N"
      },
      {
        "sentenceNo": 8,
        "referSentenceyn": "N"
      },
      {
        "sentenceNo": 9,
        "referSentenceyn": "N"
      },
      {
        "sentenceNo": 10,
        "referSentenceyn": "N"
      },
      {
        "sentenceNo": 11,
        "referSentenceyn": "N"
      },
      {
        "sentenceNo": 12,
        "referSentenceyn": "N"
      },
      {
        "sentenceNo": 13,
        "referSentenceyn": "N"
      },
      {
        "sentenceNo": 14,
        "referSentenceyn": "N"
      },
      {
        "sentenceNo": 15,
        "referSentenceyn": "N"
      },
      {
        "sentenceNo": 16,
        "referSentenceyn": "N"
      },
      {
        "sentenceNo": 17,
        "referSentenceyn": "N"
      },
      {
        "sentenceNo": 18,
        "referSentenceyn": "N"
      }
    ]
  }
}