{
  "sourceDataInfo": {
    "newsID": "EC_M02_156545",
    "newsCategory": "경제",
    "newsSubcategory": "카드",
    "newsTitle": "'소비심리 회복 여파'…지난해 카드사 순익 약 34%증가",
    "newsSubTitle": "8대 전업카드사 지난해 2조7138억원 순익 기록 소비심리 회복에 따른 '보복 소비' 증가 영향 분석",
    "newsContent": "지난해 국내 카드사의 순이익이 전년 대비 34% 가량 증가한 것으로 나타났다.\n이는 코로나19 사태 속에서도 소비심리의 점진적 회복과 비대면 결제 증가의 영향으로 해석된다.\n금융감독원은 전업 카드사 8곳(신한·삼성·현대·롯데·비씨·우리·하나·KB국민카드)의 지난해 당기순익(IFRS 기준)이 전년 대비 33.9%(6874억원) 늘어난 2조7138억원으로 잠정 집계됐다고 28일 밝혔다.\n카드사의 핵심 수익원인 가맹점수수료 수익은 7조7031억원을 기록하며 지난 2020년 7조848억원보다 8.7%(6138억원) 늘어났다.\n반면 비용은 8764억원(4.8%) 늘어나는 데 그쳤다.\n또 지난해 기준, 전업 카드사 8곳과 겸영은행 카드사 11곳을 포함한 전체 신용·체크카드 이용액은 960조6000억원으로 전년 대비 9.5%(83조3000억원) 증가했다.\n특히 신용카드 이용액은 779조원을 기록하며 전년 대비 73조7000억원(10.4%) 급증했다.\n금감원 관계자는 데일리임팩트에 \\\"이 같은 카드 업계의 순익 증가는 보복 소비로 인한 카드 사용액 급증이 영향을 미친 것으로 보인다\\\"라고 설명했다.\n또 지난해 말 기준 8개 전업카드사의 연체율은 1.09%로 전년 말 대비 0.2%p 내려가며 양호한 건전성 수준을 보였다.\n대출 부실에 대비해 쌓는 대손충당금 또한 지난해 7701억원 추가로 적립해 연말 잔액은 9조6753억원을 기록했고, 고정이하여신 대비 대손충당금잔액 비율인 커버리지비율은 645%로 전년 말(555%) 대비 90%p 개선됐다.\n금감원은 \\\" 잠재부실의 가능성에 대비해 대출성 자산에 대한 대손충당금 추가 적립 등 손실흡수능력을 제고하도록 유도하겠다\\\"라며 \\\"최근 위기상황을 분석해 유동성 리스크에도 선제적으로 대비하도록 조치할 것\\\"이라고 밝혔다.",
    "partNum": "P1",
    "useType": 0,
    "processType": "D",
    "processPattern": "14",
    "processLevel": "중",
    "sentenceCount": 11,
    "sentenceInfo": [
      {
        "sentenceNo": 1,
        "sentenceContent": "지난해 국내 카드사의 순이익이 전년 대비 34% 가량 증가한 것으로 나타났다.",
        "sentenceSize": 43
      },
      {
        "sentenceNo": 2,
        "sentenceContent": "이는 코로나19 사태 속에서도 소비심리의 점진적 회복과 비대면 결제 증가의 영향으로 해석된다.",
        "sentenceSize": 52
      },
      {
        "sentenceNo": 3,
        "sentenceContent": "금융감독원은 전업 카드사 8곳(신한·삼성·현대·롯데·비씨·우리·하나·KB국민카드)의 지난해 당기순익(IFRS 기준)이 전년 대비 33.9%(6874억원) 늘어난 2조7138억원으로 잠정 집계됐다고 28일 밝혔다.",
        "sentenceSize": 118
      },
      {
        "sentenceNo": 4,
        "sentenceContent": "카드사의 핵심 수익원인 가맹점수수료 수익은 7조7031억원을 기록하며 지난 2020년 7조848억원보다 8.7%(6138억원) 늘어났다.",
        "sentenceSize": 76
      },
      {
        "sentenceNo": 5,
        "sentenceContent": "반면 비용은 8764억원(4.8%) 늘어나는 데 그쳤다.",
        "sentenceSize": 31
      },
      {
        "sentenceNo": 6,
        "sentenceContent": "또 지난해 기준, 전업 카드사 8곳과 겸영은행 카드사 11곳을 포함한 전체 신용·체크카드 이용액은 960조6000억원으로 전년 대비 9.5%(83조3000억원) 증가했다.",
        "sentenceSize": 95
      },
      {
        "sentenceNo": 7,
        "sentenceContent": "특히 신용카드 이용액은 779조원을 기록하며 전년 대비 73조7000억원(10.4%) 급증했다.",
        "sentenceSize": 53
      },
      {
        "sentenceNo": 8,
        "sentenceContent": "금감원 관계자는 데일리임팩트에 \\\"이 같은 카드 업계의 순익 증가는 보복 소비로 인한 카드 사용액 급증이 영향을 미친 것으로 보인다\\\"라고 설명했다.",
        "sentenceSize": 83
      },
      {
        "sentenceNo": 9,
        "sentenceContent": "또 지난해 말 기준 8개 전업카드사의 연체율은 1.09%로 전년 말 대비 0.2%p 내려가며 양호한 건전성 수준을 보였다.",
        "sentenceSize": 68
      },
      {
        "sentenceNo": 10,
        "sentenceContent": "대출 부실에 대비해 쌓는 대손충당금 또한 지난해 7701억원 추가로 적립해 연말 잔액은 9조6753억원을 기록했고, 고정이하여신 대비 대손충당금잔액 비율인 커버리지비율은 645%로 전년 말(555%) 대비 90%p 개선됐다.",
        "sentenceSize": 125
      },
      {
        "sentenceNo": 11,
        "sentenceContent": "금감원은 \\\" 잠재부실의 가능성에 대비해 대출성 자산에 대한 대손충당금 추가 적립 등 손실흡수능력을 제고하도록 유도하겠다\\\"라며 \\\"최근 위기상황을 분석해 유동성 리스크에도 선제적으로 대비하도록 조치할 것\\\"이라고 밝혔다.",
        "sentenceSize": 124
      }
    ]
  },
  "labeledDataInfo": {
    "newTitle": "지난해 국내 카드사의 순이익 전년 대비 무려 34%가량 증가?! 머선 129",
    "clickbaitClass": 0,
    "referSentenceInfo": [
      {
        "sentenceNo": 1,
        "referSentenceyn": "Y"
      },
      {
        "sentenceNo": 2,
        "referSentenceyn": "N"
      },
      {
        "sentenceNo": 3,
        "referSentenceyn": "N"
      },
      {
        "sentenceNo": 4,
        "referSentenceyn": "N"
      },
      {
        "sentenceNo": 5,
        "referSentenceyn": "N"
      },
      {
        "sentenceNo": 6,
        "referSentenceyn": "N"
      },
      {
        "sentenceNo": 7,
        "referSentenceyn": "N"
      },
      {
        "sentenceNo": 8,
        "referSentenceyn": "N"
      },
      {
        "sentenceNo": 9,
        "referSentenceyn": "N"
      },
      {
        "sentenceNo": 10,
        "referSentenceyn": "N"
      },
      {
        "sentenceNo": 11,
        "referSentenceyn": "N"
      }
    ]
  }
}