{
  "sourceDataInfo": {
    "newsID": "EC_M02_160497",
    "newsCategory": "경제",
    "newsSubcategory": "산업",
    "newsTitle": "2020년도 웹툰 영상화 활발...이태원클라쓰·메모리스트 온다",
    "newsSubTitle": "",
    "newsContent": "2020년에도 웹툰의 영상화가 활발히 진행될 예정이다.\n17일 카카오에 따르면, 올해 다음웹툰을 원작으로 한 7개의 드라마, 영화가 공개될 예정이다.\n가장 빨리 대중을 찾아온 것은 영화 '해치지않아'다.\n다음웹툰에서 연재된 동명의 웹툰이 원작이며, 천만 영화 '극한직업' 제작사 어바웃필름이 제작했다.\n지난 15일 개봉했다.\n31일부터 JTBC에서 방영될 드라마 '이태원클라쓰'가 뒤를 잇는다.\n원작 '이태원클라쓰'의 광진 작가가 직접 드라마 극본에 참여했으며, 박서준, 유재명, 김다미, 권나라 등 싱크로율 100% 캐스팅으로 화제를 모았다.\n2020년 상반기에는 다음웹툰 '메모리스트', '쌍갑포차'가 드라마화돼 각각 tvN과 JTBC에서 방영될 예정이며, 정우성, 곽도원, 유연석이 주연을 맡은 '정상회담'은 영화로 재탄생된다.\nKBS에서 방영될 드라마 '망자의 서'와 '계약우정'은 카카오M의 드라마 제작사 '메가몬스터'가 제작을 맡았다.\n최근 콘텐츠 플랫폼들은 웹툰을 원작으로 OSMU 전략을 펼치고 있다.\nOSMU(One Source Multi-use)는 한 IP를 여러 곳에 활용한다는 의미로, 웹툰을 소재로 영화, 드라마화, 게임화 등 다양한 2차 저작물을 만들어낸다는 것이다.\n특히 웹툰은 이미 작품성에 대한 1차 검증을 마친 상태이기 때문에 대중의 선택을 받을 가능성이 높다.\n지난해 네이버는 '타인은 지옥이다', '쌉니다 천리마마트', 카카오는 '어쩌다 발견한 하루', '좋아하면 울리는'의 흥행으로 쏠쏠한 재미를 봤다.\n김준구 네이버웹툰 대표는 지난해 9월 서비스 밋업에서 \\\"웹툰은 작가 혼자서도 방대한 스토리텔링 콘텐츠를 만들 수 있고, 영상화하기 좋은 포맷과 다양한 소재를 갖춘 만큼 글로벌 엔터테인먼트 산업의 원천 콘텐츠로서 활용될 수 있는 잠재력이 가장 높다\\\"고 밝힌 바 있다.\n플랫폼 기업들은 IP와 영상제작 역량을 확보해 소재부터 영상화, 유통까지 수직계열화하는 양상을 보인다.\n카카오는 공격적으로 영화 제작사, 연예인 소속사 등을 인수합병해왔으며, IP투자에도 돈을 아끼지 않았다.\nIP(소재)->배우(출연진)->제작->유통으로 이어지는 밸류체인을 완성했다.\n네이버웹툰 또한 비슷한 밸류체인을 추구하고 있다.\n영상 기획/개발 담당 자회사 스튜디오N을 통해 자사 IP를 적극 개발한다.\n스튜디오N은 올해 웹툰 원작의 드라마 '스위트홈'을 스튜디오드래곤과 공동 제작할 계획이다.\n넷플릭스의 오리지널 시리즈로 공개된다. '스위트홈'은 김칸비/황영찬 작가의 인기 스릴러 웹툰으로, 은둔형 외톨이 고등학생 현수가 가족을 잃고 이사 간 아파트에서 겪는 기괴하고 충격적인 이야기를 그린 작품이다.\n네이버 관계자는 미디어SR에 \\\"세계적으로 새로운 IP에 대한 수요가 높아지고 있는 추세에서 네이버웹툰은 경쟁력 있는 스토리IP를 다수 확보하고 있는 플랫폼으로 자리잡고 있다\\\"며 \\\"탄탄한 캐릭터와 특유의 장르성을 기반으로 영상, 게임, 캐릭터 상품화 등으로 다양하게 뻗어나가며 OSMU의 원천 콘텐츠로서 네이버웹툰의 역량을 입증하고 있다\\\"고 전했다.",
    "partNum": "P1",
    "useType": 0,
    "processType": "D",
    "processPattern": "15",
    "processLevel": "중",
    "sentenceCount": 22,
    "sentenceInfo": [
      {
        "sentenceNo": 1,
        "sentenceContent": "2020년에도 웹툰의 영상화가 활발히 진행될 예정이다.",
        "sentenceSize": 30
      },
      {
        "sentenceNo": 2,
        "sentenceContent": "17일 카카오에 따르면, 올해 다음웹툰을 원작으로 한 7개의 드라마, 영화가 공개될 예정이다.",
        "sentenceSize": 52
      },
      {
        "sentenceNo": 3,
        "sentenceContent": "가장 빨리 대중을 찾아온 것은 영화 '해치지않아'다.",
        "sentenceSize": 29
      },
      {
        "sentenceNo": 4,
        "sentenceContent": "다음웹툰에서 연재된 동명의 웹툰이 원작이며, 천만 영화 '극한직업' 제작사 어바웃필름이 제작했다.",
        "sentenceSize": 54
      },
      {
        "sentenceNo": 5,
        "sentenceContent": "지난 15일 개봉했다.",
        "sentenceSize": 12
      },
      {
        "sentenceNo": 6,
        "sentenceContent": "31일부터 JTBC에서 방영될 드라마 '이태원클라쓰'가 뒤를 잇는다.",
        "sentenceSize": 38
      },
      {
        "sentenceNo": 7,
        "sentenceContent": "원작 '이태원클라쓰'의 광진 작가가 직접 드라마 극본에 참여했으며, 박서준, 유재명, 김다미, 권나라 등 싱크로율 100% 캐스팅으로 화제를 모았다.",
        "sentenceSize": 83
      },
      {
        "sentenceNo": 8,
        "sentenceContent": "2020년 상반기에는 다음웹툰 '메모리스트', '쌍갑포차'가 드라마화돼 각각 tvN과 JTBC에서 방영될 예정이며, 정우성, 곽도원, 유연석이 주연을 맡은 '정상회담'은 영화로 재탄생된다.",
        "sentenceSize": 105
      },
      {
        "sentenceNo": 9,
        "sentenceContent": "KBS에서 방영될 드라마 '망자의 서'와 '계약우정'은 카카오M의 드라마 제작사 '메가몬스터'가 제작을 맡았다.",
        "sentenceSize": 62
      },
      {
        "sentenceNo": 10,
        "sentenceContent": "최근 콘텐츠 플랫폼들은 웹툰을 원작으로 OSMU 전략을 펼치고 있다.",
        "sentenceSize": 38
      },
      {
        "sentenceNo": 11,
        "sentenceContent": "OSMU(One Source Multi-use)는 한 IP를 여러 곳에 활용한다는 의미로, 웹툰을 소재로 영화, 드라마화, 게임화 등 다양한 2차 저작물을 만들어낸다는 것이다.",
        "sentenceSize": 98
      },
      {
        "sentenceNo": 12,
        "sentenceContent": "특히 웹툰은 이미 작품성에 대한 1차 검증을 마친 상태이기 때문에 대중의 선택을 받을 가능성이 높다.",
        "sentenceSize": 56
      },
      {
        "sentenceNo": 13,
        "sentenceContent": "지난해 네이버는 '타인은 지옥이다', '쌉니다 천리마마트', 카카오는 '어쩌다 발견한 하루', '좋아하면 울리는'의 흥행으로 쏠쏠한 재미를 봤다.",
        "sentenceSize": 81
      },
      {
        "sentenceNo": 14,
        "sentenceContent": "김준구 네이버웹툰 대표는 지난해 9월 서비스 밋업에서 \\\"웹툰은 작가 혼자서도 방대한 스토리텔링 콘텐츠를 만들 수 있고, 영상화하기 좋은 포맷과 다양한 소재를 갖춘 만큼 글로벌 엔터테인먼트 산업의 원천 콘텐츠로서 활용될 수 있는 잠재력이 가장 높다\\\"고 밝힌 바 있다.",
        "sentenceSize": 150
      },
      {
        "sentenceNo": 15,
        "sentenceContent": "플랫폼 기업들은 IP와 영상제작 역량을 확보해 소재부터 영상화, 유통까지 수직계열화하는 양상을 보인다.",
        "sentenceSize": 57
      },
      {
        "sentenceNo": 16,
        "sentenceContent": "카카오는 공격적으로 영화 제작사, 연예인 소속사 등을 인수합병해왔으며, IP투자에도 돈을 아끼지 않았다.",
        "sentenceSize": 58
      },
      {
        "sentenceNo": 17,
        "sentenceContent": "IP(소재)->배우(출연진)->제작->유통으로 이어지는 밸류체인을 완성했다.",
        "sentenceSize": 42
      },
      {
        "sentenceNo": 18,
        "sentenceContent": "네이버웹툰 또한 비슷한 밸류체인을 추구하고 있다.",
        "sentenceSize": 27
      },
      {
        "sentenceNo": 19,
        "sentenceContent": "영상 기획/개발 담당 자회사 스튜디오N을 통해 자사 IP를 적극 개발한다.",
        "sentenceSize": 41
      },
      {
        "sentenceNo": 20,
        "sentenceContent": "스튜디오N은 올해 웹툰 원작의 드라마 '스위트홈'을 스튜디오드래곤과 공동 제작할 계획이다.",
        "sentenceSize": 50
      },
      {
        "sentenceNo": 21,
        "sentenceContent": "넷플릭스의 오리지널 시리즈로 공개된다. '스위트홈'은 김칸비/황영찬 작가의 인기 스릴러 웹툰으로, 은둔형 외톨이 고등학생 현수가 가족을 잃고 이사 간 아파트에서 겪는 기괴하고 충격적인 이야기를 그린 작품이다.",
        "sentenceSize": 116
      },
      {
        "sentenceNo": 22,
        "sentenceContent": "네이버 관계자는 미디어SR에 \\\"세계적으로 새로운 IP에 대한 수요가 높아지고 있는 추세에서 네이버웹툰은 경쟁력 있는 스토리IP를 다수 확보하고 있는 플랫폼으로 자리잡고 있다\\\"며 \\\"탄탄한 캐릭터와 특유의 장르성을 기반으로 영상, 게임, 캐릭터 상품화 등으로 다양하게 뻗어나가며 OSMU의 원천 콘텐츠로서 네이버웹툰의 역량을 입증하고 있다\\\"고 전했다.",
        "sentenceSize": 198
      }
    ]
  },
  "labeledDataInfo": {
    "newTitle": "카카오, 영상 제작 위해 IP투자와 인수합병에 핵폭탄급 투자",
    "clickbaitClass": 0,
    "referSentenceInfo": [
      {
        "sentenceNo": 1,
        "referSentenceyn": "N"
      },
      {
        "sentenceNo": 2,
        "referSentenceyn": "N"
      },
      {
        "sentenceNo": 3,
        "referSentenceyn": "N"
      },
      {
        "sentenceNo": 4,
        "referSentenceyn": "N"
      },
      {
        "sentenceNo": 5,
        "referSentenceyn": "N"
      },
      {
        "sentenceNo": 6,
        "referSentenceyn": "N"
      },
      {
        "sentenceNo": 7,
        "referSentenceyn": "N"
      },
      {
        "sentenceNo": 8,
        "referSentenceyn": "N"
      },
      {
        "sentenceNo": 9,
        "referSentenceyn": "N"
      },
      {
        "sentenceNo": 10,
        "referSentenceyn": "N"
      },
      {
        "sentenceNo": 11,
        "referSentenceyn": "N"
      },
      {
        "sentenceNo": 12,
        "referSentenceyn": "N"
      },
      {
        "sentenceNo": 13,
        "referSentenceyn": "N"
      },
      {
        "sentenceNo": 14,
        "referSentenceyn": "N"
      },
      {
        "sentenceNo": 15,
        "referSentenceyn": "N"
      },
      {
        "sentenceNo": 16,
        "referSentenceyn": "Y"
      },
      {
        "sentenceNo": 17,
        "referSentenceyn": "N"
      },
      {
        "sentenceNo": 18,
        "referSentenceyn": "N"
      },
      {
        "sentenceNo": 19,
        "referSentenceyn": "N"
      },
      {
        "sentenceNo": 20,
        "referSentenceyn": "N"
      },
      {
        "sentenceNo": 21,
        "referSentenceyn": "N"
      },
      {
        "sentenceNo": 22,
        "referSentenceyn": "N"
      }
    ]
  }
}