{
  "sourceDataInfo": {
    "newsID": "EC_M02_156499",
    "newsCategory": "경제",
    "newsSubcategory": "은행",
    "newsTitle": "신한은행, \\\"모든 업무공간에서 'ESG' 실천한다\\\"",
    "newsSubTitle": "신한은행, ‘신한 ESG 실천 빌딩’ 선언 \\\"ESG실천 문화 조성해 지속적 추진\\\"",
    "newsContent": "신한은행은 일상 생활 속에서 ESG(환경‧사회‧지배구조)를 실천하는 문화를 만들기 위해 은행 내 모든 공간을 '신한 ESG 실천 빌딩'으로 12일 선언했다고 밝혔다. '신한 ESG 실천 빌딩'은 환경과 사회적 책임에 대한 임직원의 공감과 이해를 바탕으로 일상 생활 속에서 ESG를 실천하는 문화를 만들고 ESG 실천을 지속적으로 추진하는 공간이다.\n먼저 본점 구내식당 도시락 용기를 친환경 제품으로 교체하고 건물 내 친환경 건축자재 사용을 30%까지 점차 확대하는 등 본점에 대한 환경성을 강화한다.\n또한 영업점에서 고객에게 제공하는 사은품을 친환경 장바구니, 공기정화식물 등 친환경 제품으로 변경하고 향후 사회적 기업 제품으로 확대하며 비환경성 제품은 즉시 제외하기로 했다.\n아울러 임직원을 대상으로 일상생활 속에서 쉽게 실천할 수 있는 ESG 활동이 담긴 'ESG 실천 가이드'도 공유해 자발적인 참여를 확대할 계획이다.\n신한은행은 지속적인 ESG실천을 위해 ESG 관련 다양한 캠페인도 실시하기로 했다.\n우선 임직원을 대상으로 환경부가 주관하는 '온실가스 1인 1톤 줄이기 실천서약' 참여 캠페인을 진행해 생활속 작은 실천으로 온실가스 감축을 지향하는 국민운동에 적극 동참키로 했다.\n또한 조깅을 하면서 쓰레기를 줍는 환경운동인 플로깅 릴레이 캠페인과 사회적 기업을 통해 폐 현수막과 결재판으로 에코백 등을 제작하는 업사이클링 캠페인 등도 검토하고 있다.\n신한은행 관계자는 미디어SR에 \\\"앞으로도 임직원들이 일상생활 속에서 자연스럽고 손쉽게 ESG를 지속적으로 실천할 수 있도록 다양한 방법으로 지원할 계획\\\"이라고 설명했다.\n아울러 신한은행은 ESG 실천 우수사례 및 아이디어 공모전을 통해 참신하면서 실천 가능성이 높은 ESG 활동을 지속적으로 발굴하고 전파하기로 했다.\n특히 ESG 관련 CoP(Communities of Practice, 지식공동체)를 운영해 임직원들이 ESG 사업 아이디어를 제시하고 ESG 프로젝트를 수행하는 과정을 통해 ESG 역량도 강화키로 했다.\n신한은행 관계자는 \\\"ESG 경영에서 가장 중요한 것은 실천하는 문화\\\"라며 \\\"이번 'ESG 실천 빌딩' 선언을 시작으로 '신한'만의 실천하는 문화를 정립해 ESG 경영을 선도해나가겠다\\\"고 밝혔다.",
    "partNum": "P1",
    "useType": 0,
    "processType": "D",
    "processPattern": "14",
    "processLevel": "중",
    "sentenceCount": 11,
    "sentenceInfo": [
      {
        "sentenceNo": 1,
        "sentenceContent": "신한은행은 일상 생활 속에서 ESG(환경‧사회‧지배구조)를 실천하는 문화를 만들기 위해 은행 내 모든 공간을 '신한 ESG 실천 빌딩'으로 12일 선언했다고 밝혔다. '신한 ESG 실천 빌딩'은 환경과 사회적 책임에 대한 임직원의 공감과 이해를 바탕으로 일상 생활 속에서 ESG를 실천하는 문화를 만들고 ESG 실천을 지속적으로 추진하는 공간이다.",
        "sentenceSize": 194
      },
      {
        "sentenceNo": 2,
        "sentenceContent": "먼저 본점 구내식당 도시락 용기를 친환경 제품으로 교체하고 건물 내 친환경 건축자재 사용을 30%까지 점차 확대하는 등 본점에 대한 환경성을 강화한다.",
        "sentenceSize": 84
      },
      {
        "sentenceNo": 3,
        "sentenceContent": "또한 영업점에서 고객에게 제공하는 사은품을 친환경 장바구니, 공기정화식물 등 친환경 제품으로 변경하고 향후 사회적 기업 제품으로 확대하며 비환경성 제품은 즉시 제외하기로 했다.",
        "sentenceSize": 98
      },
      {
        "sentenceNo": 4,
        "sentenceContent": "아울러 임직원을 대상으로 일상생활 속에서 쉽게 실천할 수 있는 ESG 활동이 담긴 'ESG 실천 가이드'도 공유해 자발적인 참여를 확대할 계획이다.",
        "sentenceSize": 82
      },
      {
        "sentenceNo": 5,
        "sentenceContent": "신한은행은 지속적인 ESG실천을 위해 ESG 관련 다양한 캠페인도 실시하기로 했다.",
        "sentenceSize": 46
      },
      {
        "sentenceNo": 6,
        "sentenceContent": "우선 임직원을 대상으로 환경부가 주관하는 '온실가스 1인 1톤 줄이기 실천서약' 참여 캠페인을 진행해 생활속 작은 실천으로 온실가스 감축을 지향하는 국민운동에 적극 동참키로 했다.",
        "sentenceSize": 100
      },
      {
        "sentenceNo": 7,
        "sentenceContent": "또한 조깅을 하면서 쓰레기를 줍는 환경운동인 플로깅 릴레이 캠페인과 사회적 기업을 통해 폐 현수막과 결재판으로 에코백 등을 제작하는 업사이클링 캠페인 등도 검토하고 있다.",
        "sentenceSize": 95
      },
      {
        "sentenceNo": 8,
        "sentenceContent": "신한은행 관계자는 미디어SR에 \\\"앞으로도 임직원들이 일상생활 속에서 자연스럽고 손쉽게 ESG를 지속적으로 실천할 수 있도록 다양한 방법으로 지원할 계획\\\"이라고 설명했다.",
        "sentenceSize": 96
      },
      {
        "sentenceNo": 9,
        "sentenceContent": "아울러 신한은행은 ESG 실천 우수사례 및 아이디어 공모전을 통해 참신하면서 실천 가능성이 높은 ESG 활동을 지속적으로 발굴하고 전파하기로 했다.",
        "sentenceSize": 82
      },
      {
        "sentenceNo": 10,
        "sentenceContent": "특히 ESG 관련 CoP(Communities of Practice, 지식공동체)를 운영해 임직원들이 ESG 사업 아이디어를 제시하고 ESG 프로젝트를 수행하는 과정을 통해 ESG 역량도 강화키로 했다.",
        "sentenceSize": 113
      },
      {
        "sentenceNo": 11,
        "sentenceContent": "신한은행 관계자는 \\\"ESG 경영에서 가장 중요한 것은 실천하는 문화\\\"라며 \\\"이번 'ESG 실천 빌딩' 선언을 시작으로 '신한'만의 실천하는 문화를 정립해 ESG 경영을 선도해나가겠다\\\"고 밝혔다.",
        "sentenceSize": 112
      }
    ]
  },
  "labeledDataInfo": {
    "newTitle": "신한은행, 생활 속 가심비 높은 ESG 실천...",
    "clickbaitClass": 0,
    "referSentenceInfo": [
      {
        "sentenceNo": 1,
        "referSentenceyn": "Y"
      },
      {
        "sentenceNo": 2,
        "referSentenceyn": "N"
      },
      {
        "sentenceNo": 3,
        "referSentenceyn": "N"
      },
      {
        "sentenceNo": 4,
        "referSentenceyn": "N"
      },
      {
        "sentenceNo": 5,
        "referSentenceyn": "N"
      },
      {
        "sentenceNo": 6,
        "referSentenceyn": "N"
      },
      {
        "sentenceNo": 7,
        "referSentenceyn": "N"
      },
      {
        "sentenceNo": 8,
        "referSentenceyn": "N"
      },
      {
        "sentenceNo": 9,
        "referSentenceyn": "N"
      },
      {
        "sentenceNo": 10,
        "referSentenceyn": "N"
      },
      {
        "sentenceNo": 11,
        "referSentenceyn": "N"
      }
    ]
  }
}