{
  "sourceDataInfo": {
    "newsID": "EC_M02_157678",
    "newsCategory": "경제",
    "newsSubcategory": "산업",
    "newsTitle": "휴넷, 인공지능교육연구소 설립 인가...'AI 기반 에듀테크 기업으로'",
    "newsSubTitle": "인공지능교육 기업부설연구소 설립 AI 기반 에듀테크 기업으로 도약",
    "newsContent": "평생교육 전문기업 휴넷(대표 조영탁)이 AI 교육 연구소를 설립한다.\n휴넷은 한국산업기술진흥협회로부터 기업부설연구소 '인공지능교육연구소' 설립을 인가받았다고 9일 밝혔다.\n휴넷은 2016년부터 에듀테크 기반의 교육 솔루션에 많은 투자를 하며, 데이터 및 인공지능 분야 연구개발 역량을 강화해왔다.\n회사 측은 기업부설연구소 설립 인가를 통해 에듀테크 개발에 더욱 박차를 가할 수 있을 것으로 기대하고 있다.\n새 연구소의 소장은 휴넷 DT LAB 이용인 전무가 맡게 된다.\n인공지능교육연구소는 차세대 교육시스템인 LABS에 적용된 인공지능 튜터와 인공지능 큐레이션, 인공지능 기반 문장 유사성 분석 등에 대한 고도화 작업과 인공지능과 교육을 결합한 다양한 연구과제를 수행하게 된다.\n각 연구과제로는 △학습 및 교육 주제의 대화형 챗봇 △초 개인화 학습 비서, △CEO 코치 △빅데이터 기반 교육 콘텐츠 추천 및 학습 분석 솔루션 △인공지능 디자이너/개발자 △메타버스 △RPA 개발 등이 있다.\n또한 인공지능교육연구소의 연구개발 결과물은 향후 특허 출원을 계획하고 있다.\n한편 휴넷의 연간 학습자 수는 2020년 연결 기준 660만명을 기록하며, 2019년 372만명 대비 약 2배 가까이 늘었다.\n휴넷 관계자는 미디어SR에 \\\"코로나 19 확산 이후 비대면 자기계발 콘텐츠 수요가 늘어나는 가운데, 다양한 에듀테크 솔루션을 준비했던 것이 성장의 발판이 됐다\\\"고 설명했다.\n조영탁 휴넷 대표는 \\\"인공지능교육연구소가 휴넷이 한 단계 진화된 에듀테크 전문기업으로 도약할 수 있는 구심점이 될 것으로 기대하고 있다\\\"며 \\\"교육 선도기업으로서 인공지능 기술을 통해 교육의 질을 높이고, 학습자의 교육 효과를 극대화할 수 있도록 연구개발에 매진하겠다\\\"고 다짐했다.",
    "partNum": "P1",
    "useType": 0,
    "processType": "D",
    "processPattern": "11",
    "processLevel": "하",
    "sentenceCount": 11,
    "sentenceInfo": [
      {
        "sentenceNo": 1,
        "sentenceContent": "평생교육 전문기업 휴넷(대표 조영탁)이 AI 교육 연구소를 설립한다.",
        "sentenceSize": 38
      },
      {
        "sentenceNo": 2,
        "sentenceContent": "휴넷은 한국산업기술진흥협회로부터 기업부설연구소 '인공지능교육연구소' 설립을 인가받았다고 9일 밝혔다.",
        "sentenceSize": 56
      },
      {
        "sentenceNo": 3,
        "sentenceContent": "휴넷은 2016년부터 에듀테크 기반의 교육 솔루션에 많은 투자를 하며, 데이터 및 인공지능 분야 연구개발 역량을 강화해왔다.",
        "sentenceSize": 69
      },
      {
        "sentenceNo": 4,
        "sentenceContent": "회사 측은 기업부설연구소 설립 인가를 통해 에듀테크 개발에 더욱 박차를 가할 수 있을 것으로 기대하고 있다.",
        "sentenceSize": 60
      },
      {
        "sentenceNo": 5,
        "sentenceContent": "새 연구소의 소장은 휴넷 DT LAB 이용인 전무가 맡게 된다.",
        "sentenceSize": 35
      },
      {
        "sentenceNo": 6,
        "sentenceContent": "인공지능교육연구소는 차세대 교육시스템인 LABS에 적용된 인공지능 튜터와 인공지능 큐레이션, 인공지능 기반 문장 유사성 분석 등에 대한 고도화 작업과 인공지능과 교육을 결합한 다양한 연구과제를 수행하게 된다.",
        "sentenceSize": 116
      },
      {
        "sentenceNo": 7,
        "sentenceContent": "각 연구과제로는 △학습 및 교육 주제의 대화형 챗봇 △초 개인화 학습 비서, △CEO 코치 △빅데이터 기반 교육 콘텐츠 추천 및 학습 분석 솔루션 △인공지능 디자이너/개발자 △메타버스 △RPA 개발 등이 있다.",
        "sentenceSize": 117
      },
      {
        "sentenceNo": 8,
        "sentenceContent": "또한 인공지능교육연구소의 연구개발 결과물은 향후 특허 출원을 계획하고 있다.",
        "sentenceSize": 42
      },
      {
        "sentenceNo": 9,
        "sentenceContent": "한편 휴넷의 연간 학습자 수는 2020년 연결 기준 660만명을 기록하며, 2019년 372만명 대비 약 2배 가까이 늘었다.",
        "sentenceSize": 70
      },
      {
        "sentenceNo": 10,
        "sentenceContent": "휴넷 관계자는 미디어SR에 \\\"코로나 19 확산 이후 비대면 자기계발 콘텐츠 수요가 늘어나는 가운데, 다양한 에듀테크 솔루션을 준비했던 것이 성장의 발판이 됐다\\\"고 설명했다.",
        "sentenceSize": 98
      },
      {
        "sentenceNo": 11,
        "sentenceContent": "조영탁 휴넷 대표는 \\\"인공지능교육연구소가 휴넷이 한 단계 진화된 에듀테크 전문기업으로 도약할 수 있는 구심점이 될 것으로 기대하고 있다\\\"며 \\\"교육 선도기업으로서 인공지능 기술을 통해 교육의 질을 높이고, 학습자의 교육 효과를 극대화할 수 있도록 연구개발에 매진하겠다\\\"고 다짐했다.",
        "sentenceSize": 160
      }
    ]
  },
  "labeledDataInfo": {
    "newTitle": "휴넷, 인공지능교육연구소 설립 인가... 연구 분야는?",
    "clickbaitClass": 0,
    "referSentenceInfo": [
      {
        "sentenceNo": 1,
        "referSentenceyn": "N"
      },
      {
        "sentenceNo": 2,
        "referSentenceyn": "N"
      },
      {
        "sentenceNo": 3,
        "referSentenceyn": "N"
      },
      {
        "sentenceNo": 4,
        "referSentenceyn": "N"
      },
      {
        "sentenceNo": 5,
        "referSentenceyn": "N"
      },
      {
        "sentenceNo": 6,
        "referSentenceyn": "Y"
      },
      {
        "sentenceNo": 7,
        "referSentenceyn": "N"
      },
      {
        "sentenceNo": 8,
        "referSentenceyn": "N"
      },
      {
        "sentenceNo": 9,
        "referSentenceyn": "N"
      },
      {
        "sentenceNo": 10,
        "referSentenceyn": "N"
      },
      {
        "sentenceNo": 11,
        "referSentenceyn": "N"
      }
    ]
  }
}