{
  "sourceDataInfo": {
    "newsID": "EC_M02_160637",
    "newsCategory": "경제",
    "newsSubcategory": "은행",
    "newsTitle": "금융위, 소매금융 접는 씨티은행에 '사업 철수 상세계획' 요구",
    "newsSubTitle": "금소법 시행 이후 첫 '조치명령권' 발동 소비자 권익 보호 및 불편 최소화 의도",
    "newsContent": "금융위원회가 한국씨티은행의 소비자금융(이하 소매금융) 사업 폐지와 관련해 조치명령권을 발동했다.\n사업 철수 과정에서 금융소비자 불편 및 불이익이 발생할 수 있다는 이유에서다.\n이번 조치명령권 발동은 지난 3월 금융소비자보호법(이하 금소법) 시행 이후 첫 사례다.\n금융위원회는 27일 정부 서울청사에서 전체회의를 열고 소매금융 사업 철수를 발표한 한국씨티은행에 조치명령권을 발동한다고 밝혔다.\n조치명령권이란 금소법 규정에 따라 금융소비자의 권익 보호와 건전한 거래질서 유지를 위해 필요하다고 인정되는 경우, 금융위가 은행 등 금융사에 필요한 조치를 명령할 수 있는 권한을 의미한다.\n이날 금융위 관계자는 \\\"씨티은행의 소매금융 폐지 과정에서 소비자 불편 및 권익 축소 등이 발생할 가능성이 높다고 판단해 조치명령권을 발동한다\\\"고 해당 조치의 배경을 설명했다.\n이에 따라 씨티은행은 고객 불편 최소화, 소비자 권익 보호 및 건전한 거래 질서 유지를 위한 상세 계획을 마련해야 한다.\n또 사업 철수 절차를 밟기 전 이용자 보호 기본 원칙 상품 ‧서비스별 이용자 보호방안 영업채널 운영 계획 개인정보 유출 방지 계획 조직 및 인력‧내부통제안 등을 정리해 금융감독원장에게 제출하라고 통보했다.\n향후 금감원은 한국씨티은행으로부터 받은 계획안을 점검해 금융위에 보고하게 된다.\n또 명시된 계획을 제대로 이행하고 있는지에 대한 여부도 모니터링 할 방침이다.\n한편, 이날 금융위는 그동안 씨티은행 노조가 문제삼아 온 소매금융 폐지의 '인가 여부'에 대해 은행법 상 인가 대상이 아니라고 판단했다.\n그동안 씨티은행 노조는 소매금융 폐지는 금융위의 인가 사안으로, 금융위가 나서 폐지를 막아야 한다고 주장해온 바 있다.\n금융위 관계자는 데일리임팩트에 \\\"씨티은행이 기업고객에 대한 영업은 그대로 유지하기 때문에 영업대상 축소에 해당하며, 이는 은행법 상 명시된 '은행의 폐업'으로 볼 수 없다\\\"며 \\\"관련 해석을 내린 자문단과 심의위원 모두 인가 대상으로 보기 어렵다고 판단했다\\\"고 설명했다.",
    "partNum": "P1",
    "useType": 0,
    "processType": "D",
    "processPattern": "15",
    "processLevel": "중",
    "sentenceCount": 13,
    "sentenceInfo": [
      {
        "sentenceNo": 1,
        "sentenceContent": "금융위원회가 한국씨티은행의 소비자금융(이하 소매금융) 사업 폐지와 관련해 조치명령권을 발동했다.",
        "sentenceSize": 53
      },
      {
        "sentenceNo": 2,
        "sentenceContent": "사업 철수 과정에서 금융소비자 불편 및 불이익이 발생할 수 있다는 이유에서다.",
        "sentenceSize": 43
      },
      {
        "sentenceNo": 3,
        "sentenceContent": "이번 조치명령권 발동은 지난 3월 금융소비자보호법(이하 금소법) 시행 이후 첫 사례다.",
        "sentenceSize": 48
      },
      {
        "sentenceNo": 4,
        "sentenceContent": "금융위원회는 27일 정부 서울청사에서 전체회의를 열고 소매금융 사업 철수를 발표한 한국씨티은행에 조치명령권을 발동한다고 밝혔다.",
        "sentenceSize": 71
      },
      {
        "sentenceNo": 5,
        "sentenceContent": "조치명령권이란 금소법 규정에 따라 금융소비자의 권익 보호와 건전한 거래질서 유지를 위해 필요하다고 인정되는 경우, 금융위가 은행 등 금융사에 필요한 조치를 명령할 수 있는 권한을 의미한다.",
        "sentenceSize": 105
      },
      {
        "sentenceNo": 6,
        "sentenceContent": "이날 금융위 관계자는 \\\"씨티은행의 소매금융 폐지 과정에서 소비자 불편 및 권익 축소 등이 발생할 가능성이 높다고 판단해 조치명령권을 발동한다\\\"고 해당 조치의 배경을 설명했다.",
        "sentenceSize": 99
      },
      {
        "sentenceNo": 7,
        "sentenceContent": "이에 따라 씨티은행은 고객 불편 최소화, 소비자 권익 보호 및 건전한 거래 질서 유지를 위한 상세 계획을 마련해야 한다.",
        "sentenceSize": 67
      },
      {
        "sentenceNo": 8,
        "sentenceContent": "또 사업 철수 절차를 밟기 전 이용자 보호 기본 원칙 상품 ‧서비스별 이용자 보호방안 영업채널 운영 계획 개인정보 유출 방지 계획 조직 및 인력‧내부통제안 등을 정리해 금융감독원장에게 제출하라고 통보했다.",
        "sentenceSize": 114
      },
      {
        "sentenceNo": 9,
        "sentenceContent": "향후 금감원은 한국씨티은행으로부터 받은 계획안을 점검해 금융위에 보고하게 된다.",
        "sentenceSize": 44
      },
      {
        "sentenceNo": 10,
        "sentenceContent": "또 명시된 계획을 제대로 이행하고 있는지에 대한 여부도 모니터링 할 방침이다.",
        "sentenceSize": 43
      },
      {
        "sentenceNo": 11,
        "sentenceContent": "한편, 이날 금융위는 그동안 씨티은행 노조가 문제삼아 온 소매금융 폐지의 '인가 여부'에 대해 은행법 상 인가 대상이 아니라고 판단했다.",
        "sentenceSize": 76
      },
      {
        "sentenceNo": 12,
        "sentenceContent": "그동안 씨티은행 노조는 소매금융 폐지는 금융위의 인가 사안으로, 금융위가 나서 폐지를 막아야 한다고 주장해온 바 있다.",
        "sentenceSize": 66
      },
      {
        "sentenceNo": 13,
        "sentenceContent": "금융위 관계자는 데일리임팩트에 \\\"씨티은행이 기업고객에 대한 영업은 그대로 유지하기 때문에 영업대상 축소에 해당하며, 이는 은행법 상 명시된 '은행의 폐업'으로 볼 수 없다\\\"며 \\\"관련 해석을 내린 자문단과 심의위원 모두 인가 대상으로 보기 어렵다고 판단했다\\\"고 설명했다.",
        "sentenceSize": 154
      }
    ]
  },
  "labeledDataInfo": {
    "newTitle": "금융위원회, 씨티은행 소비자금융사업 폐지 명령... 금융소비자 불편 '제로' 된다",
    "clickbaitClass": 0,
    "referSentenceInfo": [
      {
        "sentenceNo": 1,
        "referSentenceyn": "Y"
      },
      {
        "sentenceNo": 2,
        "referSentenceyn": "Y"
      },
      {
        "sentenceNo": 3,
        "referSentenceyn": "N"
      },
      {
        "sentenceNo": 4,
        "referSentenceyn": "N"
      },
      {
        "sentenceNo": 5,
        "referSentenceyn": "N"
      },
      {
        "sentenceNo": 6,
        "referSentenceyn": "N"
      },
      {
        "sentenceNo": 7,
        "referSentenceyn": "N"
      },
      {
        "sentenceNo": 8,
        "referSentenceyn": "N"
      },
      {
        "sentenceNo": 9,
        "referSentenceyn": "N"
      },
      {
        "sentenceNo": 10,
        "referSentenceyn": "N"
      },
      {
        "sentenceNo": 11,
        "referSentenceyn": "N"
      },
      {
        "sentenceNo": 12,
        "referSentenceyn": "N"
      },
      {
        "sentenceNo": 13,
        "referSentenceyn": "N"
      }
    ]
  }
}