{
  "sourceDataInfo": {
    "newsID": "EC_M02_158066",
    "newsCategory": "경제",
    "newsSubcategory": "유통",
    "newsTitle": "메쉬코리아 부릉, 올리버스윗과 손잡고 퀵커머스 상품군 직접 소싱",
    "newsSubTitle": "상품군 다양화 위한 업무협약 체결",
    "newsContent": "IT 기반 종합 유통물류 브랜드 부릉(VROONG)을 운영하는 메쉬코리아(총괄대표 유정범)는 6일 디저트 전문업체이자 F&B 브랜드 컨설팅 전문기업 올리버스윗(대표 김윤희)과 퀵커머스 상품군 다양화를 위한 업무협약을 체결했다.\n양사는 자체 보유한 유통물류 전문성과 분야별 네트워크를 내세워 차별화된 상품군과 서비스를 다양한 커머스 플랫폼을 통해 소비자에게 선보일 예정이다.\n올리버스윗은 2007년 서래마을의 디저트 숍을 성공적으로 운영한 이후 현재 B2C와 B2B 시장의 F&B 브랜드의 컨설팅 분야에도 진출했다.\n특히 미쉐린가이드 유명 셰프들과 다양한 레스토랑 상품을 지속적으로 출시 중이다.\n메쉬코리아는 냉장냉동 식품 보관이 가능한 풀콜드체인 시스템을 갖춘 도심형물류거점(MFC)을 세 곳 구축한 데 이어 올해도 인프라 증설을 적극 추진한다.\n또한 2륜 및 4륜차 배송을 결합한 통합 배송체계를 강화하고 자율주행 로봇을 픽업과 배송이 어려운 곳에 투입하게 된다.\n메쉬코리아 관계자는 데일리임팩트에 \\\"퀵커머스 시장이 확산되며 소비자들의 선택폭이 넓어진 만큼 시장의 주도권을 위해 차별화된 상품군을 올리버스윗과 함께 선보일 예정\\\"이라고 밝혔다.",
    "partNum": "P1",
    "useType": 0,
    "processType": "D",
    "processPattern": "11",
    "processLevel": "하",
    "sentenceCount": 7,
    "sentenceInfo": [
      {
        "sentenceNo": 1,
        "sentenceContent": "IT 기반 종합 유통물류 브랜드 부릉(VROONG)을 운영하는 메쉬코리아(총괄대표 유정범)는 6일 디저트 전문업체이자 F&B 브랜드 컨설팅 전문기업 올리버스윗(대표 김윤희)과 퀵커머스 상품군 다양화를 위한 업무협약을 체결했다.",
        "sentenceSize": 126
      },
      {
        "sentenceNo": 2,
        "sentenceContent": "양사는 자체 보유한 유통물류 전문성과 분야별 네트워크를 내세워 차별화된 상품군과 서비스를 다양한 커머스 플랫폼을 통해 소비자에게 선보일 예정이다.",
        "sentenceSize": 81
      },
      {
        "sentenceNo": 3,
        "sentenceContent": "올리버스윗은 2007년 서래마을의 디저트 숍을 성공적으로 운영한 이후 현재 B2C와 B2B 시장의 F&B 브랜드의 컨설팅 분야에도 진출했다.",
        "sentenceSize": 78
      },
      {
        "sentenceNo": 4,
        "sentenceContent": "특히 미쉐린가이드 유명 셰프들과 다양한 레스토랑 상품을 지속적으로 출시 중이다.",
        "sentenceSize": 44
      },
      {
        "sentenceNo": 5,
        "sentenceContent": "메쉬코리아는 냉장냉동 식품 보관이 가능한 풀콜드체인 시스템을 갖춘 도심형물류거점(MFC)을 세 곳 구축한 데 이어 올해도 인프라 증설을 적극 추진한다.",
        "sentenceSize": 84
      },
      {
        "sentenceNo": 6,
        "sentenceContent": "또한 2륜 및 4륜차 배송을 결합한 통합 배송체계를 강화하고 자율주행 로봇을 픽업과 배송이 어려운 곳에 투입하게 된다.",
        "sentenceSize": 66
      },
      {
        "sentenceNo": 7,
        "sentenceContent": "메쉬코리아 관계자는 데일리임팩트에 \\\"퀵커머스 시장이 확산되며 소비자들의 선택폭이 넓어진 만큼 시장의 주도권을 위해 차별화된 상품군을 올리버스윗과 함께 선보일 예정\\\"이라고 밝혔다.",
        "sentenceSize": 101
      }
    ]
  },
  "labeledDataInfo": {
    "newTitle": "메쉬코리아, 업무협약 체결은 무엇을 위한 것인가?!",
    "clickbaitClass": 0,
    "referSentenceInfo": [
      {
        "sentenceNo": 1,
        "referSentenceyn": "Y"
      },
      {
        "sentenceNo": 2,
        "referSentenceyn": "N"
      },
      {
        "sentenceNo": 3,
        "referSentenceyn": "N"
      },
      {
        "sentenceNo": 4,
        "referSentenceyn": "N"
      },
      {
        "sentenceNo": 5,
        "referSentenceyn": "N"
      },
      {
        "sentenceNo": 6,
        "referSentenceyn": "N"
      },
      {
        "sentenceNo": 7,
        "referSentenceyn": "N"
      }
    ]
  }
}