{
  "sourceDataInfo": {
    "newsID": "EC_M02_156019",
    "newsCategory": "경제",
    "newsSubcategory": "IT·통신",
    "newsTitle": "SK ICT 패밀리 기술 공유행사 '데보션 테크데이' 개최",
    "newsSubTitle": "자체 개발 컨테이너 기술 시연 및 상용화 사례 소개 \\\"‘데보션’ 중심으로 개발 생태계 발전 위해 노력할 것\\\"",
    "newsContent": "SK텔레콤은 27일 정보통신기술(ICT) 역량을 스타트업, 대학 등 외부 개발자들과 나누는 기술 공유 행사 '데보션 테크데이'를 오는 29일 개최한다고 밝혔다.\n데보션은 '개발자들을 위한 영감의 바다'라는 뜻으로, 지난해 6월 SK텔레콤이 SK하이닉스, SK(주)C&C, SK브로드밴드, SK플래닛 등 SK ICT 패밀리 소속 개발 전문가들과 외부 개발 인재 간의 소통을 위해 만든 개발자 커뮤니티다.\nSK텔레콤 관계자는 데일리임팩트에 \\\"데보션은 기존에도 SK ICT 패밀리의 개발자들과, 외부 개발 업계인들의 정보·기술 공유를 위해 운영돼 왔다\\\"라며 \\\"데보션 테크데이는 SK에서 개발한 기술과 솔루션을 외부 개발자들에게 보다 효과적으로 소개할 수 있는 자리의 필요성을 느껴 이번에 새롭게 진행하게 됐다\\\"라고 말했다.\n이어 \\\"이번에 열리는 1회 데보션 테크데이를 시작으로, 앞으로 매 분기마다 행사를 진행해 최신 기술과 솔루션을 업계와 공유한다는 구상\\\"이라고 밝혔다.\n데보션 테크데이는 오는 29일 오후 1시 30분부터 5시 50분까지 진행된다.\n참석을 원하는 사람은 누구나 데보션에 방문해 접속 URL을 확인할 수 있다.\n이번 데보션 테크데이에서는 쿠버네티스 기반의 컨테이너 기술을 시연하고, 상용화 사례를 소개한다.\n컨테이너 기술은 앱, 서비스 등 소프트웨어를 가상화하는 기술이다.\n컨테이너 기술을 통해 소프트웨어를 가상화하면 앱, 서비스 등 출시와 수정에 소요되는 시간이 대폭 줄어들어 업계의 큰 관심을 받고 있다.\n또한 클라우드 이동이 용이하기 때문에 특정 클라우드에 종속되지 않고 서비스를 제공할 수 있는 것도 장점이다.\nSK텔레콤은 쿠버네티스라는 플랫폼 기반의 컨테이너 기술을 선보인다.\n쿠버네티스 플랫폼을 활용하면 서비스나 앱을 업데이트하거나 점검할 때, 서비스 제공을 중단하지 않아도 되기 때문에 고객의 편의성을 높일 수 있다.\nSK텔레콤은 데보션 테크데이에서 자체 개발한 컨테이너 기술을 방송, 금융권 등에 성공적으로 상용화한 사례를 공유한다는 방침이다.\n실제로 SK브로드밴드는 컨테이너 기술을 도입해 시스템 총소유비용(TCO)을 50% 이상 줄이고 개발 및 운영 생산성을 30% 이상 향상시켰다.\n허준 SK텔레콤 탤런트 담당은 \\\"최근 큰 관심을 받고 있는 컨테이너 기술을 공유하기 위해 데보션 테크데이를 준비했다\\\"며 \\\"SK텔레콤을 포함한 SK ICT 패밀리는 데보션을 중심으로 외부 개발자들과 소통하며 개발자 생태계의 발전을 위해 지속 노력할 것\\\"이라고 밝혔다.",
    "partNum": "P1",
    "useType": 0,
    "processType": "D",
    "processPattern": "16",
    "processLevel": "상",
    "sentenceCount": 15,
    "sentenceInfo": [
      {
        "sentenceNo": 1,
        "sentenceContent": "SK텔레콤은 27일 정보통신기술(ICT) 역량을 스타트업, 대학 등 외부 개발자들과 나누는 기술 공유 행사 '데보션 테크데이'를 오는 29일 개최한다고 밝혔다.",
        "sentenceSize": 89
      },
      {
        "sentenceNo": 2,
        "sentenceContent": "데보션은 '개발자들을 위한 영감의 바다'라는 뜻으로, 지난해 6월 SK텔레콤이 SK하이닉스, SK(주)C&C, SK브로드밴드, SK플래닛 등 SK ICT 패밀리 소속 개발 전문가들과 외부 개발 인재 간의 소통을 위해 만든 개발자 커뮤니티다.",
        "sentenceSize": 134
      },
      {
        "sentenceNo": 3,
        "sentenceContent": "SK텔레콤 관계자는 데일리임팩트에 \\\"데보션은 기존에도 SK ICT 패밀리의 개발자들과, 외부 개발 업계인들의 정보·기술 공유를 위해 운영돼 왔다\\\"라며 \\\"데보션 테크데이는 SK에서 개발한 기술과 솔루션을 외부 개발자들에게 보다 효과적으로 소개할 수 있는 자리의 필요성을 느껴 이번에 새롭게 진행하게 됐다\\\"라고 말했다.",
        "sentenceSize": 180
      },
      {
        "sentenceNo": 4,
        "sentenceContent": "이어 \\\"이번에 열리는 1회 데보션 테크데이를 시작으로, 앞으로 매 분기마다 행사를 진행해 최신 기술과 솔루션을 업계와 공유한다는 구상\\\"이라고 밝혔다.",
        "sentenceSize": 85
      },
      {
        "sentenceNo": 5,
        "sentenceContent": "데보션 테크데이는 오는 29일 오후 1시 30분부터 5시 50분까지 진행된다.",
        "sentenceSize": 43
      },
      {
        "sentenceNo": 6,
        "sentenceContent": "참석을 원하는 사람은 누구나 데보션에 방문해 접속 URL을 확인할 수 있다.",
        "sentenceSize": 42
      },
      {
        "sentenceNo": 7,
        "sentenceContent": "이번 데보션 테크데이에서는 쿠버네티스 기반의 컨테이너 기술을 시연하고, 상용화 사례를 소개한다.",
        "sentenceSize": 53
      },
      {
        "sentenceNo": 8,
        "sentenceContent": "컨테이너 기술은 앱, 서비스 등 소프트웨어를 가상화하는 기술이다.",
        "sentenceSize": 36
      },
      {
        "sentenceNo": 9,
        "sentenceContent": "컨테이너 기술을 통해 소프트웨어를 가상화하면 앱, 서비스 등 출시와 수정에 소요되는 시간이 대폭 줄어들어 업계의 큰 관심을 받고 있다.",
        "sentenceSize": 75
      },
      {
        "sentenceNo": 10,
        "sentenceContent": "또한 클라우드 이동이 용이하기 때문에 특정 클라우드에 종속되지 않고 서비스를 제공할 수 있는 것도 장점이다.",
        "sentenceSize": 60
      },
      {
        "sentenceNo": 11,
        "sentenceContent": "SK텔레콤은 쿠버네티스라는 플랫폼 기반의 컨테이너 기술을 선보인다.",
        "sentenceSize": 37
      },
      {
        "sentenceNo": 12,
        "sentenceContent": "쿠버네티스 플랫폼을 활용하면 서비스나 앱을 업데이트하거나 점검할 때, 서비스 제공을 중단하지 않아도 되기 때문에 고객의 편의성을 높일 수 있다.",
        "sentenceSize": 80
      },
      {
        "sentenceNo": 13,
        "sentenceContent": "SK텔레콤은 데보션 테크데이에서 자체 개발한 컨테이너 기술을 방송, 금융권 등에 성공적으로 상용화한 사례를 공유한다는 방침이다.",
        "sentenceSize": 71
      },
      {
        "sentenceNo": 14,
        "sentenceContent": "실제로 SK브로드밴드는 컨테이너 기술을 도입해 시스템 총소유비용(TCO)을 50% 이상 줄이고 개발 및 운영 생산성을 30% 이상 향상시켰다.",
        "sentenceSize": 79
      },
      {
        "sentenceNo": 15,
        "sentenceContent": "허준 SK텔레콤 탤런트 담당은 \\\"최근 큰 관심을 받고 있는 컨테이너 기술을 공유하기 위해 데보션 테크데이를 준비했다\\\"며 \\\"SK텔레콤을 포함한 SK ICT 패밀리는 데보션을 중심으로 외부 개발자들과 소통하며 개발자 생태계의 발전을 위해 지속 노력할 것\\\"이라고 밝혔다.",
        "sentenceSize": 152
      }
    ]
  },
  "labeledDataInfo": {
    "newTitle": "SK ICT, '데보션 테크데이' 통해 드디어 공개?",
    "clickbaitClass": 0,
    "referSentenceInfo": [
      {
        "sentenceNo": 1,
        "referSentenceyn": "N"
      },
      {
        "sentenceNo": 2,
        "referSentenceyn": "Y"
      },
      {
        "sentenceNo": 3,
        "referSentenceyn": "N"
      },
      {
        "sentenceNo": 4,
        "referSentenceyn": "N"
      },
      {
        "sentenceNo": 5,
        "referSentenceyn": "N"
      },
      {
        "sentenceNo": 6,
        "referSentenceyn": "N"
      },
      {
        "sentenceNo": 7,
        "referSentenceyn": "N"
      },
      {
        "sentenceNo": 8,
        "referSentenceyn": "N"
      },
      {
        "sentenceNo": 9,
        "referSentenceyn": "N"
      },
      {
        "sentenceNo": 10,
        "referSentenceyn": "N"
      },
      {
        "sentenceNo": 11,
        "referSentenceyn": "N"
      },
      {
        "sentenceNo": 12,
        "referSentenceyn": "N"
      },
      {
        "sentenceNo": 13,
        "referSentenceyn": "N"
      },
      {
        "sentenceNo": 14,
        "referSentenceyn": "N"
      },
      {
        "sentenceNo": 15,
        "referSentenceyn": "N"
      }
    ]
  }
}