{
  "sourceDataInfo": {
    "newsID": "EC_M02_158252",
    "newsCategory": "경제",
    "newsSubcategory": "건설부동산",
    "newsTitle": "인천 남동구 신규아파트 공급 부족·…희소가치 커지나",
    "newsSubTitle": "“2026년까지 공급부족 이어질 듯” ‘한화 포레나 인천구월’ 등 브랜드 단지 주목",
    "newsContent": "대규모 신규아파트 입주물량이 예정된 인천시에서 남동구가 유독 공급부족으로 전망돼 눈길을 끌고 있다.\n28일 부동산114에 따르면 최근 5년간 인천에는 아파트 15만1121 가구가 분양되면서 오는 2023년까지 수요에 비해 최대 3만여 가구의 공급초과가 예상된다.\n이는 오는 2026년까지 이어질 전망이다.\n지역별로는 인천 서구에서 최근 5년간 5만7700여 가구의 아파트가 분양된 것을 비롯해 부평구(2만5689가구), 미추홀구(2만3537가구), 연수구(1만4769가구) 순으로 나타났다.\n서울 및 경기도의 인접 수요를 겨냥해 인천에서 아파트 신규공급은 서구와 부평구에 집중됐다는 분석이다.\n반면 남동구에서는 최근 5년간 신규 아파트 공급은 3635가구에 불과해 인천 전체 분양물량의 2.4%에 그쳐 2026년까지 입주물량도 수요에 크게 못 미치는 것으로 나타났다.\n남동구 원도심에서 추진되는 재개발 사업이 제 때 신규 분양으로 이어지지 못하면서 물량부족 양상을 보이고 있다는 게 현지 부동산 중개업소들의 설명이다.\n공급부족 양상을 보이면서 남동구의 신규 분양아파트에 미래가치를 기대하는 젊은층 수요가 몰리고 있다는 평가다.\n한화건설이 남동구 구월동에서 분양 중인 '한화 포레나 인천구월'은 특별공급 접수결과 생애 최초 43가구 모집에 791명이 몰려 18.39대1의 경쟁률을 보였다.\n앞서 지난 5월 남동구 간석동에서 공급된 '인천시청역 한신더휴'도 한 달 만에 완판됐다.\n분양 관계자는 데일리임팩트에 \\\"인천에서 사업체와 종사자수가 가장 많은 곳이 남동구인데 반해 그동안 신규 아파트 공급이 부족해 수요는 많은 편\\\"이라며 \\\"수요공급 원칙에 따라 미래가치 상승을 기대해 볼 만하다\\\"라고 말했다.",
    "partNum": "P1",
    "useType": 0,
    "processType": "D",
    "processPattern": "11",
    "processLevel": "하",
    "sentenceCount": 11,
    "sentenceInfo": [
      {
        "sentenceNo": 1,
        "sentenceContent": "대규모 신규아파트 입주물량이 예정된 인천시에서 남동구가 유독 공급부족으로 전망돼 눈길을 끌고 있다.",
        "sentenceSize": 55
      },
      {
        "sentenceNo": 2,
        "sentenceContent": "28일 부동산114에 따르면 최근 5년간 인천에는 아파트 15만1121 가구가 분양되면서 오는 2023년까지 수요에 비해 최대 3만여 가구의 공급초과가 예상된다.",
        "sentenceSize": 90
      },
      {
        "sentenceNo": 3,
        "sentenceContent": "이는 오는 2026년까지 이어질 전망이다.",
        "sentenceSize": 23
      },
      {
        "sentenceNo": 4,
        "sentenceContent": "지역별로는 인천 서구에서 최근 5년간 5만7700여 가구의 아파트가 분양된 것을 비롯해 부평구(2만5689가구), 미추홀구(2만3537가구), 연수구(1만4769가구) 순으로 나타났다.",
        "sentenceSize": 103
      },
      {
        "sentenceNo": 5,
        "sentenceContent": "서울 및 경기도의 인접 수요를 겨냥해 인천에서 아파트 신규공급은 서구와 부평구에 집중됐다는 분석이다.",
        "sentenceSize": 56
      },
      {
        "sentenceNo": 6,
        "sentenceContent": "반면 남동구에서는 최근 5년간 신규 아파트 공급은 3635가구에 불과해 인천 전체 분양물량의 2.4%에 그쳐 2026년까지 입주물량도 수요에 크게 못 미치는 것으로 나타났다.",
        "sentenceSize": 97
      },
      {
        "sentenceNo": 7,
        "sentenceContent": "남동구 원도심에서 추진되는 재개발 사업이 제 때 신규 분양으로 이어지지 못하면서 물량부족 양상을 보이고 있다는 게 현지 부동산 중개업소들의 설명이다.",
        "sentenceSize": 83
      },
      {
        "sentenceNo": 8,
        "sentenceContent": "공급부족 양상을 보이면서 남동구의 신규 분양아파트에 미래가치를 기대하는 젊은층 수요가 몰리고 있다는 평가다.",
        "sentenceSize": 60
      },
      {
        "sentenceNo": 9,
        "sentenceContent": "한화건설이 남동구 구월동에서 분양 중인 '한화 포레나 인천구월'은 특별공급 접수결과 생애 최초 43가구 모집에 791명이 몰려 18.39대1의 경쟁률을 보였다.",
        "sentenceSize": 89
      },
      {
        "sentenceNo": 10,
        "sentenceContent": "앞서 지난 5월 남동구 간석동에서 공급된 '인천시청역 한신더휴'도 한 달 만에 완판됐다.",
        "sentenceSize": 49
      },
      {
        "sentenceNo": 11,
        "sentenceContent": "분양 관계자는 데일리임팩트에 \\\"인천에서 사업체와 종사자수가 가장 많은 곳이 남동구인데 반해 그동안 신규 아파트 공급이 부족해 수요는 많은 편\\\"이라며 \\\"수요공급 원칙에 따라 미래가치 상승을 기대해 볼 만하다\\\"라고 말했다.",
        "sentenceSize": 126
      }
    ]
  },
  "labeledDataInfo": {
    "newTitle": "2026년까지 이어지는 인천 아파트의 공급 초과 현상, 남동구만은 예외?",
    "clickbaitClass": 0,
    "referSentenceInfo": [
      {
        "sentenceNo": 1,
        "referSentenceyn": "N"
      },
      {
        "sentenceNo": 2,
        "referSentenceyn": "N"
      },
      {
        "sentenceNo": 3,
        "referSentenceyn": "N"
      },
      {
        "sentenceNo": 4,
        "referSentenceyn": "N"
      },
      {
        "sentenceNo": 5,
        "referSentenceyn": "N"
      },
      {
        "sentenceNo": 6,
        "referSentenceyn": "N"
      },
      {
        "sentenceNo": 7,
        "referSentenceyn": "Y"
      },
      {
        "sentenceNo": 8,
        "referSentenceyn": "N"
      },
      {
        "sentenceNo": 9,
        "referSentenceyn": "N"
      },
      {
        "sentenceNo": 10,
        "referSentenceyn": "N"
      },
      {
        "sentenceNo": 11,
        "referSentenceyn": "N"
      }
    ]
  }
}