{
  "sourceDataInfo": {
    "newsID": "EC_M02_156445",
    "newsCategory": "경제",
    "newsSubcategory": "산업",
    "newsTitle": "'코로나19' 바이러스, 28일 생존…센트온 \\\"자주 소독하고 닦아야\\\"",
    "newsSubTitle": "유정연 센트온 대표 \\\"생활방역에 더욱 신경써야 우리의 생활전선이 안전해져\\\"",
    "newsContent": "최근 코로나19(신종 코로나바이러스 감염증) 일일 확진자 폭증으로 인해 개인위생에 대한 수요가 다시 급증하고 있다.\n잠재적인 감염 위험요인을 감소시키기 위해 실내 공간을 주기적으로 충분히 환기하고 자주 사용하는 생활용품에 대한 철저한 소독이 그 어느때보다 절실한 시점이다.\n프리미엄 향기마케팅 전문기업 센트온(ScentOn · 대표 유정연)의 조원옥 기술연구소장은 23일 \\\"유리, 지폐, 노트북과 같이 자주 접하는 물체를 만진 후엔 손을 잘 씻고 물체의 표면을 정기적으로 소독해야 한다\\\"며 \\\"특히 휴대폰 액정은 상대적으로 소수성이 강해 표면에 떨어진 침방울이 더 빨리 마르기 때문에, 더 자주 소독하고 닦아주는 것이 바람직하다\\\"고 강조했다.\n이와관련, 센트온 유정연 대표는 미디어SR에 \\\"센트온은 향기 마케팅 기업을 뛰어넘어 우리 삶의 중요한 동반자\\\"라며 \\\"익숙한 생활속에서 소홀하기 쉬운 생활 방역에 더욱 신경을 써야 우리의 '생활전선'이 안전해질 수 있다\\\"고 강조했다.\n한편 호주연방과학산업연구기구(CSIRO) 소속 호주질병대비센터(ACDP) 연구팀은 최근 코로나19 바이러스(SARS-CoV-2)가 물체의 표면에서 살아있는 기간을 연구해 '미생물학회지'에 발표한 바 있다.\n호주질병대비센터(ACDP) 연구팀에 따르면 20도 상온에서 스테인리스, 폴리머 노트, 지폐, 유리, 비닐 등 10여가지 서로 다른 표면에 코로나19 바이러스를 노출시킨 결과, 휴대전화 액정, 지폐 등에서 바이러스가 최장 28일간 살아남았다.\n매끄러운 표면이 코로나19 전파의 중요한 매개체가 될 수 있다는 설명이다.\n센트온이 출시한 살균소독제 '호클러'의 주성분은 차아염소산(HOCl)이다.\n인체 면역 시스템(백혈구)이 만들어내는 살균 성분으로, 같은 농도의 락스에 비해 강한 살균력을 갖고 있고, 전염성이 강한 각종 세균 및 바이러스 등에 대해서 높은 살균력을 보유하고 있다.\n호클러는 무알콜 제품이기 때문에, 세균 및 바이러스가 묻어 있는 핸드폰 액정, 키보드 등 전자제품과 침구, 식탁, 소파 등 다양한 생활용품에서 사용할 수 있다.\n매장, 병원, 빌딩, 사무실 등의 바닥이나 손잡이, 엘리베이터 버튼, 내부 벽 등을 간편하게 살균 소독을 할 수 있다.\n특히 과일, 야채는 물론 싱크대, 행주 등에서 사용할 수 있는 식품첨가물로도 함께 승인받은 제품이기 때문에 활용도가 높은 제품이다.\n센트온 관계자는 이날 미디어SR에 \\\"생활용품을 포함해 옷과 같은 천에도 바이러스가 묻으면 2~3시간 정도 생존이 가능한 것으로 알려져 있다\\\"며 \\\"외출 후 돌아오면 외투에도 호클러와 같은 항균 기능이 있는 제품을 뿌려주는게 좋다\\\"고 설명했다.",
    "partNum": "P1",
    "useType": 0,
    "processType": "D",
    "processPattern": "14",
    "processLevel": "중",
    "sentenceCount": 13,
    "sentenceInfo": [
      {
        "sentenceNo": 1,
        "sentenceContent": "최근 코로나19(신종 코로나바이러스 감염증) 일일 확진자 폭증으로 인해 개인위생에 대한 수요가 다시 급증하고 있다.",
        "sentenceSize": 64
      },
      {
        "sentenceNo": 2,
        "sentenceContent": "잠재적인 감염 위험요인을 감소시키기 위해 실내 공간을 주기적으로 충분히 환기하고 자주 사용하는 생활용품에 대한 철저한 소독이 그 어느때보다 절실한 시점이다.",
        "sentenceSize": 87
      },
      {
        "sentenceNo": 3,
        "sentenceContent": "프리미엄 향기마케팅 전문기업 센트온(ScentOn · 대표 유정연)의 조원옥 기술연구소장은 23일 \\\"유리, 지폐, 노트북과 같이 자주 접하는 물체를 만진 후엔 손을 잘 씻고 물체의 표면을 정기적으로 소독해야 한다\\\"며 \\\"특히 휴대폰 액정은 상대적으로 소수성이 강해 표면에 떨어진 침방울이 더 빨리 마르기 때문에, 더 자주 소독하고 닦아주는 것이 바람직하다\\\"고 강조했다.",
        "sentenceSize": 209
      },
      {
        "sentenceNo": 4,
        "sentenceContent": "이와관련, 센트온 유정연 대표는 미디어SR에 \\\"센트온은 향기 마케팅 기업을 뛰어넘어 우리 삶의 중요한 동반자\\\"라며 \\\"익숙한 생활속에서 소홀하기 쉬운 생활 방역에 더욱 신경을 써야 우리의 '생활전선'이 안전해질 수 있다\\\"고 강조했다.",
        "sentenceSize": 133
      },
      {
        "sentenceNo": 5,
        "sentenceContent": "한편 호주연방과학산업연구기구(CSIRO) 소속 호주질병대비센터(ACDP) 연구팀은 최근 코로나19 바이러스(SARS-CoV-2)가 물체의 표면에서 살아있는 기간을 연구해 '미생물학회지'에 발표한 바 있다.",
        "sentenceSize": 114
      },
      {
        "sentenceNo": 6,
        "sentenceContent": "호주질병대비센터(ACDP) 연구팀에 따르면 20도 상온에서 스테인리스, 폴리머 노트, 지폐, 유리, 비닐 등 10여가지 서로 다른 표면에 코로나19 바이러스를 노출시킨 결과, 휴대전화 액정, 지폐 등에서 바이러스가 최장 28일간 살아남았다.",
        "sentenceSize": 134
      },
      {
        "sentenceNo": 7,
        "sentenceContent": "매끄러운 표면이 코로나19 전파의 중요한 매개체가 될 수 있다는 설명이다.",
        "sentenceSize": 41
      },
      {
        "sentenceNo": 8,
        "sentenceContent": "센트온이 출시한 살균소독제 '호클러'의 주성분은 차아염소산(HOCl)이다.",
        "sentenceSize": 41
      },
      {
        "sentenceNo": 9,
        "sentenceContent": "인체 면역 시스템(백혈구)이 만들어내는 살균 성분으로, 같은 농도의 락스에 비해 강한 살균력을 갖고 있고, 전염성이 강한 각종 세균 및 바이러스 등에 대해서 높은 살균력을 보유하고 있다.",
        "sentenceSize": 104
      },
      {
        "sentenceNo": 10,
        "sentenceContent": "호클러는 무알콜 제품이기 때문에, 세균 및 바이러스가 묻어 있는 핸드폰 액정, 키보드 등 전자제품과 침구, 식탁, 소파 등 다양한 생활용품에서 사용할 수 있다.",
        "sentenceSize": 89
      },
      {
        "sentenceNo": 11,
        "sentenceContent": "매장, 병원, 빌딩, 사무실 등의 바닥이나 손잡이, 엘리베이터 버튼, 내부 벽 등을 간편하게 살균 소독을 할 수 있다.",
        "sentenceSize": 66
      },
      {
        "sentenceNo": 12,
        "sentenceContent": "특히 과일, 야채는 물론 싱크대, 행주 등에서 사용할 수 있는 식품첨가물로도 함께 승인받은 제품이기 때문에 활용도가 높은 제품이다.",
        "sentenceSize": 73
      },
      {
        "sentenceNo": 13,
        "sentenceContent": "센트온 관계자는 이날 미디어SR에 \\\"생활용품을 포함해 옷과 같은 천에도 바이러스가 묻으면 2~3시간 정도 생존이 가능한 것으로 알려져 있다\\\"며 \\\"외출 후 돌아오면 외투에도 호클러와 같은 항균 기능이 있는 제품을 뿌려주는게 좋다\\\"고 설명했다.",
        "sentenceSize": 138
      }
    ]
  },
  "labeledDataInfo": {
    "newTitle": "휴대폰, 지폐에 코로나19 바이러스 28일 생존 '머선일'",
    "clickbaitClass": 0,
    "referSentenceInfo": [
      {
        "sentenceNo": 1,
        "referSentenceyn": "N"
      },
      {
        "sentenceNo": 2,
        "referSentenceyn": "N"
      },
      {
        "sentenceNo": 3,
        "referSentenceyn": "N"
      },
      {
        "sentenceNo": 4,
        "referSentenceyn": "N"
      },
      {
        "sentenceNo": 5,
        "referSentenceyn": "N"
      },
      {
        "sentenceNo": 6,
        "referSentenceyn": "Y"
      },
      {
        "sentenceNo": 7,
        "referSentenceyn": "N"
      },
      {
        "sentenceNo": 8,
        "referSentenceyn": "N"
      },
      {
        "sentenceNo": 9,
        "referSentenceyn": "N"
      },
      {
        "sentenceNo": 10,
        "referSentenceyn": "N"
      },
      {
        "sentenceNo": 11,
        "referSentenceyn": "N"
      },
      {
        "sentenceNo": 12,
        "referSentenceyn": "N"
      },
      {
        "sentenceNo": 13,
        "referSentenceyn": "N"
      }
    ]
  }
}